"X","LastName","FirstName","Country","Competition","Round","Location","VT","UB","BB","FX","V1","V2","V3","V4","event_country","is_US","home_country","is_domestic"
1,"ABDELSALAM","Jana","EGY","2022 51st FIG Artistic Gymnastics World Championships","qual","Liverpool, England",12.333,12.8,11,11.766,-0.769580322709602,0.48625010995975,-0.530357940692915,-0.331525761106597,"England",FALSE,"Egypt",FALSE
2,"ABDELSALAM","Jana","EGY","2022 Cairo World Cup","final","Cairo, Egypt",NA,10.866,NA,NA,NA,-0.716304995182596,NA,NA,"Egypt",FALSE,"Egypt",TRUE
3,"ABDELSALAM","Jana","EGY","2022 Cairo World Cup","qual","Cairo, Egypt",NA,11.233,10.766,NA,NA,-0.488105551755894,-0.702566403101151,NA,"Egypt",FALSE,"Egypt",TRUE
4,"ABDELSALAM","Jana","EGY","2022 Paris World Challenge Cup","qual","Paris, France",NA,12.2,NA,11,NA,0.113172000815278,NA,-1.03900121142444,"France",FALSE,"Egypt",FALSE
5,"ABDELSALAM","Jana","EGY","2023 52nd FIG Artistic Gymnastics World Championships","qual","Antwerp, Belgium",12.4,8.233,10.666,11.4,-0.685804367998308,-2.35349609747825,-0.776159763104671,-0.66956233397387,"Belgium",FALSE,"Egypt",FALSE
6,"ABDELSALAM","Jana","EGY","2023 Baku World Cup","qual","Baku, Azerbaijan",NA,NA,11.533,11.866,NA,NA,-0.138105331874155,-0.239166041743954,"Azerbaijan",FALSE,"Egypt",FALSE
7,"ABDELSALAM","Jana","EGY","2023 Cairo World Cup","final","Cairo, Egypt",NA,NA,11.366,NA,NA,NA,-0.261006243080033,NA,"Egypt",FALSE,"Egypt",TRUE
8,"ABDELSALAM","Jana","EGY","2023 Cairo World Cup","qual","Cairo, Egypt",NA,10.766,12.166,NA,NA,-0.778484680040007,0.327740636948126,NA,"Egypt",FALSE,"Egypt",TRUE
9,"ABDELSALAM","Jana","EGY","2023 Doha World Cup","final","Doha, Qatar",NA,NA,13,NA,NA,NA,0.941509259377481,NA,"Qatar",FALSE,"Egypt",FALSE
10,"ABDELSALAM","Jana","EGY","2023 Doha World Cup","qual","Doha, Qatar",NA,9.333,12.933,NA,NA,-1.66951956404672,0.892201708175122,NA,"Qatar",FALSE,"Egypt",FALSE
11,"ABDULLAHI","Ayesha","GBR","2022 British Gymnastics Championships","qual","Liverpool, England",NA,10.2,10.2,NA,NA,-1.13042169633296,-1.11910482072107,NA,"England",FALSE,"England",TRUE
12,"ABEYRATNE","Kumudi Imanya","SRI","BIRMINGHAM 2022 Commonwealth Games","qual","Birmingham, England",NA,5.5,9.1,7.35,NA,-4.05286688463131,-1.92863178075979,-4.41013096816091,"England",FALSE,"Sri Lanka",FALSE
13,"ABOELHASAN","Jana","EGY","2022 51st FIG Artistic Gymnastics World Championships","qual","Liverpool, England",11.6,10.9,10.5,12.266,-1.68611427499883,-0.695163902331075,-0.898324740710514,0.130272835706618,"England",FALSE,"Egypt",FALSE
14,"ABOELHASAN","Jana","EGY","2022 Paris World Challenge Cup","qual","Paris, France",NA,NA,10.5,10.65,NA,NA,-0.898324740710514,-1.36226022919369,"France",FALSE,"Egypt",FALSE
15,"ABREU","Yamilet","DOM","2023 Artistic Gymnastics Senior Pan American Championships","TeamQual","Medellin, Colombia",12.567,11.733,10.1,12.367,-0.476989674911949,-0.177207127468835,-1.19269818072459,0.223556152262888,"Colombia",FALSE,"Dominican Republic",FALSE
16,"ACHAMPONG","Ondine","ENG","BIRMINGHAM 2022 Commonwealth Games","AAfinal","Birmingham, England",13.9,13.25,12.5,13.35,1.18977670762767,0.766058691818103,0.573542459359882,1.13145219359767,"England",FALSE,"England",TRUE
17,"ACHAMPONG","Ondine","ENG","BIRMINGHAM 2022 Commonwealth Games","final","Birmingham, England",NA,13.433,NA,13.033,NA,0.879847515107166,NA,0.838671883218089,"England",FALSE,"England",TRUE
18,"ACHAMPONG","Ondine","ENG","BIRMINGHAM 2022 Commonwealth Games","qual","Birmingham, England",NA,13.75,13.3,12.55,NA,1.07695711610516,1.16228933938804,0.392574438696525,"England",FALSE,"England",TRUE
19,"ACHAMPONG","Ondine","GBR","2022 51st FIG Artistic Gymnastics World Championships","qual","Liverpool, England",14.466,12.833,12.966,13.333,1.89749596683054,0.506769405962695,0.916487516976283,1.11575104130602,"England",FALSE,"England",TRUE
20,"ACHAMPONG","Ondine","GBR","2022 51st FIG Artistic Gymnastics World Championships","TeamFinal","Liverpool, England",14.366,NA,13.7,NA,1.77245722845547,NA,1.45666277940212,NA,"England",FALSE,"England",TRUE
21,"ACHAMPONG","Ondine","GBR","2022 British Gymnastics Championships","final","Liverpool, England",NA,12.9,12.8,NA,NA,0.548429794817161,0.794322539370442,NA,"England",FALSE,"England",TRUE
22,"ACHAMPONG","Ondine","GBR","2022 British Gymnastics Championships","qual","Liverpool, England",14.25,13.1,13.65,12.5,1.6274122919404,0.672789164531985,1.41986609940036,0.346394579015203,"England",FALSE,"England",TRUE
23,"ACHAMPONG","Ondine","GBR","2022 Senior European Championships","final","Munich, Germany",NA,NA,13.4,NA,NA,NA,1.23588269939156,NA,"Germany",FALSE,"England",FALSE
24,"ACHAMPONG","Ondine","GBR","2022 Senior European Championships","qual","Munich, Germany",13.933,12.233,13.266,12.666,1.23103949129144,0.133691296818225,1.13726759698684,0.49971171315719,"Germany",FALSE,"England",FALSE
25,"ACHAMPONG","Ondine","GBR","2022 Senior European Championships","TeamFinal","Munich, Germany",13.9,12.433,13.7,NA,1.18977670762767,0.258050666533048,1.45666277940212,NA,"Germany",FALSE,"England",FALSE
26,"ACHAMPONG","Ondine","GBR","2023 52nd FIG Artistic Gymnastics World Championships","AAfinal","Antwerp, Belgium",14.133,12.533,13.6,12.7,1.48111696804157,0.32023035139046,1.3830694193986,0.531114017740488,"Belgium",FALSE,"England",FALSE
27,"ACHAMPONG","Ondine","GBR","2023 52nd FIG Artistic Gymnastics World Championships","qual","Antwerp, Belgium",14.3,12.733,13.433,12.866,1.68993166112793,0.444589721105284,1.26016850819272,0.684431151882476,"Belgium",FALSE,"England",FALSE
28,"ACHAMPONG","Ondine","GBR","2023 52nd FIG Artistic Gymnastics World Championships","TeamFinal","Antwerp, Belgium",14.166,NA,13.933,NA,1.52237975170534,NA,1.62813530821032,NA,"Belgium",FALSE,"England",FALSE
29,"ACHAMPONG","Ondine","GBR","2023 British Gymnastics Championships","final","Liverpool, England",NA,14.1,13.8,11.95,NA,1.2945860131061,1.53025613940564,-0.161583877479334,"England",FALSE,"England",TRUE
30,"ACHAMPONG","Ondine","GBR","2023 British Gymnastics Championships","qual","Liverpool, England",14.3,13.7,13.8,13.2,1.68993166112793,1.04586727367646,1.53025613940564,0.992912614553703,"England",FALSE,"England",TRUE
31,"ACHAMPONG","Ondine","GBR","2023 Senior European Championships","final","Antalya, Turkey",NA,NA,13.533,NA,NA,NA,1.33376186819624,NA,"Turkey",FALSE,"England",FALSE
32,"ACHAMPONG","Ondine","GBR","2023 Senior European Championships","qual","Antalya, Turkey",13.966,NA,13.366,13.166,1.27230227495521,NA,1.21086095699036,0.961510309970405,"Turkey",FALSE,"England",FALSE
33,"ACHONDO ANDINO","Barbara","CHI","2022 Osijek World Challenge Cup","qual","Osijek, Croatia",NA,NA,NA,11.933,NA,NA,NA,-0.177285029770983,"Croatia",FALSE,"Chile",FALSE
34,"ACHONDO ANDINO","Barbara","CHI","2023 Artistic Gymnastics Senior Pan American Championships","TeamQual","Medellin, Colombia",NA,10.733,10.933,12.3,NA,-0.799003976042953,-0.579665491895273,0.161675140289917,"Colombia",FALSE,"Chile",FALSE
35,"ACHONDO ANDINO","Barbara","CHI","SANTIAGO 2023 XIX Pan American Games","AAfinal","Santiago, Chile",11.4,8.266,11.1,12.333,-1.93619175174896,-2.3329768014753,-0.456764580689395,0.192153847679589,"Chile",FALSE,"Chile",TRUE
36,"ACHONDO ANDINO","Barbara","CHI","SANTIAGO 2023 XIX Pan American Games","final","Santiago, Chile",NA,NA,NA,12.2,NA,NA,NA,0.0693154209272731,"Chile",FALSE,"Chile",TRUE
37,"ACHONDO ANDINO","Barbara","CHI","SANTIAGO 2023 XIX Pan American Games","qual","Santiago, Chile",11.366,11.433,11.033,12.633,-1.97870492279648,-0.363746182041071,-0.506072131891754,0.469233005767517,"Chile",FALSE,"Chile",TRUE
38,"ADALSTEINSDOTTIR","Thelma","ISL","2022 51st FIG Artistic Gymnastics World Championships","qual","Liverpool, England",12.066,11.033,11.6,11.433,-1.10343375417103,-0.612464921470718,-0.0887977806717965,-0.639083626584198,"England",FALSE,"Iceland",FALSE
39,"ADALSTEINSDOTTIR","Thelma","ISL","2022 Senior European Championships","qual","Munich, Germany",12.333,11.733,12.233,11.133,-0.769580322709602,-0.177207127468835,0.377048188150484,-0.916162784672128,"Germany",FALSE,"Iceland",FALSE
40,"ADALSTEINSDOTTIR","Thelma","ISL","2023 52nd FIG Artistic Gymnastics World Championships","qual","Antwerp, Belgium",12.3,12.166,12.133,12.5,-0.810843106373373,0.0920309079637586,0.303454828146963,0.346394579015203,"Belgium",FALSE,"Iceland",FALSE
41,"ADALSTEINSDOTTIR","Thelma","ISL","2023 Senior European Championships","qual","Antalya, Turkey",12.3,12.233,11.166,11.566,-0.810843106373373,0.133691296818225,-0.408192963087072,-0.516245199831882,"Turkey",FALSE,"Iceland",FALSE
42,"ADAMSON","Jess","GBR","2022 British Gymnastics Championships","qual","Liverpool, England",12,11.3,9.7,10.45,-1.18595932149857,-0.446445162901428,-1.48707162073867,-1.54697966791898,"England",FALSE,"England",TRUE
43,"ALBA RODRIGUEZ","Nashely Esmeralda","DOM","2023 Artistic Gymnastics Senior Pan American Championships","TeamQual","Medellin, Colombia",12.033,NA,NA,NA,-1.1446965378348,NA,NA,NA,"Colombia",FALSE,"Dominican Republic",FALSE
44,"ALDAOUD","Ruba","JOR","2023 Cairo World Cup","qual","Cairo, Egypt",11.8,NA,NA,NA,-1.4360367982487,NA,NA,NA,"Egypt",FALSE,"Jordan",FALSE
45,"ALICEA","Katyna","PUR","SANTIAGO 2023 XIX Pan American Games","qual","Santiago, Chile",NA,NA,8.6,NA,NA,NA,-2.29659858077739,NA,"Chile",FALSE,"Puerto Rico",FALSE
46,"ALICEA CARDONA","Katyna Kamila","PUR","2023 Artistic Gymnastics Senior Pan American Championships","TeamFinal","Medellin, Colombia",11.267,10.4,NA,11.3,-2.1024932737878,-1.00606232661813,NA,-0.761922053336512,"Colombia",FALSE,"Puerto Rico",FALSE
47,"ALICEA CARDONA","Katyna Kamila","PUR","2023 Artistic Gymnastics Senior Pan American Championships","TeamQual","Medellin, Colombia",NA,NA,NA,11.233,NA,NA,NA,-0.823803065309483,"Colombia",FALSE,"Puerto Rico",FALSE
48,"ALIPIO","Ciena","USA","2022 U.S. Championships","final","Tampa, FL",13.2,12.45,13.95,11.35,0.314505539002213,0.268621212958808,1.64064617941092,-0.715742193655192,"FL",FALSE,"United States",FALSE
49,"ALIPIO","Ciena","USA","2022 U.S. Championships","qual","Tampa, FL",11.95,12.35,13.6,11.95,-1.2484786906861,0.206441528101396,1.3830694193986,-0.161583877479334,"FL",FALSE,"United States",FALSE
50,"ALIPIO","Ciena","USA","2022 U.S. Classic","AAfinal","West Valley City, Utah",13.3,12.45,11.4,12.2,0.43954427737728,0.268621212958808,-0.235984500678836,0.0693154209272731,"Utah",TRUE,"United States",FALSE
51,"ALIPIO","Ciena","USA","2022 Winter Cup","AAfinal","Frisco, Texas",13.2,12.9,12.25,11.85,0.314505539002213,0.548429794817161,0.389559059351082,-0.253943596841977,"Texas",TRUE,"United States",FALSE
52,"ALVAREZ DIAZ","Alejandra","PUR","SANTIAGO 2023 XIX Pan American Games","qual","Santiago, Chile",NA,10.933,11.566,10.4,NA,-0.67464460632813,-0.113819523072992,-1.5931595276003,"Chile",FALSE,"Puerto Rico",FALSE
53,"ALVAREZ DIAZ","Alejandra Sofia","PUR","SANTIAGO 2023 XIX Pan American Games","AAfinal","Santiago, Chile",12.633,10.6,9.133,11.266,-0.394464107584407,-0.881702956903311,-1.90434597195863,-0.793324357919812,"Chile",FALSE,"Puerto Rico",FALSE
54,"ALVAREZ DIAZ","Alejandra Sofia","PUR","SANTIAGO 2023 XIX Pan American Games","qual","Santiago, Chile",12.533,NA,NA,NA,-0.519502845959472,NA,NA,NA,"Chile",FALSE,"Puerto Rico",FALSE
55,"AMEDE ABSOLAM","Juliana Mya","JAM","2023 Artistic Gymnastics Senior Pan American Championships","TeamQual","Medellin, Colombia",10.333,10.033,8.6,10.567,-3.27035509021091,-1.23426177004484,-2.29659858077739,-1.43891879626469,"Colombia",FALSE,"Jamaica",FALSE
56,"AMGALAN","Namuunaa","MGL","2022 9th Senior Artistic Gymnastics Asian Championships","qual","Doha, Qatar",NA,NA,8.933,9.467,NA,NA,-2.05153269196567,-2.45487570925376,"Qatar",FALSE,"Mongolia",FALSE
57,"AMORELLI","Mei","GBR","2023 British Gymnastics Championships","qual","Liverpool, England",12.1,9.9,11.5,11,-1.0609205831235,-1.31696075090519,-0.162391140675316,-1.03900121142444,"England",FALSE,"England",TRUE
58,"AMRILLAEVA","Lobar","UZB","2022 9th Senior Artistic Gymnastics Asian Championships","qual","Doha, Qatar",NA,9.633,11.167,11.267,NA,-1.48298050947448,-0.407457029487037,-0.792400760726186,"Qatar",FALSE,"Uzbekistan",FALSE
59,"AMRILLAEVA","Lobar","UZB","2023 10th Senior Artistic Gymnastics Asian Championships","qual","Singapore",NA,10.466,10.466,12.733,NA,-0.965023734612243,-0.923346483111711,0.561592725130161,"Singapore",FALSE,"Uzbekistan",FALSE
60,"AMRILLAEVA","Lobar","UZB","2023 Baku World Cup","qual","Baku, Azerbaijan",NA,9.9,12.1,11.966,NA,-1.31696075090519,0.279169019345802,-0.146806322381311,"Azerbaijan",FALSE,"Uzbekistan",FALSE
61,"AMRILLAEVA","Lobar","UZB","2023 Varna World Challenge Cup","qual","Varna, Bulgaria",12.366,10.433,10.233,10.933,-0.728317539045831,-0.985543030615189,-1.09481901191991,-1.10088222339741,"Bulgaria",FALSE,"Uzbekistan",FALSE
62,"AN","Changok","PRK","HANGZHOU 2022 19th Asian Games","AAfinal","Hangzhou, China",13.5,13.633,12.033,11.1,0.689621754127409,1.00420688482199,0.229861468143444,-0.946641492061799,"China",FALSE,"Korea, North",FALSE
63,"AN","Changok","PRK","HANGZHOU 2022 19th Asian Games","final","Hangzhou, China",13.933,14.266,NA,NA,1.23103949129144,1.39780428996941,NA,NA,"China",FALSE,"Korea, North",FALSE
64,"AN","Changok","PRK","HANGZHOU 2022 19th Asian Games","qual","Hangzhou, China",13.866,13.933,11.9,12.566,1.14726353658015,1.19074593939423,0.131982299338763,0.407351993794548,"China",FALSE,"Korea, North",FALSE
65,"AN","Yeonjeong","KOR","HANGZHOU 2022 19th Asian Games","AAfinal","Hangzhou, China",12.733,11.566,12.533,12.133,-0.26942536920934,-0.281047201180712,0.597828268161043,0.00743440895430216,"China",FALSE,"Korea, South",FALSE
66,"AN","Yeonjeong","KOR","HANGZHOU 2022 19th Asian Games","qual","Hangzhou, China",NA,11.333,12.2,12.4,NA,-0.425925866898482,0.352762379349322,0.25403485965256,"China",FALSE,"Korea, South",FALSE
67,"ANANJEVA","Anastasija","LAT","2022 Mersin World Challenge Cup","final","Mersin, Turkey",11.7,NA,NA,11.85,-1.56107553662377,NA,NA,-0.253943596841977,"Turkey",FALSE,"Latvia",FALSE
68,"ANANJEVA","Anastasija","LAT","2022 Mersin World Challenge Cup","qual","Mersin, Turkey",12.05,NA,8.05,11.65,-1.12343995231104,NA,-2.70136206079675,-0.438663035567262,"Turkey",FALSE,"Latvia",FALSE
69,"ANANJEVA","Anastasija","LAT","2022 Senior European Championships","qual","Munich, Germany",12.066,8.633,8.233,10.8,-1.10343375417103,-2.1047773580486,-2.56668621199031,-1.22372065014973,"Germany",FALSE,"Latvia",FALSE
70,"ANANJEVA","Anastasija","LAT","2023 52nd FIG Artistic Gymnastics World Championships","qual","Antwerp, Belgium",12.433,9.466,9.466,10.566,-0.644541584334537,-1.58682058318636,-1.65928008314691,-1.43984239345831,"Belgium",FALSE,"Latvia",FALSE
71,"ANANJEVA","Anastasija","LAT","2023 Senior European Championships","qual","Antalya, Turkey",12.133,10.1,10.7,11.8,-1.01965779945973,-1.19260138119037,-0.751138020703475,-0.300123456523297,"Turkey",FALSE,"Latvia",FALSE
72,"ANDERS","Caleigh","RSA","2023 52nd FIG Artistic Gymnastics World Championships","qual","Antwerp, Belgium",13,12.5,11.2,12.5,0.0644280622520831,0.299711055387514,-0.383171220685876,0.346394579015203,"Belgium",FALSE,"South Africa",FALSE
73,"ANDERS","Caleigh","RSA","2023 Tel Aviv World Challenge Cup","final","Tel Aviv, Israel",NA,11.8,NA,NA,NA,-0.135546738614369,NA,NA,"Israel",FALSE,"South Africa",FALSE
74,"ANDERS","Caleigh","RSA","2023 Tel Aviv World Challenge Cup","qual","Tel Aviv, Israel",NA,11.867,NA,NA,NA,-0.0938863497599025,NA,NA,"Israel",FALSE,"South Africa",FALSE
75,"ANDRADE","Rebeca","BRA","2022 51st FIG Artistic Gymnastics World Championships","AAfinal","Liverpool, England",15.166,13.8,13.533,14.4,2.772767135456,1.10804695853387,1.33376186819624,2.10122924690542,"England",FALSE,"Brazil",FALSE
76,"ANDRADE","Rebeca","BRA","2022 51st FIG Artistic Gymnastics World Championships","final","Liverpool, England",NA,12.8,12.733,13.733,NA,0.48625010995975,0.745014988168083,1.48518991875659,"England",FALSE,"Brazil",FALSE
77,"ANDRADE","Rebeca","BRA","2022 51st FIG Artistic Gymnastics World Championships","qual","Liverpool, England",15.066,14.666,13.4,14.2,2.64772839708093,1.64652302939905,1.23588269939156,1.91650980818013,"England",FALSE,"Brazil",FALSE
78,"ANDRADE","Rebeca","BRA","2022 51st FIG Artistic Gymnastics World Championships","TeamFinal","Liverpool, England",15.166,14.633,12.833,14.066,2.772767135456,1.62600373339611,0.818608348171603,1.79274778423419,"England",FALSE,"Brazil",FALSE
79,"ANDRADE","Rebeca","BRA","2022 Paris World Challenge Cup","final","Paris, France",NA,14.65,NA,NA,NA,1.63657427982187,NA,NA,"France",FALSE,"Brazil",FALSE
80,"ANDRADE","Rebeca","BRA","2022 Paris World Challenge Cup","qual","Paris, France",NA,14.6,NA,NA,NA,1.60548443739316,NA,NA,"France",FALSE,"Brazil",FALSE
81,"ANDRADE","Rebeca","BRA","2023 52nd FIG Artistic Gymnastics World Championships","AAfinal","Antwerp, Belgium",14.7,14.5,13.5,14.066,2.19008661462819,1.54330475253575,1.30947605939508,1.79274778423419,"Belgium",FALSE,"Brazil",FALSE
82,"ANDRADE","Rebeca","BRA","2023 52nd FIG Artistic Gymnastics World Championships","final","Antwerp, Belgium",15,NA,14.3,14.5,2.56520282975339,NA,1.89822293942324,2.19358896626806,"Belgium",FALSE,"Brazil",FALSE
83,"ANDRADE","Rebeca","BRA","2023 52nd FIG Artistic Gymnastics World Championships","qual","Antwerp, Belgium",14.9,13.866,13.8,14.033,2.44016409137832,1.14908555053976,1.53025613940564,1.76226907684452,"Belgium",FALSE,"Brazil",FALSE
84,"ANDRADE","Rebeca","BRA","2023 52nd FIG Artistic Gymnastics World Championships","TeamFinal","Antwerp, Belgium",14.9,14.4,13.133,14.666,2.44016409137832,1.48112506767834,1.03938842818216,2.34690610041005,"Belgium",FALSE,"Brazil",FALSE
85,"ANDRADE","Rebeca","BRA","SANTIAGO 2023 XIX Pan American Games","final","Santiago, Chile",15.333,14.333,14.166,NA,2.98158182854235,1.43946467882387,1.79960783701852,NA,"Chile",FALSE,"Brazil",FALSE
86,"ANDRADE","Rebeca","BRA","SANTIAGO 2023 XIX Pan American Games","qual","Santiago, Chile",15.1,14.3,13.566,NA,2.69024156812845,1.41894538282093,1.3580476769974,NA,"Chile",FALSE,"Brazil",FALSE
87,"ANDREOLI","Angela","ITA","2022 Senior European Championships","final","Munich, Germany",NA,NA,NA,13.866,NA,NA,NA,1.60802834550891,"Germany",FALSE,"Italy",FALSE
88,"ANDREOLI","Angela","ITA","2022 Senior European Championships","qual","Munich, Germany",13.133,NA,12.666,13.633,0.230729584290919,NA,0.695707436965725,1.39283019939395,"Germany",FALSE,"Italy",FALSE
89,"ANDREOLI","Angela","ITA","2023 52nd FIG Artistic Gymnastics World Championships","qual","Antwerp, Belgium",NA,12.666,13.2,NA,NA,0.402929332250818,1.08869597938452,NA,"Belgium",FALSE,"Italy",FALSE
90,"ANDREOLI","Angela","ITA","2023 52nd FIG Artistic Gymnastics World Championships","TeamFinal","Antwerp, Belgium",NA,NA,13.033,NA,NA,NA,0.965795068178642,NA,"Belgium",FALSE,"Italy",FALSE
91,"ANDREOLI","Angela","ITA","2023 Senior European Championships","qual","Antalya, Turkey",13.033,NA,NA,13,0.105690845915854,NA,NA,0.808193175828418,"Turkey",FALSE,"Italy",FALSE
92,"ANNE ELLIOTT","Leigh","USA","2023 Core Hydration Classic","AAfinal","Hoffman Estates, Illinois",12.85,12.25,9.7,9,-0.123130045310515,0.144261843243984,-1.48707162073867,-2.8861955986773,"Illinois",TRUE,"United States",FALSE
93,"ANTILA","Minea Aino Maija","FIN","2023 FISU World University Games","qual","Chengdu, China",12.233,10.3,11.333,NA,-0.894619061084666,-1.06824201147555,-0.285292051881194,NA,"China",FALSE,"Finland",FALSE
94,"ANTILA","Misella","FIN","2023 Cottbus World Cup","qual","Cottbus, Germany",NA,NA,11.666,10.5,NA,NA,-0.0402261630694729,-1.50079980823766,"Germany",FALSE,"Finland",FALSE
95,"ANTILA","Misella","FIN","2023 FISU World University Games","qual","Chengdu, China",11.866,9.433,11.266,10.566,-1.35351123092116,-1.60733987918931,-0.334599603083552,-1.43984239345831,"China",FALSE,"Finland",FALSE
96,"ARANIBAR RODRIGUEZ","Ariana Paola","BOL","2023 Artistic Gymnastics Senior Pan American Championships","TeamQual","Medellin, Colombia",11,3.233,8.4,9.733,-2.43634670524922,-5.46248034034884,-2.44378530078443,-2.20919885574913,"Colombia",FALSE,"Bolivia",FALSE
97,"ARCHER","Shannon","GBR","2022 British Gymnastics Championships","final","Liverpool, England",12.35,NA,10.3,12.9,-0.748323737185841,NA,-1.04551146071755,0.715833456465775,"England",FALSE,"England",TRUE
98,"ARCHER","Shannon","GBR","2022 British Gymnastics Championships","qual","Liverpool, England",13.85,11.65,12.5,12.65,1.12725733844014,-0.228816265900486,0.573542459359882,0.484934158059167,"England",FALSE,"England",TRUE
99,"ARCHER","Shannon","SCO","BIRMINGHAM 2022 Commonwealth Games","AAfinal","Birmingham, England",13.7,11.4,12.7,11.5,0.939699230877539,-0.384265478044016,0.720729179366921,-0.577202614611227,"England",FALSE,"Scotland",FALSE
100,"ARCHER","Shannon","SCO","BIRMINGHAM 2022 Commonwealth Games","final","Birmingham, England",13.266,12.366,NA,NA,0.397031106329757,0.216390277678582,NA,NA,"England",FALSE,"Scotland",FALSE
101,"ARCHER","Shannon","SCO","BIRMINGHAM 2022 Commonwealth Games","qual","Birmingham, England",13.9,12.25,11.95,12.4,1.18977670762767,0.144261843243984,0.168778979340522,0.25403485965256,"England",FALSE,"Scotland",FALSE
102,"ARIPOVA","Dildora","UZB","2022 51st FIG Artistic Gymnastics World Championships","qual","Liverpool, England",NA,9.933,NA,NA,NA,-1.29644145490225,NA,NA,"England",FALSE,"Uzbekistan",FALSE
103,"ARIPOVA","Dildora","UZB","2022 9th Senior Artistic Gymnastics Asian Championships","final","Doha, Qatar",NA,NA,NA,13.2,NA,NA,NA,0.992912614553703,"Qatar",FALSE,"Uzbekistan",FALSE
104,"ARIPOVA","Dildora","UZB","2022 9th Senior Artistic Gymnastics Asian Championships","qual","Doha, Qatar",NA,11.067,11.933,12.567,NA,-0.591323828619198,0.156268108139924,0.408275590988174,"Qatar",FALSE,"Uzbekistan",FALSE
105,"ARIPOVA","Dildora","UZB","2022 Baku World Cup","final","Baku, Azerbaijan",NA,NA,NA,12.866,NA,NA,NA,0.684431151882476,"Azerbaijan",FALSE,"Uzbekistan",FALSE
106,"ARIPOVA","Dildora","UZB","2022 Baku World Cup","qual","Baku, Azerbaijan",NA,12.166,12.133,12.633,NA,0.0920309079637586,0.303454828146963,0.469233005767517,"Azerbaijan",FALSE,"Uzbekistan",FALSE
107,"ARIPOVA","Dildora","UZB","2022 Cairo World Cup","final","Cairo, Egypt",NA,10.466,NA,12.6,NA,-0.965023734612243,NA,0.438754298377845,"Egypt",FALSE,"Uzbekistan",FALSE
108,"ARIPOVA","Dildora","UZB","2022 Cairo World Cup","qual","Cairo, Egypt",NA,11.333,10.5,12.733,NA,-0.425925866898482,-0.898324740710514,0.561592725130161,"Egypt",FALSE,"Uzbekistan",FALSE
109,"ARIPOVA","Dildora","UZB","2022 Varna World Challenge Cup","final","Varna, Bulgaria",NA,NA,NA,11.5,NA,NA,NA,-0.577202614611227,"Bulgaria",FALSE,"Uzbekistan",FALSE
110,"ARIPOVA","Dildora","UZB","2022 Varna World Challenge Cup","qual","Varna, Bulgaria",NA,12.25,10.8,13.15,NA,0.144261843243984,-0.677544660699954,0.946732754872382,"Bulgaria",FALSE,"Uzbekistan",FALSE
111,"ARIPOVA","Dildora","UZB","2023 10th Senior Artistic Gymnastics Asian Championships","final","Singapore",NA,10.633,NA,NA,NA,-0.861183660900366,NA,NA,"Singapore",FALSE,"Uzbekistan",FALSE
112,"ARIPOVA","Dildora","UZB","2023 10th Senior Artistic Gymnastics Asian Championships","qual","Singapore",NA,12.233,12.533,12,NA,0.133691296818225,0.597828268161043,-0.115404017798012,"Singapore",FALSE,"Uzbekistan",FALSE
113,"ARIPOVA","Dildora","UZB","2023 52nd FIG Artistic Gymnastics World Championships","qual","Antwerp, Belgium",11.533,12.6,11.866,12.6,-1.76989022971012,0.361890740244926,0.106960556937566,0.438754298377845,"Belgium",FALSE,"Uzbekistan",FALSE
114,"ARIPOVA","Dildora","UZB","2023 Cairo World Cup","final","Cairo, Egypt",NA,12.1,NA,NA,NA,0.0509923159578664,NA,NA,"Egypt",FALSE,"Uzbekistan",FALSE
115,"ARIPOVA","Dildora","UZB","2023 Cairo World Cup","qual","Cairo, Egypt",11.733,12.5,10.133,11.066,-1.51981275295999,0.299711055387514,-1.16841237192343,-0.978043796645097,"Egypt",FALSE,"Uzbekistan",FALSE
116,"ARIPOVA","Dildora","UZB","2023 Cottbus World Cup","final","Cottbus, Germany",12.366,NA,11.066,NA,-0.728317539045831,NA,-0.481786323090591,NA,"Germany",FALSE,"Uzbekistan",FALSE
117,"ARIPOVA","Dildora","UZB","2023 Cottbus World Cup","qual","Cottbus, Germany",12.766,10.7,12.966,12.3,-0.228162585545569,-0.8195232720459,0.916487516976283,0.161675140289917,"Germany",FALSE,"Uzbekistan",FALSE
118,"ARIPOVA","Dildora","UZB","2023 Doha World Cup","final","Doha, Qatar",NA,NA,NA,12.566,NA,NA,NA,0.407351993794548,"Qatar",FALSE,"Uzbekistan",FALSE
119,"ARIPOVA","Dildora","UZB","2023 Doha World Cup","qual","Doha, Qatar",12.533,7.866,11.033,12.866,-0.519502845959472,-2.58169554090495,-0.506072131891754,0.684431151882476,"Qatar",FALSE,"Uzbekistan",FALSE
120,"ARNON","Yuli Golan","ISR","2022 Varna World Challenge Cup","qual","Varna, Bulgaria",NA,10.1,NA,NA,NA,-1.19260138119037,NA,NA,"Bulgaria",FALSE,"Israel",FALSE
121,"ARRAIZ","Valeria","VEN","2023 Central American and Caribbean Games","qual","San Salvador, El Salvador",12.35,9.8,11.55,12,-0.748323737185841,-1.37914043576261,-0.125594460673556,-0.115404017798012,"El Salvador",FALSE,"Venezuela",FALSE
122,"ARRAIZ REYES","Valeria Daniela","VEN","2023 Artistic Gymnastics Senior Pan American Championships","TeamQual","Medellin, Colombia",12.067,11.167,8.733,10.933,-1.10218336678728,-0.529144143761786,-2.19871941197271,-1.10088222339741,"Colombia",FALSE,"Venezuela",FALSE
123,"ARTAMONOVA","Sona","CZE","2023 52nd FIG Artistic Gymnastics World Championships","qual","Antwerp, Belgium",13.133,11.533,12.633,12.733,0.230729584290919,-0.301566497183659,0.671421628164562,0.561592725130161,"Belgium",FALSE,"Czech Republic",FALSE
124,"ARTAMONOVA","Sona","CZE","2023 Cottbus World Cup","qual","Cottbus, Germany",NA,NA,12.666,12.466,NA,NA,0.695707436965725,0.314992274431903,"Germany",FALSE,"Czech Republic",FALSE
125,"ARTAMONOVA","Sona","CZE","2023 Senior European Championships","qual","Antalya, Turkey",12.3,11.566,12.1,11.233,-0.810843106373373,-0.281047201180712,0.279169019345802,-0.823803065309483,"Turkey",FALSE,"Czech Republic",FALSE
126,"ASHIKAWA","Urara","JPN","2023 52nd FIG Artistic Gymnastics World Championships","final","Antwerp, Belgium",NA,NA,14.066,NA,NA,NA,1.726014477015,NA,"Belgium",FALSE,"Japan",FALSE
127,"ASHIKAWA","Urara","JPN","2023 52nd FIG Artistic Gymnastics World Championships","qual","Antwerp, Belgium",NA,NA,14,NA,NA,NA,1.67744285941268,NA,"Belgium",FALSE,"Japan",FALSE
128,"ASHIKAWA","Urara","JPN","2023 52nd FIG Artistic Gymnastics World Championships","TeamFinal","Antwerp, Belgium",NA,NA,13.766,NA,NA,NA,1.50523439700444,NA,"Belgium",FALSE,"Japan",FALSE
129,"ASHIKAWA","Urara","JPN","2023 Cottbus World Cup","final","Cottbus, Germany",NA,NA,14.066,NA,NA,NA,1.726014477015,NA,"Germany",FALSE,"Japan",FALSE
130,"ASHIKAWA","Urara","JPN","2023 Cottbus World Cup","qual","Cottbus, Germany",NA,NA,13.133,12.666,NA,NA,1.03938842818216,0.49971171315719,"Germany",FALSE,"Japan",FALSE
131,"ATTWOOD","Amelie","GBR","2022 British Gymnastics Championships","qual","Liverpool, England",11.85,10.2,10.55,11.35,-1.37351742906117,-1.13042169633296,-0.861528060708753,-0.715742193655192,"England",FALSE,"England",TRUE
132,"AWAD","Nada","EGY","2023 Cairo World Cup","qual","Cairo, Egypt",NA,10.8,10.433,9.9,NA,-0.757343587188487,-0.947632291912872,-2.05495812441351,"Egypt",FALSE,"Egypt",TRUE
133,"BACHURINA","Tatiana","CYP","2022 51st FIG Artistic Gymnastics World Championships","qual","Liverpool, England",11.6,10.933,11.133,11.333,-1.68611427499883,-0.67464460632813,-0.432478771888234,-0.731443345946841,"England",FALSE,"Cyprus",FALSE
134,"BACHURINA","Tatiana","CYP","2022 Senior European Championships","qual","Munich, Germany",11.666,11,11.766,11.1,-1.60358870767129,-0.632984217473664,0.0333671969340466,-0.946641492061799,"Germany",FALSE,"Cyprus",FALSE
135,"BACHURINA","Tatiana","CYP","BIRMINGHAM 2022 Commonwealth Games","AAfinal","Birmingham, England",11.75,10.9,11.2,10.75,-1.49855616743623,-0.695163902331075,-0.383171220685876,-1.26990050983105,"England",FALSE,"Cyprus",FALSE
136,"BACHURINA","Tatiana","CYP","BIRMINGHAM 2022 Commonwealth Games","qual","Birmingham, England",NA,11.6,10.1,10.6,NA,-0.259906108329193,-1.19269818072459,-1.40844008887501,"England",FALSE,"Cyprus",FALSE
137,"BACSKAY","Csenge Maria","HUN","2022 51st FIG Artistic Gymnastics World Championships","qual","Liverpool, England",13.1,12.233,11.366,11.533,0.189466800627148,0.133691296818225,-0.261006243080033,-0.546723907221555,"England",FALSE,"Hungary",FALSE
138,"BACSKAY","Csenge Maria","HUN","2022 Baku World Cup","final","Baku, Azerbaijan",13.333,NA,NA,NA,0.480807061041051,NA,NA,NA,"Azerbaijan",FALSE,"Hungary",FALSE
139,"BACSKAY","Csenge Maria","HUN","2022 Baku World Cup","qual","Baku, Azerbaijan",13.366,11.233,NA,NA,0.522069844704821,-0.488105551755894,NA,NA,"Azerbaijan",FALSE,"Hungary",FALSE
140,"BACSKAY","Csenge Maria","HUN","2022 Cairo World Cup","final","Cairo, Egypt",13.366,NA,NA,NA,0.522069844704821,NA,NA,NA,"Egypt",FALSE,"Hungary",FALSE
141,"BACSKAY","Csenge Maria","HUN","2022 Cairo World Cup","qual","Cairo, Egypt",12.966,10.1,NA,NA,0.0219148912045601,-1.19260138119037,NA,NA,"Egypt",FALSE,"Hungary",FALSE
142,"BACSKAY","Csenge Maria","HUN","2022 Doha World Cup","final","Doha, Qatar",13.3,NA,11.133,NA,0.43954427737728,NA,-0.432478771888234,NA,"Qatar",FALSE,"Hungary",FALSE
143,"BACSKAY","Csenge Maria","HUN","2022 Doha World Cup","qual","Doha, Qatar",13.366,NA,11.533,NA,0.522069844704821,NA,-0.138105331874155,NA,"Qatar",FALSE,"Hungary",FALSE
144,"BACSKAY","Csenge Maria","HUN","2022 Osijek World Challenge Cup","final","Osijek, Croatia",13.4,NA,NA,NA,0.564583015752344,NA,NA,NA,"Croatia",FALSE,"Hungary",FALSE
145,"BACSKAY","Csenge Maria","HUN","2022 Osijek World Challenge Cup","qual","Osijek, Croatia",13.2,NA,NA,NA,0.314505539002213,NA,NA,NA,"Croatia",FALSE,"Hungary",FALSE
146,"BACSKAY","Csenge Maria","HUN","2022 Senior European Championships","qual","Munich, Germany",13.3,NA,11.133,NA,0.43954427737728,NA,-0.432478771888234,NA,"Germany",FALSE,"Hungary",FALSE
147,"BACSKAY","Csenge Maria","HUN","2022 Senior European Championships","TeamFinal","Munich, Germany",13.8,NA,NA,NA,1.06473796925261,NA,NA,NA,"Germany",FALSE,"Hungary",FALSE
148,"BACSKAY","Csenge Maria","HUN","2023 52nd FIG Artistic Gymnastics World Championships","final","Antwerp, Belgium",13.4,NA,NA,NA,0.564583015752344,NA,NA,NA,"Belgium",FALSE,"Hungary",FALSE
149,"BACSKAY","Csenge Maria","HUN","2023 52nd FIG Artistic Gymnastics World Championships","qual","Antwerp, Belgium",13.8,11.3,NA,NA,1.06473796925261,-0.446445162901428,NA,NA,"Belgium",FALSE,"Hungary",FALSE
150,"BACSKAY","Csenge Maria","HUN","2023 Osijek World Challenge Cup","final","Osijek, Croatia",12.866,12.466,NA,NA,-0.103123847170505,0.278569962535993,NA,NA,"Croatia",FALSE,"Hungary",FALSE
151,"BACSKAY","Csenge Maria","HUN","2023 Osijek World Challenge Cup","qual","Osijek, Croatia",13,12.9,NA,NA,0.0644280622520831,0.548429794817161,NA,NA,"Croatia",FALSE,"Hungary",FALSE
152,"BACSKAY","Csenge Maria","HUN","2023 Tel Aviv World Challenge Cup","final","Tel Aviv, Israel",13.267,9.267,NA,NA,0.398281493713507,-1.71055815605261,NA,NA,"Israel",FALSE,"Hungary",FALSE
153,"BACSKAY","Csenge Maria","HUN","2023 Tel Aviv World Challenge Cup","qual","Tel Aviv, Israel",12.967,11.667,NA,NA,0.0231652785883122,-0.218245719474727,NA,NA,"Israel",FALSE,"Hungary",FALSE
154,"BAILEY","Sacha","GBR","2022 British Gymnastics Championships","qual","Liverpool, England",12.1,10.2,10.6,11.35,-1.0609205831235,-1.13042169633296,-0.824731380706994,-0.715742193655192,"England",FALSE,"England",TRUE
155,"BAILEY","Sacha","GBR","2023 British Gymnastics Championships","qual","Liverpool, England",12.25,9.45,10.6,10.1,-0.873362475560906,-1.59676933276355,-0.824731380706994,-1.87023868568823,"England",FALSE,"England",TRUE
156,"BAKER","Shannon","GBR","2022 British Gymnastics Championships","qual","Liverpool, England",11.95,10.9,10.3,11.7,-1.2484786906861,-0.695163902331075,-1.04551146071755,-0.392483175885942,"England",FALSE,"England",TRUE
157,"BAKER","Shannon","GBR","2023 British Gymnastics Championships","qual","Liverpool, England",12.35,9.5,11.65,11.7,-0.748323737185841,-1.56567949033484,-0.0520011006700361,-0.392483175885942,"England",FALSE,"England",TRUE
158,"BALCOVA","Adela","SVK","2022 Senior European Championships","qual","Munich, Germany",NA,11.1,NA,NA,NA,-0.570804532616252,NA,NA,"Germany",FALSE,"Slovakia",FALSE
159,"BALCOVA","Adela","SVK","2023 Senior European Championships","qual","Antalya, Turkey",12,10.233,10.433,10.666,-1.18595932149857,-1.10990240033001,-0.947632291912872,-1.34748267409567,"Turkey",FALSE,"Slovakia",FALSE
160,"BALZSAY","Hanna","HUN","2023 Osijek World Challenge Cup","qual","Osijek, Croatia",NA,NA,NA,12.133,NA,NA,NA,0.00743440895430216,"Croatia",FALSE,"Hungary",FALSE
161,"BARBOSA","Gabriela","BRA","EnBW DTB Pokal Team Challenge 2023","qual","Stuttgart, Germany",12.65,12.25,NA,11.4,-0.373207522060645,0.144261843243984,NA,-0.66956233397387,"Germany",FALSE,"Brazil",FALSE
162,"BARBOSA","Jade","BRA","2023 52nd FIG Artistic Gymnastics World Championships","qual","Antwerp, Belgium",13.833,12.766,12.4,12.833,1.10600075291638,0.465109017108229,0.499949099356362,0.653952444492804,"Belgium",FALSE,"Brazil",FALSE
163,"BARBOSA","Jade","BRA","2023 52nd FIG Artistic Gymnastics World Championships","TeamFinal","Antwerp, Belgium",13.933,NA,NA,NA,1.23103949129144,NA,NA,NA,"Belgium",FALSE,"Brazil",FALSE
164,"BARBOSA","Jade","BRA","2023 Osijek World Challenge Cup","qual","Osijek, Croatia",NA,11.166,NA,NA,NA,-0.52976594061036,NA,NA,"Croatia",FALSE,"Brazil",FALSE
165,"BARBOSA","Jade","BRA","SANTIAGO 2023 XIX Pan American Games","AAfinal","Santiago, Chile",13.9,13.1,12.9,13.433,1.18977670762767,0.672789164531985,0.867915899373961,1.20811076066866,"Chile",FALSE,"Brazil",FALSE
166,"BARBOSA","Jade","BRA","SANTIAGO 2023 XIX Pan American Games","qual","Santiago, Chile",13.8,10.933,12.6,13.333,1.06473796925261,-0.67464460632813,0.647135819363401,1.11575104130602,"Chile",FALSE,"Brazil",FALSE
167,"BARBOSU","Ana","ROU","2022 51st FIG Artistic Gymnastics World Championships","AAfinal","Liverpool, England",13.1,12.766,12.733,11.933,0.189466800627148,0.465109017108229,0.745014988168083,-0.177285029770983,"England",FALSE,"Romania",FALSE
168,"BARBOSU","Ana","ROU","2022 51st FIG Artistic Gymnastics World Championships","qual","Liverpool, England",13,13.433,12.5,13.3,0.0644280622520831,0.879847515107166,0.573542459359882,1.08527233391635,"England",FALSE,"Romania",FALSE
169,"BARBOSU","Ana","ROU","2022 Mersin World Challenge Cup","final","Mersin, Turkey",NA,13.6,13.95,12.9,NA,0.983687588819044,1.64064617941092,0.715833456465775,"Turkey",FALSE,"Romania",FALSE
170,"BARBOSU","Ana","ROU","2022 Mersin World Challenge Cup","qual","Mersin, Turkey",NA,13.6,13.9,13.3,NA,0.983687588819044,1.60384949940916,1.08527233391635,"Turkey",FALSE,"Romania",FALSE
171,"BARBOSU","Ana","ROU","2022 Osijek World Challenge Cup","final","Osijek, Croatia",NA,NA,12.433,13.333,NA,NA,0.524234908157523,1.11575104130602,"Croatia",FALSE,"Romania",FALSE
172,"BARBOSU","Ana","ROU","2022 Osijek World Challenge Cup","qual","Osijek, Croatia",12.7,10.2,12.933,13.366,-0.310688152873113,-1.13042169633296,0.892201708175122,1.14622974869569,"Croatia",FALSE,"Romania",FALSE
173,"BARBOSU","Ana","ROU","2022 Senior European Championships","final","Munich, Germany",NA,NA,11.566,13.633,NA,NA,-0.113819523072992,1.39283019939395,"Germany",FALSE,"Romania",FALSE
174,"BARBOSU","Ana","ROU","2022 Senior European Championships","qual","Munich, Germany",12.733,13.5,13.533,13.266,-0.26942536920934,0.921507903961632,1.33376186819624,1.05387002933305,"Germany",FALSE,"Romania",FALSE
175,"BARBOSU","Ana","ROU","2023 52nd FIG Artistic Gymnastics World Championships","AAfinal","Antwerp, Belgium",13.366,11.666,13.533,11.6,0.522069844704821,-0.218867516323301,1.33376186819624,-0.484842895248584,"Belgium",FALSE,"Romania",FALSE
176,"BARBOSU","Ana","ROU","2023 52nd FIG Artistic Gymnastics World Championships","qual","Antwerp, Belgium",13.5,13.366,12.866,13.2,0.689621754127409,0.8381871262527,0.842894156972764,0.992912614553703,"Belgium",FALSE,"Romania",FALSE
177,"BARBOSU","Ana","ROU","2023 Senior European Championships","AAfinal","Antalya, Turkey",13.4,13.133,12.933,12.033,0.564583015752344,0.69330846053493,0.892201708175122,-0.0849253104083405,"Turkey",FALSE,"Romania",FALSE
178,"BARBOSU","Ana","ROU","2023 Senior European Championships","final","Antalya, Turkey",NA,NA,NA,12.8,NA,NA,NA,0.623473737103132,"Turkey",FALSE,"Romania",FALSE
179,"BARBOSU","Ana","ROU","2023 Senior European Championships","qual","Antalya, Turkey",11.933,13.6,12.8,13.233,-1.26973527620986,0.983687588819044,0.794322539370442,1.02339132194338,"Turkey",FALSE,"Romania",FALSE
180,"BARROS","Sydney","PUR","2023 Central American and Caribbean Games","qual","San Salvador, El Salvador",NA,NA,NA,11.95,NA,NA,NA,-0.161583877479334,"El Salvador",FALSE,"Puerto Rico",FALSE
181,"BARROS","Sydney","USA","2022 Winter Cup","AAfinal","Frisco, Texas",13.1,13,13.1,12.6,0.189466800627148,0.610609479674573,1.015102619381,0.438754298377845,"Texas",TRUE,"United States",FALSE
182,"BARROS","Sydney Tatiana","PUR","2023 Artistic Gymnastics Senior Pan American Championships","TeamFinal","Medellin, Colombia",NA,12.967,NA,NA,NA,0.590090183671628,NA,NA,"Colombia",FALSE,"Puerto Rico",FALSE
183,"BARROS","Sydney Tatiana","PUR","2023 Artistic Gymnastics Senior Pan American Championships","TeamQual","Medellin, Colombia",12.9,12.9,11.967,12.467,-0.0606106761229817,0.548429794817161,0.181289850541122,0.315915871625531,"Colombia",FALSE,"Puerto Rico",FALSE
184,"BATRONA","Daniela","UKR","2022 Baku World Cup","final","Baku, Azerbaijan",NA,NA,12.9,NA,NA,NA,0.867915899373961,NA,"Azerbaijan",FALSE,"Ukraine",FALSE
185,"BATRONA","Daniela","UKR","2022 Baku World Cup","qual","Baku, Azerbaijan",NA,11.733,13.433,12.3,NA,-0.177207127468835,1.26016850819272,0.161675140289917,"Azerbaijan",FALSE,"Ukraine",FALSE
186,"BATRONA","Daniela","UKR","2022 Cairo World Cup","final","Cairo, Egypt",NA,11.233,12.166,12.266,NA,-0.488105551755894,0.327740636948126,0.130272835706618,"Egypt",FALSE,"Ukraine",FALSE
187,"BATRONA","Daniela","UKR","2022 Cairo World Cup","qual","Cairo, Egypt",NA,12.1,12.8,12.566,NA,0.0509923159578664,0.794322539370442,0.407351993794548,"Egypt",FALSE,"Ukraine",FALSE
188,"BATRONA","Daniela","UKR","2022 Cottbus World Cup","final","Cottbus, Germany",NA,12.966,13.2,NA,NA,0.589468386823053,1.08869597938452,NA,"Germany",FALSE,"Ukraine",FALSE
189,"BATRONA","Daniela","UKR","2022 Cottbus World Cup","qual","Cottbus, Germany",NA,12.566,13.3,11.4,NA,0.340749647393406,1.16228933938804,-0.66956233397387,"Germany",FALSE,"Ukraine",FALSE
190,"BATRONA","Daniela","UKR","2022 Doha World Cup","final","Doha, Qatar",NA,12.466,NA,12.666,NA,0.278569962535993,NA,0.49971171315719,"Qatar",FALSE,"Ukraine",FALSE
191,"BATRONA","Daniela","UKR","2022 Doha World Cup","qual","Doha, Qatar",NA,12.833,10.933,12.166,NA,0.506769405962695,-0.579665491895273,0.0379131163439755,"Qatar",FALSE,"Ukraine",FALSE
192,"BAUYRZHANOVA","Aida","KAZ","2022 51st FIG Artistic Gymnastics World Championships","qual","Liverpool, England",11.766,11.6,11.066,12.333,-1.47854996929622,-0.259906108329193,-0.481786323090591,0.192153847679589,"England",FALSE,"Kazakhstan",FALSE
193,"BAUYRZHANOVA","Aida","KAZ","2022 9th Senior Artistic Gymnastics Asian Championships","final","Doha, Qatar",NA,NA,11.833,NA,NA,NA,0.0826747481364049,NA,"Qatar",FALSE,"Kazakhstan",FALSE
194,"BAUYRZHANOVA","Aida","KAZ","2022 9th Senior Artistic Gymnastics Asian Championships","qual","Doha, Qatar",NA,11.233,12.567,12.467,NA,-0.488105551755894,0.62285001056224,0.315915871625531,"Qatar",FALSE,"Kazakhstan",FALSE
195,"BAUYRZHANOVA","Aida","KAZ","2022 Baku World Cup","qual","Baku, Azerbaijan",NA,NA,12.166,12.333,NA,NA,0.327740636948126,0.192153847679589,"Azerbaijan",FALSE,"Kazakhstan",FALSE
196,"BAUYRZHANOVA","Aida","KAZ","2022 Cairo World Cup","final","Cairo, Egypt",NA,NA,NA,11.566,NA,NA,NA,-0.516245199831882,"Egypt",FALSE,"Kazakhstan",FALSE
197,"BAUYRZHANOVA","Aida","KAZ","2022 Cairo World Cup","qual","Cairo, Egypt",NA,NA,11.566,12.066,NA,NA,-0.113819523072992,-0.0544466030186671,"Egypt",FALSE,"Kazakhstan",FALSE
198,"BAUYRZHANOVA","Aida","KAZ","2022 Doha World Cup","final","Doha, Qatar",NA,NA,NA,11.7,NA,NA,NA,-0.392483175885942,"Qatar",FALSE,"Kazakhstan",FALSE
199,"BAUYRZHANOVA","Aida","KAZ","2022 Doha World Cup","qual","Doha, Qatar",NA,NA,11.1,11.933,NA,NA,-0.456764580689395,-0.177285029770983,"Qatar",FALSE,"Kazakhstan",FALSE
200,"BAUYRZHANOVA","Aida","KAZ","2022 Mersin World Challenge Cup","final","Mersin, Turkey",12.45,NA,12.2,12.3,-0.623284998810776,NA,0.352762379349322,0.161675140289917,"Turkey",FALSE,"Kazakhstan",FALSE
201,"BAUYRZHANOVA","Aida","KAZ","2022 Mersin World Challenge Cup","qual","Mersin, Turkey",12.3,NA,12.15,12.6,-0.810843106373373,NA,0.315965699347563,0.438754298377845,"Turkey",FALSE,"Kazakhstan",FALSE
202,"BAUYRZHANOVA","Aida","KAZ","2023 10th Senior Artistic Gymnastics Asian Championships","qual","Singapore",NA,11.7,11.966,12.7,NA,-0.197726423471781,0.180553916941086,0.531114017740488,"Singapore",FALSE,"Kazakhstan",FALSE
203,"BAUYRZHANOVA","Aida","KAZ","2023 52nd FIG Artistic Gymnastics World Championships","qual","Antwerp, Belgium",12.533,10.5,11.733,10.1,-0.519502845959472,-0.943882641760723,0.00908138813288544,-1.87023868568823,"Belgium",FALSE,"Kazakhstan",FALSE
204,"BAUYRZHANOVA","Aida","KAZ","2023 Baku World Cup","qual","Baku, Azerbaijan",NA,11.2,12.7,12.1,NA,-0.50862484775884,0.720729179366921,-0.0230442984353695,"Azerbaijan",FALSE,"Kazakhstan",FALSE
205,"BAUYRZHANOVA","Aida","KAZ","2023 Cairo World Cup","final","Cairo, Egypt",NA,NA,NA,12.533,NA,NA,NA,0.376873286404874,"Egypt",FALSE,"Kazakhstan",FALSE
206,"BAUYRZHANOVA","Aida","KAZ","2023 Cairo World Cup","qual","Cairo, Egypt",NA,11.033,12.066,12.733,NA,-0.612464921470718,0.254147276944606,0.561592725130161,"Egypt",FALSE,"Kazakhstan",FALSE
207,"BAUYRZHANOVA","Aida","KAZ","2023 Doha World Cup","qual","Doha, Qatar",NA,11.1,12.7,11.5,NA,-0.570804532616252,0.720729179366921,-0.577202614611227,"Qatar",FALSE,"Kazakhstan",FALSE
208,"BAUYRZHANOVA","Aida","KAZ","HANGZHOU 2022 19th Asian Games","AAfinal","Hangzhou, China",11.6,11.1,11.933,12.9,-1.68611427499883,-0.570804532616252,0.156268108139924,0.715833456465775,"China",FALSE,"Kazakhstan",FALSE
209,"BAUYRZHANOVA","Aida","KAZ","HANGZHOU 2022 19th Asian Games","final","Hangzhou, China",NA,11.566,NA,NA,NA,-0.281047201180712,NA,NA,"China",FALSE,"Kazakhstan",FALSE
210,"BAUYRZHANOVA","Aida","KAZ","HANGZHOU 2022 19th Asian Games","qual","Hangzhou, China",12.366,12,12.033,12.266,-0.728317539045831,-0.0111873688995453,0.229861468143444,0.130272835706618,"China",FALSE,"Kazakhstan",FALSE
211,"BEEKHUIS","Esmée","NED","2022 Osijek World Challenge Cup","qual","Osijek, Croatia",12.9,11.7,9.233,NA,-0.0606106761229817,-0.197726423471781,-1.83075261195511,NA,"Croatia",FALSE,"Netherlands",FALSE
212,"BELAK","Teja","CRO","2022 Szombathely World Challenge Cup","final","Szombathely, Hungary",12.9,NA,NA,NA,-0.0606106761229817,NA,NA,NA,"Hungary",FALSE,"Croatia",FALSE
213,"BELAK","Teja","SLO","2022 51st FIG Artistic Gymnastics World Championships","qual","Liverpool, England",12.566,NA,NA,NA,-0.478240062295699,NA,NA,NA,"England",FALSE,"Slovenia",FALSE
214,"BELAK","Teja","SLO","2022 Baku World Cup","final","Baku, Azerbaijan",13.7,NA,NA,NA,0.939699230877539,NA,NA,NA,"Azerbaijan",FALSE,"Slovenia",FALSE
215,"BELAK","Teja","SLO","2022 Baku World Cup","qual","Baku, Azerbaijan",13.766,NA,10.9,NA,1.02222479820508,NA,-0.603951300696434,NA,"Azerbaijan",FALSE,"Slovenia",FALSE
216,"BELAK","Teja","SLO","2022 Cairo World Cup","qual","Cairo, Egypt",NA,NA,11.7,NA,NA,NA,-0.015204420668277,NA,"Egypt",FALSE,"Slovenia",FALSE
217,"BELAK","Teja","SLO","2022 Koper World Challenge Cup","final","Koper, Slovenia",12.55,NA,NA,NA,-0.498246260435709,NA,NA,NA,"Slovenia",FALSE,"Slovenia",TRUE
218,"BELAK","Teja","SLO","2022 Koper World Challenge Cup","qual","Koper, Slovenia",12.5,NA,NA,NA,-0.560765629623243,NA,NA,NA,"Slovenia",FALSE,"Slovenia",TRUE
219,"BELAK","Teja","SLO","2022 Mersin World Challenge Cup","final","Mersin, Turkey",14,NA,NA,NA,1.31481544600274,NA,NA,NA,"Turkey",FALSE,"Slovenia",FALSE
220,"BELAK","Teja","SLO","2022 Mersin World Challenge Cup","qual","Mersin, Turkey",13.85,NA,NA,NA,1.12725733844014,NA,NA,NA,"Turkey",FALSE,"Slovenia",FALSE
221,"BELAK","Teja","SLO","2022 Osijek World Challenge Cup","final","Osijek, Croatia",13.6,NA,NA,NA,0.814660492502474,NA,NA,NA,"Croatia",FALSE,"Slovenia",FALSE
222,"BELAK","Teja","SLO","2022 Osijek World Challenge Cup","qual","Osijek, Croatia",13.933,NA,NA,NA,1.23103949129144,NA,NA,NA,"Croatia",FALSE,"Slovenia",FALSE
223,"BELAK","Teja","SLO","2022 Senior European Championships","qual","Munich, Germany",11.3,NA,NA,NA,-2.06123049012402,NA,NA,NA,"Germany",FALSE,"Slovenia",FALSE
224,"BELAK","Teja","SLO","2022 Szombathely World Challenge Cup","qual","Szombathely, Hungary",12.833,NA,NA,NA,-0.144386630834276,NA,NA,NA,"Hungary",FALSE,"Slovenia",FALSE
225,"BELARDELLI","Arianna","ITA","2023 52nd FIG Artistic Gymnastics World Championships","qual","Antwerp, Belgium",13.833,NA,NA,13.266,1.10600075291638,NA,NA,1.05387002933305,"Belgium",FALSE,"Italy",FALSE
226,"BELARDELLI","Arianna","ITA","2023 52nd FIG Artistic Gymnastics World Championships","TeamFinal","Antwerp, Belgium",13.766,NA,NA,13.133,1.02222479820508,NA,NA,0.931031602580732,"Belgium",FALSE,"Italy",FALSE
227,"BELARDELLI","Arianna","ITA","2023 Baku World Cup","final","Baku, Azerbaijan",NA,NA,NA,12.8,NA,NA,NA,0.623473737103132,"Azerbaijan",FALSE,"Italy",FALSE
228,"BELARDELLI","Arianna","ITA","2023 Baku World Cup","qual","Baku, Azerbaijan",NA,12.833,NA,12.433,NA,0.506769405962695,NA,0.284513567042232,"Azerbaijan",FALSE,"Italy",FALSE
229,"BELBIN","Ellie","GBR","2023 British Gymnastics Championships","final","Liverpool, England",13.25,NA,NA,NA,0.377024908189746,NA,NA,NA,"England",FALSE,"England",TRUE
230,"BELBIN","Ellie","GBR","2023 British Gymnastics Championships","qual","Liverpool, England",13.25,9.25,10.2,11.45,0.377024908189746,-1.72112870247837,-1.11910482072107,-0.623382474292549,"England",FALSE,"England",TRUE
231,"BERGHOLT","Cecilie","DEN","2023 Senior European Championships","qual","Antalya, Turkey",11.833,11.3,9.733,10.566,-1.39477401458493,-0.446445162901428,-1.46278581193751,-1.43984239345831,"Turkey",FALSE,"Denmark",FALSE
232,"BERKIN EVANS","Zadie","GBR","2022 British Gymnastics Championships","qual","Liverpool, England",NA,9.75,9.75,NA,NA,-1.41023027819131,-1.45027494073691,NA,"England",FALSE,"England",TRUE
233,"BERNHARD","Miriam","AUT","2023 Osijek World Challenge Cup","qual","Osijek, Croatia",NA,NA,11.666,10.533,NA,NA,-0.0402261630694729,-1.47032110084799,"Croatia",FALSE,"Austria",FALSE
234,"BESSIT","Tamsyn","RSA","2022 Koper World Challenge Cup","qual","Koper, Slovenia",NA,11.5,10.65,NA,NA,-0.322085793186604,-0.787934700705234,NA,"Slovenia",FALSE,"South Africa",FALSE
235,"BESSIT","Tamsyn","RSA","2023 FISU World University Games","qual","Chengdu, China",11.7,8.9,10.4,11.466,-1.56107553662377,-1.93875759947931,-0.971918100714033,-0.608604919194526,"China",FALSE,"South Africa",FALSE
236,"BETANCES","Camil","DOM","SANTIAGO 2023 XIX Pan American Games","final","Santiago, Chile",12.666,NA,NA,NA,-0.353201323920634,NA,NA,NA,"Chile",FALSE,"Dominican Republic",FALSE
237,"BETANCES","Camil","DOM","SANTIAGO 2023 XIX Pan American Games","qual","Santiago, Chile",12.633,10.533,9.333,10.066,-0.394464107584407,-0.923363345757777,-1.75715925195159,-1.90164099027153,"Chile",FALSE,"Dominican Republic",FALSE
238,"BETANCES REYES","Camil","DOM","2023 Artistic Gymnastics Senior Pan American Championships","TeamQual","Medellin, Colombia",12.833,11.1,10.267,12.133,-0.144386630834276,-0.570804532616252,-1.06979726951872,0.00743440895430216,"Colombia",FALSE,"Dominican Republic",FALSE
239,"BICKEL","Lena","SUI","2023 52nd FIG Artistic Gymnastics World Championships","qual","Antwerp, Belgium",13.166,12.266,12.7,12.5,0.271992367954692,0.15421059282117,0.720729179366921,0.346394579015203,"Belgium",FALSE,"Switzerland",FALSE
240,"BICKEL","Lena","SUI","2023 Senior European Championships","qual","Antalya, Turkey",13.366,11.233,10,13.033,0.522069844704821,-0.488105551755894,-1.26629154072811,0.838671883218089,"Turkey",FALSE,"Switzerland",FALSE
241,"BIKINAITE","Ula","LTU","2022 Senior European Championships","qual","Munich, Germany",12.4,9.1,11.633,9.566,-0.685804367998308,-1.81439822976449,-0.0645119718706354,-2.36343958708474,"Germany",FALSE,"Lithuania",FALSE
242,"BIKINAITE","Ula","LTU","2023 Senior European Championships","qual","Antalya, Turkey",12.166,10.8,8.066,10.133,-0.97839501579596,-0.757343587188487,-2.68958712319618,-1.83975997829856,"Turkey",FALSE,"Lithuania",FALSE
243,"BILES","Simone","USA","2023 52nd FIG Artistic Gymnastics World Championships","AAfinal","Antwerp, Belgium",15.1,14.333,14.433,14.533,2.69024156812845,1.43946467882387,1.99610210822792,2.22406767365773,"Belgium",FALSE,"United States",FALSE
244,"BILES","Simone","USA","2023 52nd FIG Artistic Gymnastics World Championships","final","Antwerp, Belgium",14.433,14.2,14.8,14.633,1.85623318316677,1.35676569796351,2.26618973944084,2.31642739302038,"Belgium",FALSE,"United States",FALSE
245,"BILES","Simone","USA","2023 52nd FIG Artistic Gymnastics World Championships","qual","Antwerp, Belgium",15.266,14.4,14.566,14.633,2.89780587383106,1.48112506767834,2.0939812770326,2.31642739302038,"Belgium",FALSE,"United States",FALSE
246,"BILES","Simone","USA","2023 52nd FIG Artistic Gymnastics World Championships","TeamFinal","Antwerp, Belgium",14.8,14.466,14.3,15.166,2.31512535300326,1.52216365968423,1.89822293942324,2.80870469722326,"Belgium",FALSE,"United States",FALSE
247,"BILES","Simone","USA","2023 Core Hydration Classic","AAfinal","Hoffman Estates, Illinois",15.4,14,14.8,14.9,3.06535778325365,1.23240632824869,2.26618973944084,2.56302784371863,"Illinois",TRUE,"United States",FALSE
248,"BILES","Simone","USA","2023 U.S. Championships","final","San Jose, CA",14.85,14.05,14.85,15.4,2.37764472219079,1.2634961706774,2.3029864194426,3.02482644053185,"California",TRUE,"United States",FALSE
249,"BILES","Simone","USA","2023 U.S. Championships","qual","San Jose, CA",15.7,14.35,14.45,14.8,3.44047399837884,1.45003522524963,2.00861297942852,2.47066812435599,"California",TRUE,"United States",FALSE
250,"BINER","Ceren","TUR","2023 Osijek World Challenge Cup","final","Osijek, Croatia",NA,12.533,NA,12.266,NA,0.32023035139046,NA,0.130272835706618,"Croatia",FALSE,"Turkey",FALSE
251,"BINER","Ceren","TUR","2023 Osijek World Challenge Cup","qual","Osijek, Croatia",12.2,12.5,10.466,12.3,-0.935881844748439,0.299711055387514,-0.923346483111711,0.161675140289917,"Croatia",FALSE,"Turkey",FALSE
252,"BINER","Ceren","TUR","2023 Senior European Championships","final","Antalya, Turkey",13.066,NA,NA,NA,0.146953629579627,NA,NA,NA,"Turkey",FALSE,"Turkey",TRUE
253,"BINER","Ceren","TUR","2023 Senior European Championships","qual","Antalya, Turkey",13.033,11.333,NA,12.033,0.105690845915854,-0.425925866898482,NA,-0.0849253104083405,"Turkey",FALSE,"Turkey",TRUE
254,"BLACK","Ellie","CAN","2022 Paris World Challenge Cup","final","Paris, France",NA,13.85,13.7,NA,NA,1.13913680096257,1.45666277940212,NA,"France",FALSE,"Canada",FALSE
255,"BLACK","Ellie","CAN","2022 Paris World Challenge Cup","qual","Paris, France",NA,13.9,13,NA,NA,1.17022664339128,0.941509259377481,NA,"France",FALSE,"Canada",FALSE
256,"BLACK","Elsabeth","CAN","2022 51st FIG Artistic Gymnastics World Championships","AAfinal","Liverpool, England",14.033,13.933,13.433,13.333,1.35607822966651,1.19074593939423,1.26016850819272,1.11575104130602,"England",FALSE,"Canada",FALSE
257,"BLACK","Elsabeth","CAN","2022 51st FIG Artistic Gymnastics World Championships","final","Liverpool, England",14.2,NA,13.566,NA,1.56489292275286,NA,1.3580476769974,NA,"England",FALSE,"Canada",FALSE
258,"BLACK","Elsabeth","CAN","2022 51st FIG Artistic Gymnastics World Championships","qual","Liverpool, England",13.666,13.933,13.266,13.266,0.897186059830018,1.19074593939423,1.13726759698684,1.05387002933305,"England",FALSE,"Canada",FALSE
259,"BLACK","Elsabeth","CAN","2022 51st FIG Artistic Gymnastics World Championships","TeamFinal","Liverpool, England",14.2,14.033,13.833,13.1,1.56489292275286,1.25292562425164,1.5545419482068,0.90055289519106,"England",FALSE,"Canada",FALSE
260,"BLACK","Elsabeth","CAN","2023 52nd FIG Artistic Gymnastics World Championships","AAfinal","Antwerp, Belgium",14,12.133,12.933,12.9,1.31481544600274,0.0715116119608119,0.892201708175122,0.715833456465775,"Belgium",FALSE,"Canada",FALSE
261,"BLACK","Elsabeth","CAN","2023 52nd FIG Artistic Gymnastics World Championships","final","Antwerp, Belgium",14,13.8,NA,NA,1.31481544600274,1.10804695853387,NA,NA,"Belgium",FALSE,"Canada",FALSE
262,"BLACK","Elsabeth","CAN","2023 52nd FIG Artistic Gymnastics World Championships","qual","Antwerp, Belgium",13.966,14.133,13.566,13.4,1.27230227495521,1.31510530910905,1.3580476769974,1.17763205327899,"Belgium",FALSE,"Canada",FALSE
263,"BLAKELY","Skye","USA","2022 51st FIG Artistic Gymnastics World Championships","final","Liverpool, England",NA,NA,13.3,NA,NA,NA,1.16228933938804,NA,"England",FALSE,"United States",FALSE
264,"BLAKELY","Skye","USA","2022 51st FIG Artistic Gymnastics World Championships","qual","Liverpool, England",NA,12.566,13.733,13.6,NA,0.340749647393406,1.48094858820328,1.36235149200427,"England",FALSE,"United States",FALSE
265,"BLAKELY","Skye","USA","2022 51st FIG Artistic Gymnastics World Championships","TeamFinal","Liverpool, England",NA,NA,13.266,NA,NA,NA,1.13726759698684,NA,"England",FALSE,"United States",FALSE
266,"BLAKELY","Skye","USA","2022 U.S. Championships","final","Tampa, FL",14.3,13.9,12.95,13.45,1.68993166112793,1.17022664339128,0.90471257937572,1.22381191296031,"FL",FALSE,"United States",FALSE
267,"BLAKELY","Skye","USA","2022 U.S. Championships","qual","Tampa, FL",14.1,13.85,13.45,13.3,1.4398541843778,1.13913680096257,1.27267937939332,1.08527233391635,"FL",FALSE,"United States",FALSE
268,"BLAKELY","Skye","USA","2022 Winter Cup","AAfinal","Frisco, Texas",13.8,13.15,13.5,13.25,1.06473796925261,0.703879006960691,1.30947605939508,1.03909247423502,"Texas",TRUE,"United States",FALSE
269,"BLAKELY","Skye","USA","2023 52nd FIG Artistic Gymnastics World Championships","qual","Antwerp, Belgium",NA,14.133,11.866,NA,NA,1.31510530910905,0.106960556937566,NA,"Belgium",FALSE,"United States",FALSE
270,"BLAKELY","Skye","USA","2023 52nd FIG Artistic Gymnastics World Championships","TeamFinal","Antwerp, Belgium",NA,14.166,NA,NA,NA,1.335624605112,NA,NA,"Belgium",FALSE,"United States",FALSE
271,"BLAKELY","Skye","USA","2023 Core Hydration Classic","AAfinal","Hoffman Estates, Illinois",14.1,14.35,14.3,NA,1.4398541843778,1.45003522524963,1.89822293942324,NA,"Illinois",TRUE,"United States",FALSE
272,"BLAKELY","Skye","USA","2023 U.S. Championships","final","San Jose, CA",14.25,14.4,14.2,12.2,1.6274122919404,1.48112506767834,1.82462957941972,0.0693154209272731,"California",TRUE,"United States",FALSE
273,"BLAKELY","Skye","USA","2023 U.S. Championships","qual","San Jose, CA",14.35,14.4,14.05,12.9,1.75245103031546,1.48112506767834,1.71423953941444,0.715833456465775,"California",TRUE,"United States",FALSE
274,"BLAKELY","Skye","USA","2023 Winter Cup","AAfinal","Louisville, Kentucky",NA,13.15,13.4,NA,NA,0.703879006960691,1.23588269939156,NA,"Kentucky",TRUE,"United States",FALSE
275,"BLANCO","Luisa","COL","SANTIAGO 2023 XIX Pan American Games","AAfinal","Santiago, Chile",13.633,11.7,12.2,12.566,0.855923276166245,-0.197726423471781,0.352762379349322,0.407351993794548,"Chile",FALSE,"Colombia",FALSE
276,"BLANCO","Luisa","COL","SANTIAGO 2023 XIX Pan American Games","final","Santiago, Chile",NA,NA,12.166,NA,NA,NA,0.327740636948126,NA,"Chile",FALSE,"Colombia",FALSE
277,"BLANCO","Luisa","COL","SANTIAGO 2023 XIX Pan American Games","qual","Santiago, Chile",13.266,11.966,12.266,11.933,0.397031106329757,-0.0323284617510657,0.401333996951645,-0.177285029770983,"Chile",FALSE,"Colombia",FALSE
278,"BÖCZÖGÖ","Dorina","HUN","2022 Baku World Cup","final","Baku, Azerbaijan",NA,NA,NA,13.166,NA,NA,NA,0.961510309970405,"Azerbaijan",FALSE,"Hungary",FALSE
279,"BÖCZÖGÖ","Dorina","HUN","2022 Baku World Cup","qual","Baku, Azerbaijan",NA,NA,NA,13,NA,NA,NA,0.808193175828418,"Azerbaijan",FALSE,"Hungary",FALSE
280,"BÖCZÖGÖ","Dorina","HUN","2022 Cairo World Cup","final","Cairo, Egypt",NA,NA,NA,12.733,NA,NA,NA,0.561592725130161,"Egypt",FALSE,"Hungary",FALSE
281,"BÖCZÖGÖ","Dorina","HUN","2022 Cairo World Cup","qual","Cairo, Egypt",NA,NA,10.1,12.466,NA,NA,-1.19269818072459,0.314992274431903,"Egypt",FALSE,"Hungary",FALSE
282,"BÖCZÖGÖ","Dorina","HUN","2022 Doha World Cup","final","Doha, Qatar",13,NA,NA,12.433,0.0644280622520831,NA,NA,0.284513567042232,"Qatar",FALSE,"Hungary",FALSE
283,"BÖCZÖGÖ","Dorina","HUN","2022 Doha World Cup","qual","Doha, Qatar",12.966,NA,NA,12.566,0.0219148912045601,NA,NA,0.407351993794548,"Qatar",FALSE,"Hungary",FALSE
284,"BOHLE","Leni","AUT","2023 52nd FIG Artistic Gymnastics World Championships","qual","Antwerp, Belgium",13.1,11.666,11.166,12.4,0.189466800627148,-0.218867516323301,-0.408192963087072,0.25403485965256,"Belgium",FALSE,"Austria",FALSE
285,"BOHLE","Leni","AUT","2023 Senior European Championships","qual","Antalya, Turkey",13,NA,10.166,NA,0.0644280622520831,NA,-1.14412656312227,NA,"Turkey",FALSE,"Austria",FALSE
286,"BOHORQUEZ","Ashley","ECU","SANTIAGO 2023 XIX Pan American Games","AAfinal","Santiago, Chile",12.766,10.3,10.6,12.066,-0.228162585545569,-1.06824201147555,-0.824731380706994,-0.0544466030186671,"Chile",FALSE,"Ecuador",FALSE
287,"BOHORQUEZ","Ashley","ECU","SANTIAGO 2023 XIX Pan American Games","qual","Santiago, Chile",11.6,11.766,9.166,11.933,-1.68611427499883,-0.156687831465889,-1.88006016315747,-0.177285029770983,"Chile",FALSE,"Ecuador",FALSE
288,"BOHORQUEZ ROMERO","Ashley Nayerly","ECU","2023 Artistic Gymnastics Senior Pan American Championships","TeamQual","Medellin, Colombia",12.133,12.333,9.433,12.333,-1.01965779945973,0.195870981675636,-1.68356589194807,0.192153847679589,"Colombia",FALSE,"Ecuador",FALSE
289,"BOOTH","Charlotte","USA","2022 U.S. Championships","final","Tampa, FL",13.6,13.4,12.35,12.15,0.814660492502474,0.859328219104221,0.463152419354602,0.0231355612459526,"FL",FALSE,"United States",FALSE
290,"BOOTH","Charlotte","USA","2022 U.S. Championships","qual","Tampa, FL",13.5,12.3,12.7,12.1,0.689621754127409,0.175351685672691,0.720729179366921,-0.0230442984353695,"FL",FALSE,"United States",FALSE
291,"BOOTH","Charlotte","USA","2022 U.S. Classic","AAfinal","West Valley City, Utah",NA,13.4,11.7,NA,NA,0.859328219104221,-0.015204420668277,NA,"Utah",TRUE,"United States",FALSE
292,"BOOTH","Charlotte","USA","2022 Winter Cup","AAfinal","Frisco, Texas",13.7,12.65,10.6,12.1,0.939699230877539,0.392980582673632,-0.824731380706994,-0.0230442984353695,"Texas",TRUE,"United States",FALSE
293,"BOOTH","Charlotte","USA","2023 Core Hydration Classic","AAfinal","Hoffman Estates, Illinois",13.7,13.65,11.8,12.8,0.939699230877539,1.01477743124775,0.0583889393352438,0.623473737103132,"Illinois",TRUE,"United States",FALSE
294,"BOOTH","Charlotte","USA","2023 U.S. Championships","final","San Jose, CA",13.4,13.35,11.3,11.2,0.564583015752344,0.828238376675514,-0.309577860682355,-0.854281772699157,"California",TRUE,"United States",FALSE
295,"BOOTH","Charlotte","USA","2023 U.S. Championships","qual","San Jose, CA",13.6,13.1,12.5,12.5,0.814660492502474,0.672789164531985,0.573542459359882,0.346394579015203,"California",TRUE,"United States",FALSE
296,"BOOTH","Charlotte","USA","2023 Winter Cup","AAfinal","Louisville, Kentucky",13.55,13.75,12.05,11.75,0.752141123314943,1.07695711610516,0.242372339344043,-0.34630331620462,"Kentucky",TRUE,"United States",FALSE
297,"BORG","Ella","MLT","2022 51st FIG Artistic Gymnastics World Championships","qual","Liverpool, England",NA,8.4,9.6,11.7,NA,-2.24965602376637,-1.56066498074219,-0.392483175885942,"England",FALSE,"Malta",FALSE
298,"BORG","Ella","MLT","2022 Doha World Cup","final","Doha, Qatar",NA,8.9,NA,NA,NA,-1.93875759947931,NA,NA,"Qatar",FALSE,"Malta",FALSE
299,"BORG","Ella","MLT","2022 Doha World Cup","qual","Doha, Qatar",NA,10.033,10.866,11.4,NA,-1.23426177004484,-0.628973043097632,-0.66956233397387,"Qatar",FALSE,"Malta",FALSE
300,"BORG","Ella","MLT","2022 Osijek World Challenge Cup","qual","Osijek, Croatia",11.533,9.1,9.166,11.466,-1.76989022971012,-1.81439822976449,-1.88006016315747,-0.608604919194526,"Croatia",FALSE,"Malta",FALSE
301,"BORG","Ella","MLT","2022 Senior European Championships","qual","Munich, Germany",11.9,9.4,9.5,11.266,-1.31099805987363,-1.62785917519225,-1.63425834074571,-0.793324357919812,"Germany",FALSE,"Malta",FALSE
302,"BORG","Ella","MLT","2023 Senior European Championships","qual","Antalya, Turkey",11.9,8.7,9.433,11.166,-1.31099805987363,-2.06311696919414,-1.68356589194807,-0.885684077282454,"Turkey",FALSE,"Malta",FALSE
303,"BOTTGER","Isabella","GBR","2023 British Gymnastics Championships","qual","Liverpool, England",NA,10.95,NA,NA,NA,-0.66407405990237,NA,NA,"England",FALSE,"England",TRUE
304,"BOUKHATEM","Fatma Zohra","ALG","2022 51st FIG Artistic Gymnastics World Championships","qual","Liverpool, England",12,10.566,8.5,11.466,-1.18595932149857,-0.902844049754831,-2.37019194078091,-0.608604919194526,"England",FALSE,"Algeria",FALSE
305,"BOYER","Marine","FRA","2022 51st FIG Artistic Gymnastics World Championships","final","Liverpool, England",NA,NA,13.3,NA,NA,NA,1.16228933938804,NA,"England",FALSE,"France",FALSE
306,"BOYER","Marine","FRA","2022 51st FIG Artistic Gymnastics World Championships","qual","Liverpool, England",NA,12.8,13.666,13.3,NA,0.48625010995975,1.43164103700092,1.08527233391635,"England",FALSE,"France",FALSE
307,"BOYER","Marine","FRA","2022 51st FIG Artistic Gymnastics World Championships","TeamFinal","Liverpool, England",NA,NA,13.666,13.133,NA,NA,1.43164103700092,0.931031602580732,"England",FALSE,"France",FALSE
308,"BOYER","Marine","FRA","2022 Paris World Challenge Cup","final","Paris, France",NA,NA,13.75,NA,NA,NA,1.49345945940388,NA,"France",FALSE,"France",TRUE
309,"BOYER","Marine","FRA","2022 Paris World Challenge Cup","qual","Paris, France",NA,NA,12.85,NA,NA,NA,0.831119219372201,NA,"France",FALSE,"France",TRUE
310,"BOYER","Marine","FRA","2022 Senior European Championships","qual","Munich, Germany",13.2,NA,13,12.366,0.314505539002213,NA,0.941509259377481,0.222632555069261,"Germany",FALSE,"France",FALSE
311,"BOYER","Marine","FRA","2022 Senior European Championships","TeamFinal","Munich, Germany",NA,NA,12.866,12.7,NA,NA,0.842894156972764,0.531114017740488,"Germany",FALSE,"France",FALSE
312,"BOYER","Marine","FRA","2023 52nd FIG Artistic Gymnastics World Championships","qual","Antwerp, Belgium",13.366,12.7,13.4,12,0.522069844704821,0.424070425102337,1.23588269939156,-0.115404017798012,"Belgium",FALSE,"France",FALSE
313,"BOYER","Marine","FRA","2023 52nd FIG Artistic Gymnastics World Championships","TeamFinal","Antwerp, Belgium",13.266,12.866,13.733,12.633,0.397031106329757,0.527288701965641,1.48094858820328,0.469233005767517,"Belgium",FALSE,"France",FALSE
314,"BOYER","Marine","FRA","2023 Baku World Cup","final","Baku, Azerbaijan",NA,NA,13.866,12.833,NA,NA,1.57882775700796,0.653952444492804,"Azerbaijan",FALSE,"France",FALSE
315,"BOYER","Marine","FRA","2023 Baku World Cup","qual","Baku, Azerbaijan",NA,NA,13.633,12.966,NA,NA,1.40735522819976,0.776790871245118,"Azerbaijan",FALSE,"France",FALSE
316,"BOYER","Marine","FRA","2023 Senior European Championships","qual","Antalya, Turkey",13.333,12.5,12.366,12.733,0.480807061041051,0.299711055387514,0.474927356955165,0.561592725130161,"Turkey",FALSE,"France",FALSE
317,"BOYER","Marine","FRA","2023 Tel Aviv World Challenge Cup","final","Tel Aviv, Israel",NA,NA,13.567,13.033,NA,NA,1.35878361059744,0.838671883218089,"Israel",FALSE,"France",FALSE
318,"BOYER","Marine","FRA","2023 Tel Aviv World Challenge Cup","qual","Tel Aviv, Israel",NA,NA,13.833,12.6,NA,NA,1.5545419482068,0.438754298377845,"Israel",FALSE,"France",FALSE
319,"BRACKLEY","Jacinta","GBR","2022 British Gymnastics Championships","qual","Liverpool, England",NA,9.1,9.15,10.25,NA,-1.81439822976449,-1.89183510075803,-1.73169910664426,"England",FALSE,"England",TRUE
320,"BRASSART","Maellyse","BEL","2022 51st FIG Artistic Gymnastics World Championships","AAfinal","Liverpool, England",13.266,13.766,11.733,13.133,0.397031106329757,1.08690586568235,0.00908138813288544,0.931031602580732,"England",FALSE,"Belgium",FALSE
321,"BRASSART","Maellyse","BEL","2022 51st FIG Artistic Gymnastics World Championships","qual","Liverpool, England",13.3,12.666,11.833,12.9,0.43954427737728,0.402929332250818,0.0826747481364049,0.715833456465775,"England",FALSE,"Belgium",FALSE
322,"BRASSART","Maellyse","BEL","2022 Paris World Challenge Cup","qual","Paris, France",NA,11.05,10.65,NA,NA,-0.601894375044957,-0.787934700705234,NA,"France",FALSE,"Belgium",FALSE
323,"BRASSART","Maellyse","BEL","2022 Senior European Championships","qual","Munich, Germany",12.966,13.133,NA,11.7,0.0219148912045601,0.69330846053493,NA,-0.392483175885942,"Germany",FALSE,"Belgium",FALSE
324,"BRASSART","Maellyse","BEL","2022 Senior European Championships","TeamFinal","Munich, Germany",12.933,13.133,NA,12.566,-0.0193478924592108,0.69330846053493,NA,0.407351993794548,"Germany",FALSE,"Belgium",FALSE
325,"BRASSART","Maellyse","BEL","2023 52nd FIG Artistic Gymnastics World Championships","qual","Antwerp, Belgium",13.133,12.266,NA,NA,0.230729584290919,0.15421059282117,NA,NA,"Belgium",FALSE,"Belgium",TRUE
326,"BRASSART","Maellyse","BEL","2023 Senior European Championships","AAfinal","Antalya, Turkey",13.333,13.666,13.4,12.466,0.480807061041051,1.02472618082494,1.23588269939156,0.314992274431903,"Turkey",FALSE,"Belgium",FALSE
327,"BRASSART","Maellyse","BEL","2023 Senior European Championships","qual","Antalya, Turkey",13.333,12.633,11.133,12.1,0.480807061041051,0.382410036247871,-0.432478771888234,-0.0230442984353695,"Turkey",FALSE,"Belgium",FALSE
328,"BRASSART","Maellyse","BEL","EnBW DTB Pokal Team Challenge 2023","final","Stuttgart, Germany",NA,NA,13.133,NA,NA,NA,1.03938842818216,NA,"Germany",FALSE,"Belgium",FALSE
329,"BRASSART","Maellyse","BEL","EnBW DTB Pokal Team Challenge 2023","qual","Stuttgart, Germany",13.3,13.55,13.3,12.75,0.43954427737728,0.952597746390339,1.16228933938804,0.57729387742181,"Germany",FALSE,"Belgium",FALSE
330,"BREMNER","Emily","GBR","2022 British Gymnastics Championships","qual","Liverpool, England",12.85,11.25,11.45,11.2,-0.123130045310515,-0.477535005330134,-0.199187820677076,-0.854281772699157,"England",FALSE,"England",TRUE
331,"BREMNER","Emily","SCO","BIRMINGHAM 2022 Commonwealth Games","qual","Birmingham, England",NA,11.55,11.5,12.05,NA,-0.290995950757898,-0.162391140675316,-0.06922415811669,"England",FALSE,"Scotland",FALSE
332,"BRIDGE","Anna","GBR","2022 British Gymnastics Championships","qual","Liverpool, England",11.85,9.8,6.75,10.15,-1.37351742906117,-1.37914043576261,-3.6580757408425,-1.82405882600691,"England",FALSE,"England",TRUE
333,"BRIDGE","Megan","GBR","2022 British Gymnastics Championships","qual","Liverpool, England",13.1,7.75,10.05,3.05,0.189466800627148,-2.65382397533955,-1.22949486072635,-8.38159890075456,"England",FALSE,"England",TRUE
334,"BROSTELLA","Valentin","PAN","SANTIAGO 2023 XIX Pan American Games","qual","Santiago, Chile",12.166,NA,NA,NA,-0.97839501579596,NA,NA,NA,"Chile",FALSE,"Panama",FALSE
335,"BROSTELLA","Valentina","PAN","2023 Central American and Caribbean Games","qual","San Salvador, El Salvador",NA,9.8,NA,11.45,NA,-1.37914043576261,NA,-0.623382474292549,"El Salvador",FALSE,"Panama",FALSE
336,"BROSTELLA","Valentina","PAN","SANTIAGO 2023 XIX Pan American Games","qual","Santiago, Chile",NA,11.066,NA,10.433,NA,-0.591945625467771,NA,-1.56268082021063,"Chile",FALSE,"Panama",FALSE
337,"BROSTELLA ARIAS","Valentina","PAN","2023 Artistic Gymnastics Senior Pan American Championships","TeamFinal","Medellin, Colombia",NA,10.967,NA,NA,NA,-0.653503513476609,NA,NA,"Colombia",FALSE,"Panama",FALSE
338,"BROSTELLA ARIAS","Valentina","PAN","2023 Artistic Gymnastics Senior Pan American Championships","TeamQual","Medellin, Colombia",10.5,11.5,10.433,11.767,-3.06154039712455,-0.322085793186604,-0.947632291912872,-0.330602163912971,"Colombia",FALSE,"Panama",FALSE
339,"BROWN","Georgia Rose","AUS","2022 51st FIG Artistic Gymnastics World Championships","qual","Liverpool, England",13,13.4,NA,11.133,0.0644280622520831,0.859328219104221,NA,-0.916162784672128,"England",FALSE,"Australia",FALSE
340,"BROWN","Georgia Rose","AUS","2023 Baku World Cup","final","Baku, Azerbaijan",NA,13.633,NA,NA,NA,1.00420688482199,NA,NA,"Azerbaijan",FALSE,"Australia",FALSE
341,"BROWN","Georgia Rose","AUS","2023 Baku World Cup","qual","Baku, Azerbaijan",NA,13.5,NA,NA,NA,0.921507903961632,NA,NA,"Azerbaijan",FALSE,"Australia",FALSE
342,"BROWN","Georgia Rose","AUS","2023 Doha World Cup","final","Doha, Qatar",NA,12.466,NA,NA,NA,0.278569962535993,NA,NA,"Qatar",FALSE,"Australia",FALSE
343,"BROWN","Georgia Rose","AUS","2023 Doha World Cup","qual","Doha, Qatar",NA,12.533,NA,NA,NA,0.32023035139046,NA,NA,"Qatar",FALSE,"Australia",FALSE
344,"BROWN","Lynnzee","HAI","2023 52nd FIG Artistic Gymnastics World Championships","qual","Antwerp, Belgium",13.5,11.1,11.166,12,0.689621754127409,-0.570804532616252,-0.408192963087072,-0.115404017798012,"Belgium",FALSE,"Haiti",FALSE
345,"BROWN","Lynnzee","HAI","SANTIAGO 2023 XIX Pan American Games","AAfinal","Santiago, Chile",13.4,11,11.533,12.2,0.564583015752344,-0.632984217473664,-0.138105331874155,0.0693154209272731,"Chile",FALSE,"Haiti",FALSE
346,"BROWN","Lynnzee","HAI","SANTIAGO 2023 XIX Pan American Games","qual","Santiago, Chile",13.4,11.066,11.3,11.866,0.564583015752344,-0.591945625467771,-0.309577860682355,-0.239166041743954,"Chile",FALSE,"Haiti",FALSE
347,"BROWN","Romi","AUS","2022 51st FIG Artistic Gymnastics World Championships","AAfinal","Liverpool, England",13.166,13.466,11.2,11.433,0.271992367954692,0.900366811110112,-0.383171220685876,-0.639083626584198,"England",FALSE,"Australia",FALSE
348,"BROWN","Romi","AUS","2022 51st FIG Artistic Gymnastics World Championships","qual","Liverpool, England",13.166,13.566,12.266,12.733,0.271992367954692,0.962546495967525,0.401333996951645,0.561592725130161,"England",FALSE,"Australia",FALSE
349,"BROWN","Romi","AUS","BIRMINGHAM 2022 Commonwealth Games","final","Birmingham, England",NA,NA,NA,11.766,NA,NA,NA,-0.331525761106597,"England",FALSE,"Australia",FALSE
350,"BROWN","Romi","AUS","BIRMINGHAM 2022 Commonwealth Games","qual","Birmingham, England",NA,13.4,NA,12.75,NA,0.859328219104221,NA,0.57729387742181,"England",FALSE,"Australia",FALSE
351,"BROWN","Romi","AUS","EnBW DTB Pokal Team Challenge 2023","qual","Stuttgart, Germany",NA,12.4,12.6,NA,NA,0.237531370530102,0.647135819363401,NA,"Germany",FALSE,"Australia",FALSE
352,"BUI","Kim","GER","2022 Senior European Championships","final","Munich, Germany",NA,14.066,NA,NA,NA,1.27344492025458,NA,NA,"Germany",FALSE,"Germany",TRUE
353,"BUI","Kim","GER","2022 Senior European Championships","qual","Munich, Germany",13.1,14.2,12.833,12.866,0.189466800627148,1.35676569796351,0.818608348171603,0.684431151882476,"Germany",FALSE,"Germany",TRUE
354,"BUI","Kim","GER","2022 Senior European Championships","TeamFinal","Munich, Germany",13.266,13.433,NA,13.033,0.397031106329757,0.879847515107166,NA,0.838671883218089,"Germany",FALSE,"Germany",TRUE
355,"BURROWS","Annabelle","AUS","2023 Osijek World Challenge Cup","final","Osijek, Croatia",13.633,NA,NA,12.333,0.855923276166245,NA,NA,0.192153847679589,"Croatia",FALSE,"Australia",FALSE
356,"BURROWS","Annabelle","AUS","2023 Osijek World Challenge Cup","qual","Osijek, Croatia",13.266,11.966,11.433,12.7,0.397031106329757,-0.0323284617510657,-0.211698691877674,0.531114017740488,"Croatia",FALSE,"Australia",FALSE
357,"CALDERON PORTUGAL","Analia Victoria","ECU","2023 Artistic Gymnastics Senior Pan American Championships","TeamQual","Medellin, Colombia",NA,10.3,NA,NA,NA,-1.06824201147555,NA,NA,"Colombia",FALSE,"Ecuador",FALSE
358,"CALLE GIL","Irene","ESP","2023 FISU World University Games","qual","Chengdu, China",12.5,11.566,10.433,12.033,-0.560765629623243,-0.281047201180712,-0.947632291912872,-0.0849253104083405,"China",FALSE,"Spain",FALSE
359,"CAMPOS","Paulina","MEX","2022 51st FIG Artistic Gymnastics World Championships","qual","Liverpool, England",NA,12.066,11.066,12.033,NA,0.029851223106347,-0.481786323090591,-0.0849253104083405,"England",FALSE,"Mexico",FALSE
360,"CAMPOS","Paulina","MEX","2022 Szombathely World Challenge Cup","final","Szombathely, Hungary",NA,NA,NA,12.133,NA,NA,NA,0.00743440895430216,"Hungary",FALSE,"Mexico",FALSE
361,"CAMPOS","Paulina","MEX","2022 Szombathely World Challenge Cup","qual","Szombathely, Hungary",NA,12.166,11.5,12.3,NA,0.0920309079637586,-0.162391140675316,0.161675140289917,"Hungary",FALSE,"Mexico",FALSE
362,"CAMPOS","Paulina","MEX","2023 52nd FIG Artistic Gymnastics World Championships","qual","Antwerp, Belgium",NA,11.633,11.133,NA,NA,-0.239386812326247,-0.432478771888234,NA,"Belgium",FALSE,"Mexico",FALSE
363,"CAMPOS","Paulina","MEX","2023 Artistic Gymnastics Senior Pan American Championships","TeamFinal","Medellin, Colombia",NA,12.933,NA,NA,NA,0.568949090820107,NA,NA,"Colombia",FALSE,"Mexico",FALSE
364,"CAMPOS","Paulina","MEX","2023 Artistic Gymnastics Senior Pan American Championships","TeamQual","Medellin, Colombia",NA,13.5,12.1,NA,NA,0.921507903961632,0.279169019345802,NA,"Colombia",FALSE,"Mexico",FALSE
365,"CAMPOS","Paulina","MEX","2023 Central American and Caribbean Games","final","San Salvador, El Salvador",NA,13.4,12.65,NA,NA,0.859328219104221,0.683932499365162,NA,"El Salvador",FALSE,"Mexico",FALSE
366,"CAMPOS","Paulina","MEX","2023 Central American and Caribbean Games","qual","San Salvador, El Salvador",NA,13.25,12.3,NA,NA,0.766058691818103,0.426355739352843,NA,"El Salvador",FALSE,"Mexico",FALSE
367,"CAMPOS","Paulina","MEX","SANTIAGO 2023 XIX Pan American Games","final","Santiago, Chile",NA,11.4,NA,NA,NA,-0.384265478044016,NA,NA,"Chile",FALSE,"Mexico",FALSE
368,"CAMPOS","Paulina","MEX","SANTIAGO 2023 XIX Pan American Games","qual","Santiago, Chile",11.566,12.6,11.2,11.833,-1.72862744604635,0.361890740244926,-0.383171220685876,-0.269644749133626,"Chile",FALSE,"Mexico",FALSE
369,"CARDERO","Sabrina","CUB","2023 Artistic Gymnastics Senior Pan American Championships","TeamQual","Medellin, Colombia",11.767,5.467,NA,NA,-1.47729958191247,-4.07338618063426,NA,NA,"Colombia",FALSE,"Cuba",FALSE
370,"CARDERO","Sabrina","CUB","2023 Central American and Caribbean Games","qual","San Salvador, El Salvador",12.3,8.65,7.4,9.85,-0.810843106373373,-2.09420681162284,-3.17971890081963,-2.10113798409484,"El Salvador",FALSE,"Cuba",FALSE
371,"CAREY","Jade","USA","2022 51st FIG Artistic Gymnastics World Championships","AAfinal","Liverpool, England",14.733,13.166,12.633,14.166,2.23134939829196,0.713827756537877,0.671421628164562,1.88510750359683,"England",FALSE,"United States",FALSE
372,"CAREY","Jade","USA","2022 51st FIG Artistic Gymnastics World Championships","final","Liverpool, England",14.733,NA,NA,13.733,2.23134939829196,NA,NA,1.48518991875659,"England",FALSE,"United States",FALSE
373,"CAREY","Jade","USA","2022 51st FIG Artistic Gymnastics World Championships","qual","Liverpool, England",14.6,13.333,13.133,14.066,2.06504787625313,0.817667830249755,1.03938842818216,1.79274778423419,"England",FALSE,"United States",FALSE
374,"CAREY","Jade","USA","2022 51st FIG Artistic Gymnastics World Championships","TeamFinal","Liverpool, England",14.8,NA,12.8,14.1,2.31512535300326,NA,0.794322539370442,1.82415008881749,"England",FALSE,"United States",FALSE
375,"CAREY","Jade","USA","2022 Paris World Challenge Cup","final","Paris, France",14.75,NA,13.75,NA,2.25260598381572,NA,1.49345945940388,NA,"France",FALSE,"United States",FALSE
376,"CAREY","Jade","USA","2022 Paris World Challenge Cup","qual","Paris, France",14.55,NA,13.4,NA,2.00252850706559,NA,1.23588269939156,NA,"France",FALSE,"United States",FALSE
377,"CAREY","Jade","USA","2022 U.S. Championships","final","Tampa, FL",14.65,13.45,13.3,13.85,2.12756724544066,0.890418061532926,1.16228933938804,1.59325079041088,"FL",FALSE,"United States",FALSE
378,"CAREY","Jade","USA","2022 U.S. Championships","qual","Tampa, FL",14.8,13.6,13.2,14.05,2.31512535300326,0.983687588819044,1.08869597938452,1.77797022913617,"FL",FALSE,"United States",FALSE
379,"CAREY","Jade","USA","2023 Core Hydration Classic","AAfinal","Hoffman Estates, Illinois",NA,NA,13,NA,NA,NA,0.941509259377481,NA,"Illinois",TRUE,"United States",FALSE
380,"CAREY","Jade","USA","2023 U.S. Championships","final","San Jose, CA",14.55,13.25,12.05,13.1,2.00252850706559,0.766058691818103,0.242372339344043,0.90055289519106,"California",TRUE,"United States",FALSE
381,"CAREY","Jade","USA","2023 U.S. Championships","qual","San Jose, CA",13.95,12.05,12.15,13.35,1.2522960768152,0.0199024735291611,0.315965699347563,1.13145219359767,"California",TRUE,"United States",FALSE
382,"CARRARO","Brisa","ARG","2022 51st FIG Artistic Gymnastics World Championships","qual","Liverpool, England",NA,11.833,12.1,NA,NA,-0.115027442611423,0.279169019345802,NA,"England",FALSE,"Argentina",FALSE
383,"CARRARO","Brisa","ARG","2023 52nd FIG Artistic Gymnastics World Championships","qual","Antwerp, Belgium",NA,12.5,NA,11.433,NA,0.299711055387514,NA,-0.639083626584198,"Belgium",FALSE,"Argentina",FALSE
384,"CASABUENA","Laura","ESP","2022 51st FIG Artistic Gymnastics World Championships","AAfinal","Liverpool, England",13.2,12.3,7.5,13.333,0.314505539002213,0.175351685672691,-3.10612554081611,1.11575104130602,"England",FALSE,"Spain",FALSE
385,"CASABUENA","Laura","ESP","2022 51st FIG Artistic Gymnastics World Championships","qual","Liverpool, England",13.2,12.666,12.966,13.2,0.314505539002213,0.402929332250818,0.916487516976283,0.992912614553703,"England",FALSE,"Spain",FALSE
386,"CASABUENA","Laura","ESP","2022 Koper World Challenge Cup","final","Koper, Slovenia",NA,12.65,NA,11.8,NA,0.392980582673632,NA,-0.300123456523297,"Slovenia",FALSE,"Spain",FALSE
387,"CASABUENA","Laura","ESP","2022 Koper World Challenge Cup","qual","Koper, Slovenia",12.85,12.85,10.7,12.85,-0.123130045310515,0.517339952388455,-0.751138020703475,0.669653596784453,"Slovenia",FALSE,"Spain",FALSE
388,"CASABUENA","Laura","ESP","2022 Paris World Challenge Cup","final","Paris, France",NA,NA,NA,12.75,NA,NA,NA,0.57729387742181,"France",FALSE,"Spain",FALSE
389,"CASABUENA","Laura","ESP","2022 Paris World Challenge Cup","qual","Paris, France",12.8,12.15,12.2,12.7,-0.185649414498046,0.0820821583865727,0.352762379349322,0.531114017740488,"France",FALSE,"Spain",FALSE
390,"CASABUENA","Laura","ESP","2022 Senior European Championships","qual","Munich, Germany",11.8,13,11.733,12.733,-1.4360367982487,0.610609479674573,0.00908138813288544,0.561592725130161,"Germany",FALSE,"Spain",FALSE
391,"CASABUENA","Laura","ESP","2022 Senior European Championships","TeamFinal","Munich, Germany",13,12.9,11.933,12.666,0.0644280622520831,0.548429794817161,0.156268108139924,0.49971171315719,"Germany",FALSE,"Spain",FALSE
392,"CASABUENA","Laura","ESP","2023 52nd FIG Artistic Gymnastics World Championships","qual","Antwerp, Belgium",13.066,12.9,11.233,13.066,0.146953629579627,0.548429794817161,-0.358885411884713,0.869150590607763,"Belgium",FALSE,"Spain",FALSE
393,"CASABUENA","Laura","ESP","2023 Cottbus World Cup","final","Cottbus, Germany",13.2,NA,NA,12.166,0.314505539002213,NA,NA,0.0379131163439755,"Germany",FALSE,"Spain",FALSE
394,"CASABUENA","Laura","ESP","2023 Cottbus World Cup","qual","Cottbus, Germany",13.133,11.633,12.533,13,0.230729584290919,-0.239386812326247,0.597828268161043,0.808193175828418,"Germany",FALSE,"Spain",FALSE
395,"CASABUENA","Laura","ESP","2023 Senior European Championships","AAfinal","Antalya, Turkey",13.233,12.9,12.3,12.7,0.355768322665986,0.548429794817161,0.426355739352843,0.531114017740488,"Turkey",FALSE,"Spain",FALSE
396,"CASABUENA","Laura","ESP","2023 Senior European Championships","final","Antalya, Turkey",NA,NA,NA,13.033,NA,NA,NA,0.838671883218089,"Turkey",FALSE,"Spain",FALSE
397,"CASABUENA","Laura","ESP","2023 Senior European Championships","qual","Antalya, Turkey",13.166,13.133,11.8,13.1,0.271992367954692,0.69330846053493,0.0583889393352438,0.90055289519106,"Turkey",FALSE,"Spain",FALSE
398,"CASELLA","Catalina","CHI","2023 Artistic Gymnastics Senior Pan American Championships","TeamQual","Medellin, Colombia",11.867,11.067,10.833,11.567,-1.3522608435374,-0.591323828619198,-0.653258851898793,-0.515321602638256,"Colombia",FALSE,"Chile",FALSE
399,"CASELLA","Sofia","CHI","SANTIAGO 2023 XIX Pan American Games","qual","Santiago, Chile",NA,11.066,10.933,10.966,NA,-0.591945625467771,-0.579665491895273,-1.07040351600774,"Chile",FALSE,"Chile",TRUE
400,"CASSIDY","Charlotte","GBR","2022 British Gymnastics Championships","qual","Liverpool, England",11.95,10,10.2,10.3,-1.2484786906861,-1.25478106604778,-1.11910482072107,-1.68551924696294,"England",FALSE,"England",TRUE
401,"CASTANEDA ABARCA","Arianna Maria","CRC","2023 Artistic Gymnastics Senior Pan American Championships","TeamQual","Medellin, Colombia",11.933,NA,NA,NA,-1.26973527620986,NA,NA,NA,"Colombia",FALSE,"Costa Rica",FALSE
402,"CAYLOR","Dulcy","USA","2023 Core Hydration Classic","AAfinal","Hoffman Estates, Illinois",13.7,12.9,12.7,12.65,0.939699230877539,0.548429794817161,0.720729179366921,0.484934158059167,"Illinois",TRUE,"United States",FALSE
403,"CAYLOR","Dulcy","USA","2023 U.S. Championships","final","San Jose, CA",13.6,12.75,12.4,12.75,0.814660492502474,0.455160267531044,0.499949099356362,0.57729387742181,"California",TRUE,"United States",FALSE
404,"CAYLOR","Dulcy","USA","2023 U.S. Championships","qual","San Jose, CA",13.9,12,12.2,12.9,1.18977670762767,-0.0111873688995453,0.352762379349322,0.715833456465775,"California",TRUE,"United States",FALSE
405,"CAYLOR","Dulcy","USA","2023 Winter Cup","AAfinal","Louisville, Kentucky",13.4,13.35,11.95,11.85,0.564583015752344,0.828238376675514,0.168778979340522,-0.253943596841977,"Kentucky",TRUE,"United States",FALSE
406,"CEREGHETTI","Caterina","SUI","2023 Senior European Championships","qual","Antalya, Turkey",12.866,11.633,11.466,12.2,-0.103123847170505,-0.239386812326247,-0.187412883076513,0.0693154209272731,"Turkey",FALSE,"Switzerland",FALSE
407,"CHAKOVA","Viktoria","BUL","2022 Varna World Challenge Cup","qual","Varna, Bulgaria",NA,NA,9.75,11.7,NA,NA,-1.45027494073691,-0.392483175885942,"Bulgaria",FALSE,"Bulgaria",TRUE
408,"CHAM","Olivia","GBR","2022 British Gymnastics Championships","qual","Liverpool, England",12.5,8.75,11.8,11.9,-0.560765629623243,-2.03202712676543,0.0583889393352438,-0.207763737160655,"England",FALSE,"England",TRUE
409,"CHAN","Cheuk Lam","HKG","2022 51st FIG Artistic Gymnastics World Championships","qual","Liverpool, England",NA,NA,10.033,NA,NA,NA,-1.24200573192695,NA,"England",FALSE,"Hong Kong",FALSE
410,"CHAN","Cheuk Lam","HKG","2023 Baku World Cup","qual","Baku, Azerbaijan",NA,NA,11.633,11.3,NA,NA,-0.0645119718706354,-0.761922053336512,"Azerbaijan",FALSE,"Hong Kong",FALSE
411,"CHAN","Cheuk Lam","HKG","2023 Cottbus World Cup","qual","Cottbus, Germany",NA,NA,10.4,11.033,NA,NA,-0.971918100714033,-1.00852250403477,"Germany",FALSE,"Hong Kong",FALSE
412,"CHAN","Cheuk Lam","HKG","2023 Doha World Cup","qual","Doha, Qatar",NA,NA,12.366,10.933,NA,NA,0.474927356955165,-1.10088222339741,"Qatar",FALSE,"Hong Kong",FALSE
413,"CHAN","Cheuk Lam","HKG","2023 Tel Aviv World Challenge Cup","qual","Tel Aviv, Israel",12,NA,10.667,10.833,-1.18595932149857,NA,-0.775423829504636,-1.19324194276006,"Israel",FALSE,"Hong Kong",FALSE
414,"CHAN","Cheuk Lam","HKG","2023 Varna World Challenge Cup","qual","Varna, Bulgaria",12.166,NA,12.233,10.7,-0.97839501579596,NA,0.377048188150484,-1.31608036951237,"Bulgaria",FALSE,"Hong Kong",FALSE
415,"CHAN","Cheuk Lam Charlie","HKG","2022 Cairo World Cup","qual","Cairo, Egypt",11.933,NA,11.333,NA,-1.26973527620986,NA,-0.285292051881194,NA,"Egypt",FALSE,"Hong Kong",FALSE
416,"CHAN","Cheuk Lam Charlie","HKG","2023 10th Senior Artistic Gymnastics Asian Championships","qual","Singapore",12.2,8.2,11.266,11.733,-0.935881844748439,-2.3740153934812,-0.334599603083552,-0.362004468496268,"Singapore",FALSE,"Hong Kong",FALSE
417,"CHANG","Tzu Ling","TPE","HANGZHOU 2022 19th Asian Games","qual","Hangzhou, China",NA,11.233,NA,NA,NA,-0.488105551755894,NA,NA,"China",FALSE,"Taiwan",FALSE
418,"CHARALAMPOUS","Georgia","CYP","2023 Senior European Championships","qual","Antalya, Turkey",11.4,10.966,7.6,9.866,-1.93619175174896,-0.654125310325184,-3.03253218081259,-2.08636042899681,"Turkey",FALSE,"Cyprus",FALSE
419,"CHARPY","Lorette","FRA","2022 Baku World Cup","final","Baku, Azerbaijan",NA,13.866,12.966,12.666,NA,1.14908555053976,0.916487516976283,0.49971171315719,"Azerbaijan",FALSE,"France",FALSE
420,"CHARPY","Lorette","FRA","2022 Baku World Cup","qual","Baku, Azerbaijan",NA,13.733,13,12.566,NA,1.0663865696794,0.941509259377481,0.407351993794548,"Azerbaijan",FALSE,"France",FALSE
421,"CHARPY","Lorette","FRA","2022 Senior European Championships","final","Munich, Germany",NA,14.166,NA,NA,NA,1.335624605112,NA,NA,"Germany",FALSE,"France",FALSE
422,"CHARPY","Lorette","FRA","2022 Senior European Championships","qual","Munich, Germany",NA,13.833,NA,NA,NA,1.12856625453681,NA,NA,"Germany",FALSE,"France",FALSE
423,"CHARPY","Lorette","FRA","2022 Senior European Championships","TeamFinal","Munich, Germany",NA,13.266,NA,NA,NA,0.776007441395289,NA,NA,"Germany",FALSE,"France",FALSE
424,"CHARPY","Lorette","FRA","2023 52nd FIG Artistic Gymnastics World Championships","final","Antwerp, Belgium",NA,12.933,NA,NA,NA,0.568949090820107,NA,NA,"Belgium",FALSE,"France",FALSE
425,"CHARPY","Lorette","FRA","2023 52nd FIG Artistic Gymnastics World Championships","qual","Antwerp, Belgium",NA,14.133,12.4,NA,NA,1.31510530910905,0.499949099356362,NA,"Belgium",FALSE,"France",FALSE
426,"CHARPY","Lorette","FRA","2023 52nd FIG Artistic Gymnastics World Championships","TeamFinal","Antwerp, Belgium",NA,14.133,NA,NA,NA,1.31510530910905,NA,NA,"Belgium",FALSE,"France",FALSE
427,"CHAVEZ","Carmina","ESA","2023 Central American and Caribbean Games","qual","San Salvador, El Salvador",11.9,9.95,8.85,11.65,-1.31099805987363,-1.28587090847649,-2.11261518076859,-0.438663035567262,"El Salvador",FALSE,"El Salvador",TRUE
428,"CHAVEZ MARTINEZ","Carmina Isabella","ESA","2023 Artistic Gymnastics Senior Pan American Championships","TeamQual","Medellin, Colombia",11.3,8.8,8.9,10.967,-2.06123049012402,-2.00093728433672,-2.07581850076683,-1.06947991881411,"Colombia",FALSE,"El Salvador",FALSE
429,"CHEONG","Yuet Yung","SGP","BIRMINGHAM 2022 Commonwealth Games","qual","Birmingham, England",NA,9.5,NA,NA,NA,-1.56567949033484,NA,NA,"England",FALSE,"Singapore",FALSE
430,"CHILES","Jordan","USA","2022 51st FIG Artistic Gymnastics World Championships","final","Liverpool, England",14.5,NA,NA,13.833,1.94000913787806,NA,NA,1.57754963811923,"England",FALSE,"United States",FALSE
431,"CHILES","Jordan","USA","2022 51st FIG Artistic Gymnastics World Championships","qual","Liverpool, England",14.466,14.066,11.366,14.1,1.89749596683054,1.27344492025458,-0.261006243080033,1.82415008881749,"England",FALSE,"United States",FALSE
432,"CHILES","Jordan","USA","2022 51st FIG Artistic Gymnastics World Championships","TeamFinal","Liverpool, England",14.4,14.1,13.333,14,1.814970399503,1.2945860131061,1.1865751481892,1.73179036945485,"England",FALSE,"United States",FALSE
433,"CHILES","Jordan","USA","2022 Paris World Challenge Cup","final","Paris, France",14.15,13.75,NA,14.05,1.50237355356533,1.07695711610516,NA,1.77797022913617,"France",FALSE,"United States",FALSE
434,"CHILES","Jordan","USA","2022 Paris World Challenge Cup","qual","Paris, France",14.1,13.4,NA,13.5,1.4398541843778,0.859328219104221,NA,1.26999177264163,"France",FALSE,"United States",FALSE
435,"CHILES","Jordan","USA","2022 U.S. Championships","final","Tampa, FL",14.3,14.1,13.45,13.9,1.68993166112793,1.2945860131061,1.27267937939332,1.6394306500922,"FL",FALSE,"United States",FALSE
436,"CHILES","Jordan","USA","2022 U.S. Championships","qual","Tampa, FL",14.35,14.25,13.6,13.95,1.75245103031546,1.38785554039222,1.3830694193986,1.68561050977353,"FL",FALSE,"United States",FALSE
437,"CHILES","Jordan","USA","2023 Core Hydration Classic","AAfinal","Hoffman Estates, Illinois",NA,13.9,12.8,NA,NA,1.17022664339128,0.794322539370442,NA,"Illinois",TRUE,"United States",FALSE
438,"CHILES","Jordan","USA","2023 U.S. Championships","final","San Jose, CA",14.25,12.95,12.1,13.85,1.6274122919404,0.579519637245867,0.279169019345802,1.59325079041088,"California",TRUE,"United States",FALSE
439,"CHILES","Jordan","USA","2023 U.S. Championships","qual","San Jose, CA",14.3,14.2,13,13.1,1.68993166112793,1.35676569796351,0.941509259377481,0.90055289519106,"California",TRUE,"United States",FALSE
440,"CHILES","Jordan","USA","SANTIAGO 2023 XIX Pan American Games","AAfinal","Santiago, Chile",14.3,12.7,13.466,13.533,1.68993166112793,0.424070425102337,1.28445431699388,1.3004704800313,"Chile",FALSE,"United States",FALSE
441,"CHILES","Jordan","USA","SANTIAGO 2023 XIX Pan American Games","final","Santiago, Chile",14.4,12.4,NA,NA,1.814970399503,0.237531370530102,NA,NA,"Chile",FALSE,"United States",FALSE
442,"CHILES","Jordan","USA","SANTIAGO 2023 XIX Pan American Games","qual","Santiago, Chile",14.366,14.1,13,13.2,1.77245722845547,1.2945860131061,0.941509259377481,0.992912614553703,"Chile",FALSE,"United States",FALSE
443,"CHO","Chloe","USA","2023 Core Hydration Classic","AAfinal","Hoffman Estates, Illinois",12.95,10.95,10.5,12.25,0.00190869306454961,-0.66407405990237,-0.898324740710514,0.115495280608595,"Illinois",TRUE,"United States",FALSE
444,"CHO","Chloe","USA","2023 Winter Cup","AAfinal","Louisville, Kentucky",12.9,12,9.4,11.4,-0.0606106761229817,-0.0111873688995453,-1.70785170074923,-0.66956233397387,"Kentucky",TRUE,"United States",FALSE
445,"CHOI","Dasol","KOR","2023 FISU World University Games","qual","Chengdu, China",12,8.766,11.666,10.766,-1.18595932149857,-2.02207837718824,-0.0402261630694729,-1.25512295473303,"China",FALSE,"Korea, South",FALSE
446,"CHRISTIAN","Norah","USA","2023 Core Hydration Classic","AAfinal","Hoffman Estates, Illinois",12.9,12.9,10.5,11.1,-0.0606106761229817,0.548429794817161,-0.898324740710514,-0.946641492061799,"Illinois",TRUE,"United States",FALSE
447,"CHRISTIAN","Norah","USA","2023 Winter Cup","AAfinal","Louisville, Kentucky",11.9,11.2,10.4,11.45,-1.31099805987363,-0.50862484775884,-0.971918100714033,-0.623382474292549,"Kentucky",TRUE,"United States",FALSE
448,"CHUSOVITINA","Oksana","UZB","2022 9th Senior Artistic Gymnastics Asian Championships","final","Doha, Qatar",12.433,NA,NA,NA,-0.644541584334537,NA,NA,NA,"Qatar",FALSE,"Uzbekistan",FALSE
449,"CHUSOVITINA","Oksana","UZB","2022 9th Senior Artistic Gymnastics Asian Championships","qual","Doha, Qatar",13.1,NA,NA,NA,0.189466800627148,NA,NA,NA,"Qatar",FALSE,"Uzbekistan",FALSE
450,"CHUSOVITINA","Oksana","UZB","2022 Baku World Cup","final","Baku, Azerbaijan",13.333,NA,NA,NA,0.480807061041051,NA,NA,NA,"Azerbaijan",FALSE,"Uzbekistan",FALSE
451,"CHUSOVITINA","Oksana","UZB","2022 Baku World Cup","qual","Baku, Azerbaijan",13.5,NA,NA,NA,0.689621754127409,NA,NA,NA,"Azerbaijan",FALSE,"Uzbekistan",FALSE
452,"CHUSOVITINA","Oksana","UZB","2022 Cairo World Cup","final","Cairo, Egypt",12.7,NA,NA,NA,-0.310688152873113,NA,NA,NA,"Egypt",FALSE,"Uzbekistan",FALSE
453,"CHUSOVITINA","Oksana","UZB","2022 Cairo World Cup","qual","Cairo, Egypt",12.666,NA,NA,NA,-0.353201323920634,NA,NA,NA,"Egypt",FALSE,"Uzbekistan",FALSE
454,"CHUSOVITINA","Oksana","UZB","2022 Doha World Cup","final","Doha, Qatar",13.6,NA,NA,NA,0.814660492502474,NA,NA,NA,"Qatar",FALSE,"Uzbekistan",FALSE
455,"CHUSOVITINA","Oksana","UZB","2022 Doha World Cup","qual","Doha, Qatar",12.666,NA,NA,NA,-0.353201323920634,NA,NA,NA,"Qatar",FALSE,"Uzbekistan",FALSE
456,"CHUSOVITINA","Oksana","UZB","2023 10th Senior Artistic Gymnastics Asian Championships","final","Singapore",13.633,NA,NA,NA,0.855923276166245,NA,NA,NA,"Singapore",FALSE,"Uzbekistan",FALSE
457,"CHUSOVITINA","Oksana","UZB","2023 10th Senior Artistic Gymnastics Asian Championships","qual","Singapore",12.533,11.366,10.9,11.9,-0.519502845959472,-0.405406570895537,-0.603951300696434,-0.207763737160655,"Singapore",FALSE,"Uzbekistan",FALSE
458,"CHUSOVITINA","Oksana","UZB","2023 Baku World Cup","final","Baku, Azerbaijan",13.633,NA,NA,NA,0.855923276166245,NA,NA,NA,"Azerbaijan",FALSE,"Uzbekistan",FALSE
459,"CHUSOVITINA","Oksana","UZB","2023 Baku World Cup","qual","Baku, Azerbaijan",12.833,NA,11.333,NA,-0.144386630834276,NA,-0.285292051881194,NA,"Azerbaijan",FALSE,"Uzbekistan",FALSE
460,"CHUSOVITINA","Oksana","UZB","2023 Cairo World Cup","final","Cairo, Egypt",11.9,NA,NA,NA,-1.31099805987363,NA,NA,NA,"Egypt",FALSE,"Uzbekistan",FALSE
461,"CHUSOVITINA","Oksana","UZB","2023 Cairo World Cup","qual","Cairo, Egypt",12.833,11.333,NA,11.3,-0.144386630834276,-0.425925866898482,NA,-0.761922053336512,"Egypt",FALSE,"Uzbekistan",FALSE
462,"CHUSOVITINA","Oksana","UZB","2023 Cottbus World Cup","final","Cottbus, Germany",12.866,NA,NA,NA,-0.103123847170505,NA,NA,NA,"Germany",FALSE,"Uzbekistan",FALSE
463,"CHUSOVITINA","Oksana","UZB","2023 Cottbus World Cup","qual","Cottbus, Germany",12.7,NA,NA,NA,-0.310688152873113,NA,NA,NA,"Germany",FALSE,"Uzbekistan",FALSE
464,"CHUSOVITINA","Oksana","UZB","2023 Doha World Cup","final","Doha, Qatar",12.7,NA,NA,NA,-0.310688152873113,NA,NA,NA,"Qatar",FALSE,"Uzbekistan",FALSE
465,"CHUSOVITINA","Oksana","UZB","2023 Doha World Cup","qual","Doha, Qatar",12.633,9.866,NA,NA,-0.394464107584407,-1.33810184375671,NA,NA,"Qatar",FALSE,"Uzbekistan",FALSE
466,"CHUSOVITINA","Oksana","UZB","HANGZHOU 2022 19th Asian Games","final","Hangzhou, China",13.533,NA,NA,NA,0.73088453779118,NA,NA,NA,"China",FALSE,"Uzbekistan",FALSE
467,"CHUSOVITINA","Oksana","UZB","HANGZHOU 2022 19th Asian Games","qual","Hangzhou, China",12.866,NA,NA,NA,-0.103123847170505,NA,NA,NA,"China",FALSE,"Uzbekistan",FALSE
468,"CITHERLET","Lou Anne","SUI","2023 Varna World Challenge Cup","qual","Varna, Bulgaria",12.433,11.466,NA,NA,-0.644541584334537,-0.343226886038125,NA,NA,"Bulgaria",FALSE,"Switzerland",FALSE
469,"CLARK","Tara Vella","MLT","2022 Doha World Cup","qual","Doha, Qatar",10.266,NA,NA,NA,-3.3541310449222,NA,NA,NA,"Qatar",FALSE,"Malta",FALSE
470,"CLARK","Tara Vella","MLT","2022 Osijek World Challenge Cup","qual","Osijek, Croatia",11.733,9.933,11.5,10.833,-1.51981275295999,-1.29644145490225,-0.162391140675316,-1.19324194276006,"Croatia",FALSE,"Malta",FALSE
471,"CLARKE","Jerusha","GBR","2022 British Gymnastics Championships","qual","Liverpool, England",11.8,9.35,NA,11.95,-1.4360367982487,-1.65894901762096,NA,-0.161583877479334,"England",FALSE,"England",TRUE
472,"COBB","Reece","NZL","2022 51st FIG Artistic Gymnastics World Championships","qual","Liverpool, England",12.066,11.833,9.933,11.666,-1.10343375417103,-0.115027442611423,-1.31559909193047,-0.423885480469239,"England",FALSE,"New Zealand",FALSE
473,"COBB","Reece","NZL","2022 Cottbus World Cup","qual","Cottbus, Germany",NA,11.766,11.533,11.466,NA,-0.156687831465889,-0.138105331874155,-0.608604919194526,"Germany",FALSE,"New Zealand",FALSE
474,"COBB","Reece","NZL","2023 52nd FIG Artistic Gymnastics World Championships","qual","Antwerp, Belgium",11.433,10.8,12.366,11.066,-1.89492896808519,-0.757343587188487,0.474927356955165,-0.978043796645097,"Belgium",FALSE,"New Zealand",FALSE
475,"CONRADIE","Lisa","RSA","2023 FISU World University Games","qual","Chengdu, China",11.766,10.9,10.333,10.8,-1.47854996929622,-0.695163902331075,-1.02122565191639,-1.22372065014973,"China",FALSE,"South Africa",FALSE
476,"CONSOLI","Adriana","USA","2022 Winter Cup","AAfinal","Frisco, Texas",12.65,10.75,NA,NA,-0.373207522060645,-0.788433429617193,NA,NA,"Texas",TRUE,"United States",FALSE
477,"COOPER","Tyde","RSA","2022 Koper World Challenge Cup","qual","Koper, Slovenia",NA,NA,10.15,11.05,NA,NA,-1.15590150072283,-0.99282135174312,"Slovenia",FALSE,"South Africa",FALSE
478,"COSMAN","Lilia","ROU","2023 52nd FIG Artistic Gymnastics World Championships","qual","Antwerp, Belgium",13.633,13.033,NA,12.733,0.855923276166245,0.631128775677519,NA,0.561592725130161,"Belgium",FALSE,"Romania",FALSE
479,"COSMAN","Lilia","ROU","2023 Senior European Championships","qual","Antalya, Turkey",13.166,12.666,NA,NA,0.271992367954692,0.402929332250818,NA,NA,"Turkey",FALSE,"Romania",FALSE
480,"COSTA","Mafalda","POR","2022 Senior European Championships","qual","Munich, Germany",11.466,8.2,11.566,11.8,-1.85366618442142,-2.3740153934812,-0.113819523072992,-0.300123456523297,"Germany",FALSE,"Portugal",FALSE
481,"COSTA","Mafalda","POR","2023 52nd FIG Artistic Gymnastics World Championships","qual","Antwerp, Belgium",11.8,9.666,11.833,11.933,-1.4360367982487,-1.46246121347154,0.0826747481364049,-0.177285029770983,"Belgium",FALSE,"Portugal",FALSE
482,"COSTA","Mafalda","POR","2023 Baku World Cup","qual","Baku, Azerbaijan",11.733,8.266,11.3,12,-1.51981275295999,-2.3329768014753,-0.309577860682355,-0.115404017798012,"Azerbaijan",FALSE,"Portugal",FALSE
483,"COSTA","Mafalda","POR","2023 Senior European Championships","qual","Antalya, Turkey",12.333,11.433,10.933,11.966,-0.769580322709602,-0.363746182041071,-0.579665491895273,-0.146806322381311,"Turkey",FALSE,"Portugal",FALSE
484,"CRNJAC","Lara","SLO","2023 FISU World University Games","qual","Chengdu, China",NA,11.833,NA,NA,NA,-0.115027442611423,NA,NA,"China",FALSE,"Slovenia",FALSE
485,"CRNJAC","Lara","SLO","2023 Osijek World Challenge Cup","qual","Osijek, Croatia",NA,11.333,NA,NA,NA,-0.425925866898482,NA,NA,"Croatia",FALSE,"Slovenia",FALSE
486,"CUBILLOS","Karen","COL","2023 Central American and Caribbean Games","qual","San Salvador, El Salvador",NA,11.75,11.05,NA,NA,-0.166636581043075,-0.493561260691154,NA,"El Salvador",FALSE,"Colombia",FALSE
487,"CURTI RUIZ","Milagros","ARG","2023 52nd FIG Artistic Gymnastics World Championships","qual","Antwerp, Belgium",13.1,11.666,12.633,11.333,0.189466800627148,-0.218867516323301,0.671421628164562,-0.731443345946841,"Belgium",FALSE,"Argentina",FALSE
488,"CURTI RUIZ","Milagros","ARG","2023 Artistic Gymnastics Senior Pan American Championships","TeamFinal","Medellin, Colombia",12.767,NA,12.133,12.233,-0.22691219816182,NA,0.303454828146963,0.0997941283169464,"Colombia",FALSE,"Argentina",FALSE
489,"CURTI RUIZ","Milagros","ARG","2023 Artistic Gymnastics Senior Pan American Championships","TeamQual","Medellin, Colombia",12.633,NA,11.267,12.5,-0.394464107584407,NA,-0.333863669483517,0.346394579015203,"Colombia",FALSE,"Argentina",FALSE
490,"CURTI RUIZ","Milagros","ARG","SANTIAGO 2023 XIX Pan American Games","AAfinal","Santiago, Chile",12.066,11.933,12.666,12.133,-1.10343375417103,-0.0528477577540113,0.695707436965725,0.00743440895430216,"Chile",FALSE,"Argentina",FALSE
491,"CURTI RUIZ","Milagros","ARG","SANTIAGO 2023 XIX Pan American Games","qual","Santiago, Chile",12.833,11.2,11.466,12.433,-0.144386630834276,-0.50862484775884,-0.187412883076513,0.284513567042232,"Chile",FALSE,"Argentina",FALSE
492,"CZIFRA","Bettina Lili","HUN","2023 52nd FIG Artistic Gymnastics World Championships","qual","Antwerp, Belgium",13.633,12.733,12.866,12.133,0.855923276166245,0.444589721105284,0.842894156972764,0.00743440895430216,"Belgium",FALSE,"Hungary",FALSE
493,"CZIFRA","Bettina Lili","HUN","2023 Senior European Championships","qual","Antalya, Turkey",12.433,12.566,10.633,12.133,-0.644541584334537,0.340749647393406,-0.800445571905833,0.00743440895430216,"Turkey",FALSE,"Hungary",FALSE
494,"CZIFRA","Bettina Lili","HUN","2023 Varna World Challenge Cup","final","Varna, Bulgaria",NA,NA,13.466,NA,NA,NA,1.28445431699388,NA,"Bulgaria",FALSE,"Hungary",FALSE
495,"CZIFRA","Bettina Lili","HUN","2023 Varna World Challenge Cup","qual","Varna, Bulgaria",NA,NA,12.8,NA,NA,NA,0.794322539370442,NA,"Bulgaria",FALSE,"Hungary",FALSE
496,"D AMATO","Alice","ITA","2022 51st FIG Artistic Gymnastics World Championships","AAfinal","Liverpool, England",14.166,13.266,12.533,13.066,1.52237975170534,0.776007441395289,0.597828268161043,0.869150590607763,"England",FALSE,"Italy",FALSE
497,"D AMATO","Alice","ITA","2022 51st FIG Artistic Gymnastics World Championships","qual","Liverpool, England",14.233,14.4,12.133,13.6,1.60615570641664,1.48112506767834,0.303454828146963,1.36235149200427,"England",FALSE,"Italy",FALSE
498,"D AMATO","Alice","ITA","2022 51st FIG Artistic Gymnastics World Championships","TeamFinal","Liverpool, England",14.3,13.5,NA,13.133,1.68993166112793,0.921507903961632,NA,0.931031602580732,"England",FALSE,"Italy",FALSE
499,"D AMATO","Alice","ITA","2022 Senior European Championships","final","Munich, Germany",NA,14.4,NA,NA,NA,1.48112506767834,NA,NA,"Germany",FALSE,"Italy",FALSE
500,"D AMATO","Alice","ITA","2022 Senior European Championships","qual","Munich, Germany",13.666,14.566,NA,13.5,0.897186059830018,1.58434334454164,NA,1.26999177264163,"Germany",FALSE,"Italy",FALSE
501,"D AMATO","Alice","ITA","2022 Senior European Championships","TeamFinal","Munich, Germany",14.1,14.633,NA,13.333,1.4398541843778,1.62600373339611,NA,1.11575104130602,"Germany",FALSE,"Italy",FALSE
502,"D AMATO","Alice","ITA","2023 52nd FIG Artistic Gymnastics World Championships","AAfinal","Antwerp, Belgium",13.933,14.666,13.166,12.5,1.23103949129144,1.64652302939905,1.06367423698332,0.346394579015203,"Belgium",FALSE,"Italy",FALSE
503,"D AMATO","Alice","ITA","2023 52nd FIG Artistic Gymnastics World Championships","qual","Antwerp, Belgium",14,13.033,12.533,13.4,1.31481544600274,0.631128775677519,0.597828268161043,1.17763205327899,"Belgium",FALSE,"Italy",FALSE
504,"D AMATO","Alice","ITA","2023 52nd FIG Artistic Gymnastics World Championships","TeamFinal","Antwerp, Belgium",14.166,13.2,NA,13.3,1.52237975170534,0.734968849389396,NA,1.08527233391635,"Belgium",FALSE,"Italy",FALSE
505,"D AMATO","Alice","ITA","2023 Cairo World Cup","final","Cairo, Egypt",NA,14.633,NA,13.5,NA,1.62600373339611,NA,1.26999177264163,"Egypt",FALSE,"Italy",FALSE
506,"D AMATO","Alice","ITA","2023 Cairo World Cup","qual","Cairo, Egypt",NA,14.466,NA,13.566,NA,1.52216365968423,NA,1.33094918742098,"Egypt",FALSE,"Italy",FALSE
507,"D AMATO","Alice","ITA","2023 Cottbus World Cup","final","Cottbus, Germany",NA,14.5,NA,13.133,NA,1.54330475253575,NA,0.931031602580732,"Germany",FALSE,"Italy",FALSE
508,"D AMATO","Alice","ITA","2023 Cottbus World Cup","qual","Cottbus, Germany",NA,14.5,NA,13.466,NA,1.54330475253575,NA,1.23858946805833,"Germany",FALSE,"Italy",FALSE
509,"D AMATO","Alice","ITA","2023 Senior European Championships","AAfinal","Antalya, Turkey",14,14.4,13,13.1,1.31481544600274,1.48112506767834,0.941509259377481,0.90055289519106,"Turkey",FALSE,"Italy",FALSE
510,"D AMATO","Alice","ITA","2023 Senior European Championships","final","Antalya, Turkey",NA,14.466,13.3,13.433,NA,1.52216365968423,1.16228933938804,1.20811076066866,"Turkey",FALSE,"Italy",FALSE
511,"D AMATO","Alice","ITA","2023 Senior European Championships","qual","Antalya, Turkey",14,14.5,13.033,13.366,1.31481544600274,1.54330475253575,0.965795068178642,1.14622974869569,"Turkey",FALSE,"Italy",FALSE
512,"D AMATO","Asia","ITA","2022 Senior European Championships","final","Munich, Germany",14.1,NA,NA,NA,1.4398541843778,NA,NA,NA,"Germany",FALSE,"Italy",FALSE
513,"D AMATO","Asia","ITA","2022 Senior European Championships","qual","Munich, Germany",13.766,13.9,13.5,13.566,1.02222479820508,1.17022664339128,1.30947605939508,1.33094918742098,"Germany",FALSE,"Italy",FALSE
514,"D AMATO","Asia","ITA","2022 Senior European Championships","TeamFinal","Munich, Germany",13.833,14,13.8,13.566,1.10600075291638,1.23240632824869,1.53025613940564,1.33094918742098,"Germany",FALSE,"Italy",FALSE
515,"D AMATO","Asia","ITA","2023 Cairo World Cup","final","Cairo, Egypt",14.1,NA,NA,NA,1.4398541843778,NA,NA,NA,"Egypt",FALSE,"Italy",FALSE
516,"D AMATO","Asia","ITA","2023 Cairo World Cup","qual","Cairo, Egypt",14.133,NA,13.433,11.833,1.48111696804157,NA,1.26016850819272,-0.269644749133626,"Egypt",FALSE,"Italy",FALSE
517,"D AMATO","Asia","ITA","2023 Senior European Championships","final","Antalya, Turkey",14,NA,NA,NA,1.31481544600274,NA,NA,NA,"Turkey",FALSE,"Italy",FALSE
518,"D AMATO","Asia","ITA","2023 Senior European Championships","qual","Antalya, Turkey",13.933,14.166,12.5,NA,1.23103949129144,1.335624605112,0.573542459359882,NA,"Turkey",FALSE,"Italy",FALSE
519,"DABOUR","Farida","EGY","2023 Cairo World Cup","qual","Cairo, Egypt",12.1,NA,NA,NA,-1.0609205831235,NA,NA,NA,"Egypt",FALSE,"Egypt",TRUE
520,"DALENE","Amalie","NOR","2023 Baku World Cup","qual","Baku, Azerbaijan",11.566,NA,NA,NA,-1.72862744604635,NA,NA,NA,"Azerbaijan",FALSE,"Norway",FALSE
521,"DANDOIS","Margaux","BEL","2023 52nd FIG Artistic Gymnastics World Championships","qual","Antwerp, Belgium",11.8,12.866,12.066,12.733,-1.4360367982487,0.527288701965641,0.254147276944606,0.561592725130161,"Belgium",FALSE,"Belgium",TRUE
522,"DANDOIS","Margaux","BEL","2023 Cairo World Cup","qual","Cairo, Egypt",NA,NA,11.033,12.066,NA,NA,-0.506072131891754,-0.0544466030186671,"Egypt",FALSE,"Belgium",FALSE
523,"DANDOIS","Margaux","BEL","2023 Tel Aviv World Challenge Cup","final","Tel Aviv, Israel",NA,12.2,NA,12.267,NA,0.113172000815278,NA,0.131196432900244,"Israel",FALSE,"Belgium",FALSE
524,"DANDOIS","Margaux","BEL","2023 Tel Aviv World Challenge Cup","qual","Tel Aviv, Israel",NA,12.833,11.967,13.067,NA,0.506769405962695,0.181289850541122,0.870074187801388,"Israel",FALSE,"Belgium",FALSE
525,"DARIES","Naveen","RSA","2022 51st FIG Artistic Gymnastics World Championships","qual","Liverpool, England",12.666,12.366,10.566,12.3,-0.353201323920634,0.216390277678582,-0.84975312310819,0.161675140289917,"England",FALSE,"South Africa",FALSE
526,"DARIES","Naveen","RSA","2022 Cairo World Cup","final","Cairo, Egypt",NA,11.133,11.5,11.4,NA,-0.550285236613307,-0.162391140675316,-0.66956233397387,"Egypt",FALSE,"South Africa",FALSE
527,"DARIES","Naveen","RSA","2022 Cairo World Cup","qual","Cairo, Egypt",NA,11.6,11.7,12,NA,-0.259906108329193,-0.015204420668277,-0.115404017798012,"Egypt",FALSE,"South Africa",FALSE
528,"DARIES","Naveen","RSA","2022 Varna World Challenge Cup","qual","Varna, Bulgaria",12.95,9.95,10.6,NA,0.00190869306454961,-1.28587090847649,-0.824731380706994,NA,"Bulgaria",FALSE,"South Africa",FALSE
529,"DARIES","Naveen","RSA","2023 52nd FIG Artistic Gymnastics World Championships","qual","Antwerp, Belgium",13.133,12.166,11.1,11.733,0.230729584290919,0.0920309079637586,-0.456764580689395,-0.362004468496268,"Belgium",FALSE,"South Africa",FALSE
530,"DARIES","Naveen","RSA","BIRMINGHAM 2022 Commonwealth Games","AAfinal","Birmingham, England",12.95,12.8,11.4,12.7,0.00190869306454961,0.48625010995975,-0.235984500678836,0.531114017740488,"England",FALSE,"South Africa",FALSE
531,"DARIES","Naveen","RSA","BIRMINGHAM 2022 Commonwealth Games","final","Birmingham, England",12.8,NA,NA,12.2,-0.185649414498046,NA,NA,0.0693154209272731,"England",FALSE,"South Africa",FALSE
532,"DARIES","Naveen","RSA","BIRMINGHAM 2022 Commonwealth Games","qual","Birmingham, England",12.95,12.05,10.8,12.55,0.00190869306454961,0.0199024735291611,-0.677544660699954,0.392574438696525,"England",FALSE,"South Africa",FALSE
533,"DARIES","Zelme","RSA","2022 Osijek World Challenge Cup","qual","Osijek, Croatia",NA,8.833,NA,10.666,NA,-1.98041798833378,NA,-1.34748267409567,"Croatia",FALSE,"South Africa",FALSE
534,"DAS","Papiya","IND","2022 9th Senior Artistic Gymnastics Asian Championships","qual","Doha, Qatar",NA,8.9,10.333,9.1,NA,-1.93875759947931,-1.02122565191639,-2.79383587931466,"Qatar",FALSE,"India",FALSE
535,"DAS","Pranati","IND","2022 9th Senior Artistic Gymnastics Asian Championships","qual","Doha, Qatar",NA,9.767,9.467,10.567,NA,-1.39965973176555,-1.65854414954687,-1.43891879626469,"Qatar",FALSE,"India",FALSE
536,"DAS","Pranati","IND","2022 Osijek World Challenge Cup","qual","Osijek, Croatia",NA,NA,11.4,NA,NA,NA,-0.235984500678836,NA,"Croatia",FALSE,"India",FALSE
537,"DAS","Pranati","IND","2023 10th Senior Artistic Gymnastics Asian Championships","qual","Singapore",NA,NA,10.233,11.933,NA,NA,-1.09481901191991,-0.177285029770983,"Singapore",FALSE,"India",FALSE
538,"DAS NEVES BOTEGA SOARES","Julia","BRA","2023 Artistic Gymnastics Senior Pan American Championships","TeamFinal","Medellin, Colombia",NA,12,12.3,13.033,NA,-0.0111873688995453,0.426355739352843,0.838671883218089,"Colombia",FALSE,"Brazil",FALSE
539,"DAS NEVES BOTEGA SOARES","Julia","BRA","2023 Artistic Gymnastics Senior Pan American Championships","TeamQual","Medellin, Colombia",12.533,12.633,12.433,12.9,-0.519502845959472,0.382410036247871,0.524234908157523,0.715833456465775,"Colombia",FALSE,"Brazil",FALSE
540,"DAVAANYAM","Namuuntsetseg","MGL","2023 10th Senior Artistic Gymnastics Asian Championships","qual","Singapore",NA,7.633,NA,10.866,NA,-2.72657420662272,NA,-1.16276323537038,"Singapore",FALSE,"Mongolia",FALSE
541,"DAVIES","Grace","GBR","2023 British Gymnastics Championships","final","Liverpool, England",NA,11.75,12.65,NA,NA,-0.166636581043075,0.683932499365162,NA,"England",FALSE,"England",TRUE
542,"DAVIES","Grace","GBR","2023 British Gymnastics Championships","qual","Liverpool, England",12.75,12.95,12.65,12.05,-0.24816878368558,0.579519637245867,0.683932499365162,-0.06922415811669,"England",FALSE,"England",TRUE
543,"DAWSON","Mabelle","GBR","2023 British Gymnastics Championships","qual","Liverpool, England",11.8,8.95,11.4,10.2,-1.4360367982487,-1.90766775705061,-0.235984500678836,-1.77787896632559,"England",FALSE,"England",TRUE
544,"DAYKIN","Jessica","GBR","2022 British Gymnastics Championships","qual","Liverpool, England",12.8,9.35,11.2,11.45,-0.185649414498046,-1.65894901762096,-0.383171220685876,-0.623382474292549,"England",FALSE,"England",TRUE
545,"DE FREITAS","Joana","MON","2022 Senior European Championships","qual","Munich, Germany",11.566,8.966,10,10.433,-1.72862744604635,-1.89771900747342,-1.26629154072811,-1.56268082021063,"Germany",FALSE,"Monaco",FALSE
546,"DE FREITAS","Joana","MON","2023 Baku World Cup","qual","Baku, Azerbaijan",NA,NA,10,10.766,NA,NA,-1.26629154072811,-1.25512295473303,"Azerbaijan",FALSE,"Monaco",FALSE
547,"DE FREITAS","Joana","MON","2023 Cottbus World Cup","qual","Cottbus, Germany",NA,NA,10.933,10.933,NA,NA,-0.579665491895273,-1.10088222339741,"Germany",FALSE,"Monaco",FALSE
548,"DE FREITAS","Joana","MON","2023 Senior European Championships","qual","Antalya, Turkey",12.666,10.366,9.3,11.4,-0.353201323920634,-1.02720341946965,-1.78144506075275,-0.66956233397387,"Turkey",FALSE,"Monaco",FALSE
549,"DE JESUS DOS SANTOS","Melanie","FRA","2022 51st FIG Artistic Gymnastics World Championships","qual","Liverpool, England",13.666,14.4,12.533,13.266,0.897186059830018,1.48112506767834,0.597828268161043,1.05387002933305,"England",FALSE,"France",FALSE
550,"DE JESUS DOS SANTOS","Melanie","FRA","2022 51st FIG Artistic Gymnastics World Championships","TeamFinal","Liverpool, England",13.7,13.066,11.2,13.366,0.939699230877539,0.651648071680465,-0.383171220685876,1.14622974869569,"England",FALSE,"France",FALSE
551,"DE JESUS DOS SANTOS","Melanie","FRA","2023 52nd FIG Artistic Gymnastics World Championships","AAfinal","Antwerp, Belgium",14.066,12.5,13.466,13.833,1.39734101333028,0.299711055387514,1.28445431699388,1.57754963811923,"Belgium",FALSE,"France",FALSE
552,"DE JESUS DOS SANTOS","Melanie","FRA","2023 52nd FIG Artistic Gymnastics World Championships","qual","Antwerp, Belgium",14.366,14.066,12.733,13.3,1.77245722845547,1.27344492025458,0.745014988168083,1.08527233391635,"Belgium",FALSE,"France",FALSE
553,"DE JESUS DOS SANTOS","Melanie","FRA","2023 52nd FIG Artistic Gymnastics World Championships","TeamFinal","Antwerp, Belgium",14.4,14.4,14,13.7,1.814970399503,1.48112506767834,1.67744285941268,1.45471121136692,"Belgium",FALSE,"France",FALSE
554,"DELGADO","Natalia","PUR","2023 Central American and Caribbean Games","qual","San Salvador, El Salvador",10.5,9.75,11.4,10.15,-3.06154039712455,-1.41023027819131,-0.235984500678836,-1.82405882600691,"El Salvador",FALSE,"Puerto Rico",FALSE
555,"DELGADO LOPEZ","Natalia Gabriela","PUR","2023 Artistic Gymnastics Senior Pan American Championships","TeamFinal","Medellin, Colombia",11.3,NA,11.167,11.633,-2.06123049012402,NA,-0.407457029487037,-0.454364187858913,"Colombia",FALSE,"Puerto Rico",FALSE
556,"DELGADO LOPEZ","Natalia Gabriela","PUR","2023 Artistic Gymnastics Senior Pan American Championships","TeamQual","Medellin, Colombia",11.133,10.9,11.067,NA,-2.27004518321039,-0.695163902331075,-0.481050389490557,NA,"Colombia",FALSE,"Puerto Rico",FALSE
557,"DEMARSICO","Lara Albertina","ARG","2023 FISU World University Games","qual","Chengdu, China",11.666,10.733,11.633,11.366,-1.60358870767129,-0.799003976042953,-0.0645119718706354,-0.700964638557169,"China",FALSE,"Argentina",FALSE
558,"DENOMMEE","Laurie","CAN","2022 51st FIG Artistic Gymnastics World Championships","qual","Liverpool, England",13.4,12.866,NA,13.266,0.564583015752344,0.527288701965641,NA,1.05387002933305,"England",FALSE,"Canada",FALSE
559,"DENOMMEE","Laurie","CAN","2022 51st FIG Artistic Gymnastics World Championships","TeamFinal","Liverpool, England",NA,NA,NA,12.933,NA,NA,NA,0.746312163855447,"England",FALSE,"Canada",FALSE
560,"DENOMMEE","Laurie","CAN","BIRMINGHAM 2022 Commonwealth Games","AAfinal","Birmingham, England",13.2,12.45,10.9,13.15,0.314505539002213,0.268621212958808,-0.603951300696434,0.946732754872382,"England",FALSE,"Canada",FALSE
561,"DENOMMEE","Laurie","CAN","BIRMINGHAM 2022 Commonwealth Games","final","Birmingham, England",13.566,NA,NA,NA,0.772147321454953,NA,NA,NA,"England",FALSE,"Canada",FALSE
562,"DENOMMEE","Laurie","CAN","BIRMINGHAM 2022 Commonwealth Games","qual","Birmingham, England",13.65,12.45,11.7,12.65,0.877179861690008,0.268621212958808,-0.015204420668277,0.484934158059167,"England",FALSE,"Canada",FALSE
563,"DENOMMÉE","Laurie","CAN","2022 Cairo World Cup","final","Cairo, Egypt",12.633,12.033,NA,12.566,-0.394464107584407,0.00933192710340031,NA,0.407351993794548,"Egypt",FALSE,"Canada",FALSE
564,"DENOMMÉE","Laurie","CAN","2022 Cairo World Cup","qual","Cairo, Egypt",12.6,12.7,11.466,12.933,-0.435726891248178,0.424070425102337,-0.187412883076513,0.746312163855447,"Egypt",FALSE,"Canada",FALSE
565,"DEREK","Ana","CRO","2022 Koper World Challenge Cup","final","Koper, Slovenia",NA,NA,13.25,12.9,NA,NA,1.12549265938628,0.715833456465775,"Slovenia",FALSE,"Croatia",FALSE
566,"DEREK","Ana","CRO","2022 Koper World Challenge Cup","qual","Koper, Slovenia",NA,NA,12.55,13.1,NA,NA,0.610339139361642,0.90055289519106,"Slovenia",FALSE,"Croatia",FALSE
567,"DEREK","Ana","CRO","2022 Osijek World Challenge Cup","final","Osijek, Croatia",NA,NA,13.133,13.266,NA,NA,1.03938842818216,1.05387002933305,"Croatia",FALSE,"Croatia",TRUE
568,"DEREK","Ana","CRO","2022 Osijek World Challenge Cup","qual","Osijek, Croatia",NA,NA,13.6,13.066,NA,NA,1.3830694193986,0.869150590607763,"Croatia",FALSE,"Croatia",TRUE
569,"DEREK","Ana","CRO","2022 Senior European Championships","qual","Munich, Germany",NA,NA,12.666,12.766,NA,NA,0.695707436965725,0.592071432519833,"Germany",FALSE,"Croatia",FALSE
570,"DEREK","Ana","CRO","2022 Varna World Challenge Cup","final","Varna, Bulgaria",NA,NA,13.3,12.9,NA,NA,1.16228933938804,0.715833456465775,"Bulgaria",FALSE,"Croatia",FALSE
571,"DEREK","Ana","CRO","2022 Varna World Challenge Cup","qual","Varna, Bulgaria",NA,NA,13.1,13.05,NA,NA,1.015102619381,0.85437303550974,"Bulgaria",FALSE,"Croatia",FALSE
572,"DERWAEL","Nina","BEL","2022 51st FIG Artistic Gymnastics World Championships","final","Liverpool, England",NA,14.7,NA,NA,NA,1.66766412225057,NA,NA,"England",FALSE,"Belgium",FALSE
573,"DERWAEL","Nina","BEL","2022 51st FIG Artistic Gymnastics World Championships","qual","Liverpool, England",NA,14.7,12.566,NA,NA,1.66766412225057,0.622114076962205,NA,"England",FALSE,"Belgium",FALSE
574,"DEVILLARD","Coline","FRA","2022 51st FIG Artistic Gymnastics World Championships","final","Liverpool, England",14.5,NA,NA,NA,1.94000913787806,NA,NA,NA,"England",FALSE,"France",FALSE
575,"DEVILLARD","Coline","FRA","2022 51st FIG Artistic Gymnastics World Championships","qual","Liverpool, England",14.433,NA,NA,NA,1.85623318316677,NA,NA,NA,"England",FALSE,"France",FALSE
576,"DEVILLARD","Coline","FRA","2022 51st FIG Artistic Gymnastics World Championships","TeamFinal","Liverpool, England",13.7,NA,NA,NA,0.939699230877539,NA,NA,NA,"England",FALSE,"France",FALSE
577,"DEVILLARD","Coline","FRA","2022 Paris World Challenge Cup","final","Paris, France",14.35,NA,NA,NA,1.75245103031546,NA,NA,NA,"France",FALSE,"France",TRUE
578,"DEVILLARD","Coline","FRA","2022 Paris World Challenge Cup","qual","Paris, France",14.3,NA,NA,NA,1.68993166112793,NA,NA,NA,"France",FALSE,"France",TRUE
579,"DEVILLARD","Coline","FRA","2023 52nd FIG Artistic Gymnastics World Championships","final","Antwerp, Belgium",13.2,NA,NA,NA,0.314505539002213,NA,NA,NA,"Belgium",FALSE,"France",FALSE
580,"DEVILLARD","Coline","FRA","2023 52nd FIG Artistic Gymnastics World Championships","qual","Antwerp, Belgium",14.4,NA,NA,11.9,1.814970399503,NA,NA,-0.207763737160655,"Belgium",FALSE,"France",FALSE
581,"DEVILLARD","Coline","FRA","2023 52nd FIG Artistic Gymnastics World Championships","TeamFinal","Antwerp, Belgium",14.3,NA,NA,NA,1.68993166112793,NA,NA,NA,"Belgium",FALSE,"France",FALSE
582,"DEVILLARD","Coline","FRA","2023 Baku World Cup","final","Baku, Azerbaijan",14.333,NA,NA,NA,1.7311944447917,NA,NA,NA,"Azerbaijan",FALSE,"France",FALSE
583,"DEVILLARD","Coline","FRA","2023 Baku World Cup","qual","Baku, Azerbaijan",12.633,NA,NA,NA,-0.394464107584407,NA,NA,NA,"Azerbaijan",FALSE,"France",FALSE
584,"DEVILLARD","Coline","FRA","2023 Doha World Cup","final","Doha, Qatar",14.4,NA,12.6,NA,1.814970399503,NA,0.647135819363401,NA,"Qatar",FALSE,"France",FALSE
585,"DEVILLARD","Coline","FRA","2023 Doha World Cup","qual","Doha, Qatar",13.833,NA,12.9,NA,1.10600075291638,NA,0.867915899373961,NA,"Qatar",FALSE,"France",FALSE
586,"DEVILLARD","Coline","FRA","2023 Senior European Championships","final","Antalya, Turkey",14.3,NA,NA,NA,1.68993166112793,NA,NA,NA,"Turkey",FALSE,"France",FALSE
587,"DEVILLARD","Coline","FRA","2023 Senior European Championships","qual","Antalya, Turkey",14.366,NA,12.333,NA,1.77245722845547,NA,0.450641548154004,NA,"Turkey",FALSE,"France",FALSE
588,"DIAZ","Karelys","PUR","2023 Central American and Caribbean Games","AAfinal","San Salvador, El Salvador",11.9,11.45,10.9,12.1,-1.31099805987363,-0.353175635615311,-0.603951300696434,-0.0230442984353695,"El Salvador",FALSE,"Puerto Rico",FALSE
589,"DIAZ","Karelys","PUR","2023 Central American and Caribbean Games","final","San Salvador, El Salvador",NA,NA,NA,11.7,NA,NA,NA,-0.392483175885942,"El Salvador",FALSE,"Puerto Rico",FALSE
590,"DIAZ","Karelys","PUR","2023 Central American and Caribbean Games","qual","San Salvador, El Salvador",12.85,11.35,10.6,12.05,-0.123130045310515,-0.415355320472722,-0.824731380706994,-0.06922415811669,"El Salvador",FALSE,"Puerto Rico",FALSE
591,"DIAZ","Karelys","PUR","SANTIAGO 2023 XIX Pan American Games","qual","Santiago, Chile",12.533,11,9.8,11.566,-0.519502845959472,-0.632984217473664,-1.41347826073515,-0.516245199831882,"Chile",FALSE,"Puerto Rico",FALSE
592,"DIAZ","Nicole","PUR","2022 51st FIG Artistic Gymnastics World Championships","qual","Liverpool, England",12.4,10.766,10.066,11.833,-0.685804367998308,-0.778484680040007,-1.21771992312579,-0.269644749133626,"England",FALSE,"Puerto Rico",FALSE
593,"DIAZ","Stella","PUR","2023 Central American and Caribbean Games","AAfinal","San Salvador, El Salvador",11.85,11.65,10.5,11.15,-1.37351742906117,-0.228816265900486,-0.898324740710514,-0.900461632380477,"El Salvador",FALSE,"Puerto Rico",FALSE
594,"DIAZ","Stella","PUR","2023 Central American and Caribbean Games","final","San Salvador, El Salvador",NA,12.05,11.4,NA,NA,0.0199024735291611,-0.235984500678836,NA,"El Salvador",FALSE,"Puerto Rico",FALSE
595,"DIAZ","Stella","PUR","2023 Central American and Caribbean Games","qual","San Salvador, El Salvador",12.55,12.35,11.85,11.25,-0.498246260435709,0.206441528101396,0.0951856193370029,-0.808101913017834,"El Salvador",FALSE,"Puerto Rico",FALSE
596,"DIAZ","Stella Loren","PUR","2023 Artistic Gymnastics Senior Pan American Championships","TeamFinal","Medellin, Colombia",11.067,12.067,10.933,NA,-2.35257075053793,0.0304730199549208,-0.579665491895273,NA,"Colombia",FALSE,"Puerto Rico",FALSE
597,"DIAZ","Stella Loren","PUR","2023 Artistic Gymnastics Senior Pan American Championships","TeamQual","Medellin, Colombia",12.667,12.1,11.167,10.867,-0.351950936536884,0.0509923159578664,-0.407457029487037,-1.16183963817676,"Colombia",FALSE,"Puerto Rico",FALSE
598,"DIAZ DAVILA","Karelys","PUR","2023 Artistic Gymnastics Senior Pan American Championships","TeamQual","Medellin, Colombia",12.6,11.467,10.733,11.633,-0.435726891248178,-0.34260508918955,-0.726852211902312,-0.454364187858913,"Colombia",FALSE,"Puerto Rico",FALSE
599,"DIAZ MUNIZ","Stella","PUR","SANTIAGO 2023 XIX Pan American Games","AAfinal","Santiago, Chile",12.033,10.066,10.9,11.433,-1.1446965378348,-1.21374247404189,-0.603951300696434,-0.639083626584198,"Chile",FALSE,"Puerto Rico",FALSE
600,"DIAZ MUNIZ","Stella","PUR","SANTIAGO 2023 XIX Pan American Games","qual","Santiago, Chile",12.366,10.733,11.7,10.866,-0.728317539045831,-0.799003976042953,-0.015204420668277,-1.16276323537038,"Chile",FALSE,"Puerto Rico",FALSE
601,"DICELLO","Kayla","USA","2022 U.S. Championships","final","Tampa, FL",14.3,13.5,13.55,13.65,1.68993166112793,0.921507903961632,1.34627273939684,1.4085313516856,"FL",FALSE,"United States",FALSE
602,"DICELLO","Kayla","USA","2022 U.S. Championships","qual","Tampa, FL",14.2,14.1,13.8,13.85,1.56489292275286,1.2945860131061,1.53025613940564,1.59325079041088,"FL",FALSE,"United States",FALSE
603,"DICELLO","Kayla","USA","2023 Core Hydration Classic","AAfinal","Hoffman Estates, Illinois",13.4,12.2,13.2,13.15,0.564583015752344,0.113172000815278,1.08869597938452,0.946732754872382,"Illinois",TRUE,"United States",FALSE
604,"DICELLO","Kayla","USA","2023 U.S. Championships","final","San Jose, CA",14.1,13.8,12.75,13.75,1.4398541843778,1.10804695853387,0.757525859368681,1.50089107104824,"California",TRUE,"United States",FALSE
605,"DICELLO","Kayla","USA","2023 U.S. Championships","qual","San Jose, CA",14,12.3,11.7,13.5,1.31481544600274,0.175351685672691,-0.015204420668277,1.26999177264163,"California",TRUE,"United States",FALSE
606,"DICELLO","Kayla","USA","SANTIAGO 2023 XIX Pan American Games","AAfinal","Santiago, Chile",14.133,13.633,13.2,13.733,1.48111696804157,1.00420688482199,1.08869597938452,1.48518991875659,"Chile",FALSE,"United States",FALSE
607,"DICELLO","Kayla","USA","SANTIAGO 2023 XIX Pan American Games","final","Santiago, Chile",NA,NA,13.8,13.733,NA,NA,1.53025613940564,1.48518991875659,"Chile",FALSE,"United States",FALSE
608,"DICELLO","Kayla","USA","SANTIAGO 2023 XIX Pan American Games","qual","Santiago, Chile",14.066,13.8,13.066,13.633,1.39734101333028,1.10804695853387,0.990080876979804,1.39283019939395,"Chile",FALSE,"United States",FALSE
609,"DIMITRIOU","Evangelina","CYP","2023 Senior European Championships","qual","Antalya, Turkey",11.866,7.233,8.766,11.666,-1.35351123092116,-2.97529294605237,-2.17443360317155,-0.423885480469239,"Turkey",FALSE,"Cyprus",FALSE
610,"DISIDORE","Amelia","USA","2022 U.S. Championships","final","Tampa, FL",14.3,12.3,12.3,13.15,1.68993166112793,0.175351685672691,0.426355739352843,0.946732754872382,"FL",FALSE,"United States",FALSE
611,"DISIDORE","Amelia","USA","2022 U.S. Championships","qual","Tampa, FL",14.3,11.55,12.65,13.15,1.68993166112793,-0.290995950757898,0.683932499365162,0.946732754872382,"FL",FALSE,"United States",FALSE
612,"DISIDORE","Amelia","USA","2022 U.S. Classic","AAfinal","West Valley City, Utah",13.55,11.55,11.2,12.55,0.752141123314943,-0.290995950757898,-0.383171220685876,0.392574438696525,"Utah",TRUE,"United States",FALSE
613,"DISIDORE","Amelia","USA","2022 Winter Cup","AAfinal","Frisco, Texas",13.15,10.05,11.15,12.35,0.251986169814681,-1.22369122361908,-0.419967900687635,0.207854999971238,"Texas",TRUE,"United States",FALSE
614,"DISIDORE","Amelia","USA","2023 Core Hydration Classic","AAfinal","Hoffman Estates, Illinois",13.85,12.95,12.75,13.25,1.12725733844014,0.579519637245867,0.757525859368681,1.03909247423502,"Illinois",TRUE,"United States",FALSE
615,"DISIDORE","Amelia","USA","2023 U.S. Championships","final","San Jose, CA",14,12.75,12.3,13.45,1.31481544600274,0.455160267531044,0.426355739352843,1.22381191296031,"California",TRUE,"United States",FALSE
616,"DISIDORE","Amelia","USA","2023 U.S. Championships","qual","San Jose, CA",13.85,12.55,13.3,13.35,1.12725733844014,0.33080089781622,1.16228933938804,1.13145219359767,"California",TRUE,"United States",FALSE
617,"DISIDORE","Amelia","USA","2023 Winter Cup","AAfinal","Louisville, Kentucky",13.85,11.3,11.8,13.2,1.12725733844014,-0.446445162901428,0.0583889393352438,0.992912614553703,"Kentucky",TRUE,"United States",FALSE
618,"DISIDORE","Gabby","USA","2023 Winter Cup","AAfinal","Louisville, Kentucky",NA,9.35,NA,NA,NA,-1.65894901762096,NA,NA,"Kentucky",TRUE,"United States",FALSE
619,"DISSELDORP","Sara van","NED","2022 Baku World Cup","qual","Baku, Azerbaijan",NA,NA,12.566,NA,NA,NA,0.622114076962205,NA,"Azerbaijan",FALSE,"Netherlands",FALSE
620,"DJURDJEVIC","Andjela","SRB","2022 Koper World Challenge Cup","qual","Koper, Slovenia",NA,NA,9.9,NA,NA,NA,-1.33988490073163,NA,"Slovenia",FALSE,"Serbia",FALSE
621,"DJURDJEVIC","Andjela","SRB","2022 Osijek World Challenge Cup","qual","Osijek, Croatia",NA,NA,10.033,NA,NA,NA,-1.24200573192695,NA,"Croatia",FALSE,"Serbia",FALSE
622,"DJURDJEVIC","Andjela","SRB","2022 Varna World Challenge Cup","qual","Varna, Bulgaria",NA,NA,9,NA,NA,NA,-2.00222514076331,NA,"Bulgaria",FALSE,"Serbia",FALSE
623,"DONNELLY","Tara","GBR","2022 British Gymnastics Championships","final","Liverpool, England",12.8,NA,NA,NA,-0.185649414498046,NA,NA,NA,"England",FALSE,"England",TRUE
624,"DONNELLY","Tara","GBR","2022 British Gymnastics Championships","qual","Liverpool, England",12.9,10.65,11.75,11.3,-0.0606106761229817,-0.850613114474605,0.0215922593334834,-0.761922053336512,"England",FALSE,"England",TRUE
627,"DOR","Geffen","ISR","2022 Koper World Challenge Cup","final","Koper, Slovenia",NA,NA,10.4,NA,NA,NA,-0.971918100714033,NA,"Slovenia",FALSE,"Israel",FALSE
628,"DOR","Geffen","ISR","2022 Koper World Challenge Cup","qual","Koper, Slovenia",NA,NA,11.6,10.95,NA,NA,-0.0887977806717965,-1.08518107110576,"Slovenia",FALSE,"Israel",FALSE
629,"DOR","Geffen","ISR","2022 Senior European Championships","qual","Munich, Germany",NA,8.966,10.433,11.433,NA,-1.89771900747342,-0.947632291912872,-0.639083626584198,"Germany",FALSE,"Israel",FALSE
630,"DOR","Geffen","ISR","2023 Tel Aviv World Challenge Cup","qual","Tel Aviv, Israel",NA,NA,11.833,NA,NA,NA,0.0826747481364049,NA,"Israel",FALSE,"Israel",TRUE
631,"DOR","Geffen","ISR","2023 Varna World Challenge Cup","qual","Varna, Bulgaria",NA,9.966,10.866,11.6,NA,-1.2759221588993,-0.628973043097632,-0.484842895248584,"Bulgaria",FALSE,"Israel",FALSE
632,"DOWLING","Jessica","CAN","2022 Mersin World Challenge Cup","final","Mersin, Turkey",NA,13.35,NA,NA,NA,0.828238376675514,NA,NA,"Turkey",FALSE,"Canada",FALSE
633,"DOWLING","Jessica","CAN","2022 Mersin World Challenge Cup","qual","Mersin, Turkey",NA,13.15,11.2,NA,NA,0.703879006960691,-0.383171220685876,NA,"Turkey",FALSE,"Canada",FALSE
634,"DOWLING","Jessica","CAN","2022 Szombathely World Challenge Cup","qual","Szombathely, Hungary",NA,10.033,11.066,NA,NA,-1.23426177004484,-0.481786323090591,NA,"Hungary",FALSE,"Canada",FALSE
635,"DOWLING","Jessica","CAN","2023 Cairo World Cup","final","Cairo, Egypt",NA,12.733,NA,NA,NA,0.444589721105284,NA,NA,"Egypt",FALSE,"Canada",FALSE
636,"DOWLING","Jessica","CAN","2023 Cairo World Cup","qual","Cairo, Egypt",12.6,12.766,10.833,12.133,-0.435726891248178,0.465109017108229,-0.653258851898793,0.00743440895430216,"Egypt",FALSE,"Canada",FALSE
637,"DOWLING","Jessica","CAN","2023 Varna World Challenge Cup","final","Varna, Bulgaria",NA,11.066,NA,12.033,NA,-0.591945625467771,NA,-0.0849253104083405,"Bulgaria",FALSE,"Canada",FALSE
638,"DOWLING","Jessica","CAN","2023 Varna World Challenge Cup","qual","Varna, Bulgaria",NA,12.633,12.066,12.1,NA,0.382410036247871,0.254147276944606,-0.0230442984353695,"Bulgaria",FALSE,"Canada",FALSE
639,"DOWNIE","Rebecca","GBR","2022 British Gymnastics Championships","qual","Liverpool, England",12.8,13.6,11.95,12.5,-0.185649414498046,0.983687588819044,0.168778979340522,0.346394579015203,"England",FALSE,"England",TRUE
640,"DOWNIE","Rebecca","GBR","2023 British Gymnastics Championships","final","Liverpool, England",NA,14.35,NA,NA,NA,1.45003522524963,NA,NA,"England",FALSE,"England",TRUE
641,"DOWNIE","Rebecca","GBR","2023 British Gymnastics Championships","qual","Liverpool, England",NA,14.25,12.95,NA,NA,1.38785554039222,0.90471257937572,NA,"England",FALSE,"England",TRUE
642,"DOWNIE","Rebecca","GBR","2023 Senior European Championships","final","Antalya, Turkey",NA,14.233,NA,NA,NA,1.37728499396646,NA,NA,"Turkey",FALSE,"England",FALSE
643,"DOWNIE","Rebecca","GBR","2023 Senior European Championships","qual","Antalya, Turkey",NA,14.366,NA,NA,NA,1.45998397482682,NA,NA,"Turkey",FALSE,"England",FALSE
644,"DRASER","Skylar","USA","2022 Winter Cup","AAfinal","Frisco, Texas",12.35,12.8,12.15,11.65,-0.748323737185841,0.48625010995975,0.315965699347563,-0.438663035567262,"Texas",TRUE,"United States",FALSE
645,"DRAYTON","Amari","USA","2023 Winter Cup","AAfinal","Louisville, Kentucky",13.2,11.85,9.65,11.5,0.314505539002213,-0.104456896185663,-1.52386830074043,-0.577202614611227,"Kentucky",TRUE,"United States",FALSE
646,"DRNCOVA","Eliska","CZE","2023 Cottbus World Cup","qual","Cottbus, Germany",NA,11.266,12.066,NA,NA,-0.467586255752948,0.254147276944606,NA,"Germany",FALSE,"Czech Republic",FALSE
647,"DRNCOVA","Eliska","CZE","2023 Senior European Championships","qual","Antalya, Turkey",12.166,12.433,10.2,11.966,-0.97839501579596,0.258050666533048,-1.11910482072107,-0.146806322381311,"Turkey",FALSE,"Czech Republic",FALSE
648,"DU","Siyu","CHN","2023 FISU World University Games","final","Chengdu, China",NA,13.833,NA,NA,NA,1.12856625453681,NA,NA,"China",FALSE,"China",TRUE
649,"DU","Siyu","CHN","2023 FISU World University Games","qual","Chengdu, China",13.1,14.366,NA,12.033,0.189466800627148,1.45998397482682,NA,-0.0849253104083405,"China",FALSE,"China",TRUE
650,"DUCAS","Lauren","CUB","2023 Central American and Caribbean Games","AAfinal","San Salvador, El Salvador",11.1,7.55,10.25,10.9,-2.31130796687416,-2.77818334505437,-1.08230814071931,-1.13136093078708,"El Salvador",FALSE,"Cuba",FALSE
651,"DUCAS","Lauren","CUB","2023 Central American and Caribbean Games","qual","San Salvador, El Salvador",11.8,8.8,10.9,11.1,-1.4360367982487,-2.00093728433672,-0.603951300696434,-0.946641492061799,"El Salvador",FALSE,"Cuba",FALSE
652,"DUFFUS","Jamilia","JAM","2023 Central American and Caribbean Games","qual","San Salvador, El Salvador",12.2,7.05,7.45,8.05,-0.935881844748439,-3.08908176934143,-3.14292222081787,-3.76361293262241,"El Salvador",FALSE,"Jamaica",FALSE
653,"DUNBAR","Courtney","GBR","2023 British Gymnastics Championships","qual","Liverpool, England",11.85,9.3,10.3,11.2,-1.37351742906117,-1.69003886004966,-1.04551146071755,-0.854281772699157,"England",FALSE,"England",TRUE
654,"DUTA","Antonia","ROU","2022 Baku World Cup","final","Baku, Azerbaijan",NA,NA,NA,12.833,NA,NA,NA,0.653952444492804,"Azerbaijan",FALSE,"Romania",FALSE
655,"DUTA","Antonia","ROU","2022 Baku World Cup","qual","Baku, Azerbaijan",12.4,NA,9.1,12.566,-0.685804367998308,NA,-1.92863178075979,0.407351993794548,"Azerbaijan",FALSE,"Romania",FALSE
656,"DUTA","Antonia","ROU","2022 Senior European Championships","qual","Munich, Germany",12.5,12.4,11.066,11.333,-0.560765629623243,0.237531370530102,-0.481786323090591,-0.731443345946841,"Germany",FALSE,"Romania",FALSE
657,"DUTA","Antonia","ROU","2022 Varna World Challenge Cup","qual","Varna, Bulgaria",12.95,11.65,11,12.55,0.00190869306454961,-0.228816265900486,-0.530357940692915,0.392574438696525,"Bulgaria",FALSE,"Romania",FALSE
658,"EDWARDS","Amanda","AUS","2023 FISU World University Games","AAfinal","Chengdu, China",12.333,11,12.3,12.133,-0.769580322709602,-0.632984217473664,0.426355739352843,0.00743440895430216,"China",FALSE,"Australia",FALSE
659,"EDWARDS","Amanda","AUS","2023 FISU World University Games","qual","Chengdu, China",11.766,10.666,11.533,11.866,-1.47854996929622,-0.840664364897419,-0.138105331874155,-0.239166041743954,"China",FALSE,"Australia",FALSE
660,"EICHMAN","Jordis","USA","2023 Winter Cup","AAfinal","Louisville, Kentucky",13.05,12.9,12.95,12.5,0.126947431439617,0.548429794817161,0.90471257937572,0.346394579015203,"Kentucky",TRUE,"United States",FALSE
661,"EISENEGGER","Martina","SUI","2023 Senior European Championships","qual","Antalya, Turkey",NA,11.666,9.7,NA,NA,-0.218867516323301,-1.48707162073867,NA,"Turkey",FALSE,"Switzerland",FALSE
662,"ELBE","Darja","LAT","2022 Senior European Championships","qual","Munich, Germany",NA,8.2,9,NA,NA,-2.3740153934812,-2.00222514076331,NA,"Germany",FALSE,"Latvia",FALSE
663,"ELPITIYA BADALGE DONA","Milka Gehani","SRI","2022 51st FIG Artistic Gymnastics World Championships","qual","Liverpool, England",NA,NA,NA,6.7,NA,NA,NA,-5.01046914401809,"England",FALSE,"Sri Lanka",FALSE
664,"ELPITIYA BADALGE DONA","Milka Gehani","SRI","2023 52nd FIG Artistic Gymnastics World Championships","qual","Antwerp, Belgium",12.933,9.133,10.966,11.766,-0.0193478924592108,-1.79387893376154,-0.555379683094112,-0.331525761106597,"Belgium",FALSE,"Sri Lanka",FALSE
665,"ELPITIYA BADALGE DONA","Milka Gehani","SRI","BIRMINGHAM 2022 Commonwealth Games","AAfinal","Birmingham, England",NA,10.5,10.55,NA,NA,-0.943882641760723,-0.861528060708753,NA,"England",FALSE,"Sri Lanka",FALSE
666,"ELPITIYA BADALGE DONA","Milka Gehani","SRI","BIRMINGHAM 2022 Commonwealth Games","AAqual","Birmingham, England",12.8,NA,NA,NA,-0.185649414498046,NA,NA,NA,"England",FALSE,"Sri Lanka",FALSE
667,"ELPITIYA BADALGE DONA","Milka Gehani","SRI","BIRMINGHAM 2022 Commonwealth Games","qual","Birmingham, England",NA,12,9.75,10.65,NA,-0.0111873688995453,-1.45027494073691,-1.36226022919369,"England",FALSE,"Sri Lanka",FALSE
668,"ELSADEK","Sandra","EGY","2023 52nd FIG Artistic Gymnastics World Championships","qual","Antwerp, Belgium",12.9,10.733,11.833,11.566,-0.0606106761229817,-0.799003976042953,0.0826747481364049,-0.516245199831882,"Belgium",FALSE,"Egypt",FALSE
669,"EMEINIDOU","Alexandra","GRE","2023 Baku World Cup","qual","Baku, Azerbaijan",11.166,NA,NA,11.366,-2.22878239954661,NA,NA,-0.700964638557169,"Azerbaijan",FALSE,"Greece",FALSE
670,"ENGHELS","Fien","BEL","2022 Senior European Championships","qual","Munich, Germany",NA,12.6,12.7,NA,NA,0.361890740244926,0.720729179366921,NA,"Germany",FALSE,"Belgium",FALSE
671,"ENGHELS","Fien","BEL","2022 Senior European Championships","TeamFinal","Munich, Germany",NA,12.633,NA,NA,NA,0.382410036247871,NA,NA,"Germany",FALSE,"Belgium",FALSE
672,"ENGHELS","Fien","BEL","2023 52nd FIG Artistic Gymnastics World Championships","qual","Antwerp, Belgium",NA,13.033,10.533,12.6,NA,0.631128775677519,-0.874038931909353,0.438754298377845,"Belgium",FALSE,"Belgium",TRUE
673,"ENGHELS","Fien","BEL","2023 Senior European Championships","final","Antalya, Turkey",NA,NA,11.433,NA,NA,NA,-0.211698691877674,NA,"Turkey",FALSE,"Belgium",FALSE
674,"ENGHELS","Fien","BEL","2023 Senior European Championships","qual","Antalya, Turkey",NA,13.933,12.833,NA,NA,1.19074593939423,0.818608348171603,NA,"Turkey",FALSE,"Belgium",FALSE
675,"ENGHELS","Fien","BEL","EnBW DTB Pokal Team Challenge 2023","final","Stuttgart, Germany",NA,13.666,NA,NA,NA,1.02472618082494,NA,NA,"Germany",FALSE,"Belgium",FALSE
676,"ENGHELS","Fien","BEL","EnBW DTB Pokal Team Challenge 2023","qual","Stuttgart, Germany",NA,13.85,12,NA,NA,1.13913680096257,0.205575659342283,NA,"Germany",FALSE,"Belgium",FALSE
677,"ENKHTUVSHIN","Munkhnaran","MGL","2022 9th Senior Artistic Gymnastics Asian Championships","qual","Doha, Qatar",NA,NA,9.733,10.867,NA,NA,-1.46278581193751,-1.16183963817676,"Qatar",FALSE,"Mongolia",FALSE
678,"EOM","Dohyun","KOR","2022 51st FIG Artistic Gymnastics World Championships","qual","Liverpool, England",12.6,13.066,10.5,12.633,-0.435726891248178,0.651648071680465,-0.898324740710514,0.469233005767517,"England",FALSE,"Korea, South",FALSE
679,"EOM","Dohyun","KOR","2023 10th Senior Artistic Gymnastics Asian Championships","final","Singapore",NA,NA,12.366,NA,NA,NA,0.474927356955165,NA,"Singapore",FALSE,"Korea, South",FALSE
680,"EOM","Dohyun","KOR","2023 10th Senior Artistic Gymnastics Asian Championships","qual","Singapore",NA,13.1,13.266,12.866,NA,0.672789164531985,1.13726759698684,0.684431151882476,"Singapore",FALSE,"Korea, South",FALSE
681,"EOM","Dohyun","KOR","2023 52nd FIG Artistic Gymnastics World Championships","qual","Antwerp, Belgium",NA,13.133,11.733,NA,NA,0.69330846053493,0.00908138813288544,NA,"Belgium",FALSE,"Korea, South",FALSE
682,"ERCEGOVIC","Antea","CRO","2022 Osijek World Challenge Cup","qual","Osijek, Croatia",12.933,NA,NA,NA,-0.0193478924592108,NA,NA,NA,"Croatia",FALSE,"Croatia",TRUE
683,"ERCEGOVIC","Antea","CRO","2023 Senior European Championships","qual","Antalya, Turkey",NA,NA,NA,9.966,NA,NA,NA,-1.99400070963417,"Turkey",FALSE,"Croatia",FALSE
684,"ERICHSEN","Julie","NOR","2023 52nd FIG Artistic Gymnastics World Championships","qual","Antwerp, Belgium",11.333,12.166,NA,NA,-2.01996770646025,0.0920309079637586,NA,NA,"Belgium",FALSE,"Norway",FALSE
685,"ERICHSEN","Julie","NOR","2023 Cairo World Cup","qual","Cairo, Egypt",12.966,11.766,NA,NA,0.0219148912045601,-0.156687831465889,NA,NA,"Egypt",FALSE,"Norway",FALSE
686,"ERICHSEN","Julie","NOR","2023 Cottbus World Cup","final","Cottbus, Germany",NA,12.566,NA,NA,NA,0.340749647393406,NA,NA,"Germany",FALSE,"Norway",FALSE
687,"ERICHSEN","Julie","NOR","2023 Cottbus World Cup","qual","Cottbus, Germany",12.833,12.7,NA,NA,-0.144386630834276,0.424070425102337,NA,NA,"Germany",FALSE,"Norway",FALSE
688,"ERICHSEN","Julie","NOR","2023 Senior European Championships","qual","Antalya, Turkey",11.866,12.566,NA,NA,-1.35351123092116,0.340749647393406,NA,NA,"Turkey",FALSE,"Norway",FALSE
689,"ERIKSSON","Alva","SWE","2022 51st FIG Artistic Gymnastics World Championships","qual","Liverpool, England",11.766,12.033,10.3,12.2,-1.47854996929622,0.00933192710340031,-1.04551146071755,0.0693154209272731,"England",FALSE,"Sweden",FALSE
690,"ERIKSSON","Alva","SWE","2022 Senior European Championships","qual","Munich, Germany",11.566,11.933,11.266,12,-1.72862744604635,-0.0528477577540113,-0.334599603083552,-0.115404017798012,"Germany",FALSE,"Sweden",FALSE
691,"ERIKSSON","Alva","SWE","2023 52nd FIG Artistic Gymnastics World Championships","qual","Antwerp, Belgium",NA,12.033,NA,NA,NA,0.00933192710340031,NA,NA,"Belgium",FALSE,"Sweden",FALSE
692,"ESCALERA","Natalia","MEX","2022 51st FIG Artistic Gymnastics World Championships","qual","Liverpool, England",12.966,12.966,11.6,12.833,0.0219148912045601,0.589468386823053,-0.0887977806717965,0.653952444492804,"England",FALSE,"Mexico",FALSE
693,"ESCALERA","Natalia","MEX","2022 Szombathely World Challenge Cup","final","Szombathely, Hungary",12.733,13.233,NA,12.733,-0.26942536920934,0.755488145392343,NA,0.561592725130161,"Hungary",FALSE,"Mexico",FALSE
694,"ESCALERA","Natalia","MEX","2022 Szombathely World Challenge Cup","qual","Szombathely, Hungary",13.4,13.1,11.033,12.1,0.564583015752344,0.672789164531985,-0.506072131891754,-0.0230442984353695,"Hungary",FALSE,"Mexico",FALSE
695,"ESCALERA","Natalia","MEX","2023 52nd FIG Artistic Gymnastics World Championships","qual","Antwerp, Belgium",13.5,12.866,10.966,12.333,0.689621754127409,0.527288701965641,-0.555379683094112,0.192153847679589,"Belgium",FALSE,"Mexico",FALSE
696,"ESCALERA","Natalia","MEX","2023 Central American and Caribbean Games","AAfinal","San Salvador, El Salvador",12.55,11,13,12.85,-0.498246260435709,-0.632984217473664,0.941509259377481,0.669653596784453,"El Salvador",FALSE,"Mexico",FALSE
697,"ESCALERA","Natalia","MEX","2023 Central American and Caribbean Games","final","San Salvador, El Salvador",NA,12.1,NA,13.4,NA,0.0509923159578664,NA,1.17763205327899,"El Salvador",FALSE,"Mexico",FALSE
698,"ESCALERA","Natalia","MEX","2023 Central American and Caribbean Games","qual","San Salvador, El Salvador",13.65,13.55,11.65,13.25,0.877179861690008,0.952597746390339,-0.0520011006700361,1.03909247423502,"El Salvador",FALSE,"Mexico",FALSE
699,"ESCALERA","Natalia","MEX","SANTIAGO 2023 XIX Pan American Games","AAfinal","Santiago, Chile",13.633,12.6,12.666,12.933,0.855923276166245,0.361890740244926,0.695707436965725,0.746312163855447,"Chile",FALSE,"Mexico",FALSE
700,"ESCALERA","Natalia","MEX","SANTIAGO 2023 XIX Pan American Games","final","Santiago, Chile",13.6,NA,NA,NA,0.814660492502474,NA,NA,NA,"Chile",FALSE,"Mexico",FALSE
701,"ESCALERA","Natalia","MEX","SANTIAGO 2023 XIX Pan American Games","qual","Santiago, Chile",13.366,12.266,11.966,12.4,0.522069844704821,0.15421059282117,0.180553916941086,0.25403485965256,"Chile",FALSE,"Mexico",FALSE
702,"ESCALERA","Natalia Isabel","MEX","2023 Artistic Gymnastics Senior Pan American Championships","TeamFinal","Medellin, Colombia",13.467,12.433,12.133,13.233,0.648358970463638,0.258050666533048,0.303454828146963,1.02339132194338,"Colombia",FALSE,"Mexico",FALSE
703,"ESCALERA","Natalia Isabel","MEX","2023 Artistic Gymnastics Senior Pan American Championships","TeamQual","Medellin, Colombia",13.433,13.6,13.033,13.2,0.605845799416115,0.983687588819044,0.965795068178642,0.992912614553703,"Colombia",FALSE,"Mexico",FALSE
704,"ESCOBAR","Ginna","COL","2022 Varna World Challenge Cup","qual","Varna, Bulgaria",NA,11.95,11.15,11.7,NA,-0.0422772113282516,-0.419967900687635,-0.392483175885942,"Bulgaria",FALSE,"Colombia",FALSE
705,"ESCOBAR","Ginna","COL","2023 Baku World Cup","qual","Baku, Azerbaijan",12.766,NA,NA,NA,-0.228162585545569,NA,NA,NA,"Azerbaijan",FALSE,"Colombia",FALSE
706,"ESCOBAR","Ginna","COL","2023 Central American and Caribbean Games","AAfinal","San Salvador, El Salvador",12.75,11.8,10.65,11.95,-0.24816878368558,-0.135546738614369,-0.787934700705234,-0.161583877479334,"El Salvador",FALSE,"Colombia",FALSE
707,"ESCOBAR","Ginna","COL","2023 Central American and Caribbean Games","final","San Salvador, El Salvador",NA,9.75,11.2,12,NA,-1.41023027819131,-0.383171220685876,-0.115404017798012,"El Salvador",FALSE,"Colombia",FALSE
708,"ESCOBAR","Ginna","COL","2023 Central American and Caribbean Games","qual","San Salvador, El Salvador",12.8,12.35,11.55,12.45,-0.185649414498046,0.206441528101396,-0.125594460673556,0.300214719333881,"El Salvador",FALSE,"Colombia",FALSE
709,"ESCOBAR BETANCUR","Ginna","COL","2023 52nd FIG Artistic Gymnastics World Championships","qual","Antwerp, Belgium",12.966,11.533,10.8,10.733,0.0219148912045601,-0.301566497183659,-0.677544660699954,-1.2856016621227,"Belgium",FALSE,"Colombia",FALSE
710,"ESCOBAR BETANCUR","Ginna","COL","2023 Artistic Gymnastics Senior Pan American Championships","TeamFinal","Medellin, Colombia",12.767,10.3,11.167,12,-0.22691219816182,-1.06824201147555,-0.407457029487037,-0.115404017798012,"Colombia",FALSE,"Colombia",TRUE
711,"ESCOBAR BETANCUR","Ginna","COL","2023 Artistic Gymnastics Senior Pan American Championships","TeamQual","Medellin, Colombia",12.7,12.633,11.6,12.4,-0.310688152873113,0.382410036247871,-0.0887977806717965,0.25403485965256,"Colombia",FALSE,"Colombia",TRUE
712,"ESCOBAR BETANCUR","Ginna","COL","2023 Baku World Cup","qual","Baku, Azerbaijan",NA,11.466,10.233,NA,NA,-0.343226886038125,-1.09481901191991,NA,"Azerbaijan",FALSE,"Colombia",FALSE
713,"ESCOBAR BETANCUR","Ginna","COL","SANTIAGO 2023 XIX Pan American Games","qual","Santiago, Chile",12.666,11.7,9.033,10.166,-0.353201323920634,-0.197726423471781,-1.97793933196215,-1.80928127090888,"Chile",FALSE,"Colombia",FALSE
714,"ESPOSITO","Manila","ITA","2022 51st FIG Artistic Gymnastics World Championships","qual","Liverpool, England",13.566,13.966,10.8,13.466,0.772147321454953,1.21126523539717,-0.677544660699954,1.23858946805833,"England",FALSE,"Italy",FALSE
715,"ESPOSITO","Manila","ITA","2022 51st FIG Artistic Gymnastics World Championships","TeamFinal","Liverpool, England",13.466,NA,13.133,11.6,0.647108583079886,NA,1.03938842818216,-0.484842895248584,"England",FALSE,"Italy",FALSE
716,"ESPOSITO","Manila","ITA","2023 52nd FIG Artistic Gymnastics World Championships","AAfinal","Antwerp, Belgium",13.766,14.166,12.866,13.1,1.02222479820508,1.335624605112,0.842894156972764,0.90055289519106,"Belgium",FALSE,"Italy",FALSE
717,"ESPOSITO","Manila","ITA","2023 52nd FIG Artistic Gymnastics World Championships","qual","Antwerp, Belgium",13.766,13.666,13.666,13.6,1.02222479820508,1.02472618082494,1.43164103700092,1.36235149200427,"Belgium",FALSE,"Italy",FALSE
718,"ESPOSITO","Manila","ITA","2023 52nd FIG Artistic Gymnastics World Championships","TeamFinal","Antwerp, Belgium",13.7,13.4,14.133,13.633,0.939699230877539,0.859328219104221,1.77532202821736,1.39283019939395,"Belgium",FALSE,"Italy",FALSE
719,"ESPOSITO","Manila","ITA","2023 Cottbus World Cup","final","Cottbus, Germany",13.5,NA,NA,13.566,0.689621754127409,NA,NA,1.33094918742098,"Germany",FALSE,"Italy",FALSE
720,"ESPOSITO","Manila","ITA","2023 Cottbus World Cup","qual","Cottbus, Germany",13.633,NA,NA,13.333,0.855923276166245,NA,NA,1.11575104130602,"Germany",FALSE,"Italy",FALSE
721,"ESPOSITO","Manila","ITA","2023 Senior European Championships","AAfinal","Antalya, Turkey",13.6,12.5,13.033,11.8,0.814660492502474,0.299711055387514,0.965795068178642,-0.300123456523297,"Turkey",FALSE,"Italy",FALSE
722,"ESPOSITO","Manila","ITA","2023 Senior European Championships","final","Antalya, Turkey",NA,NA,13.7,NA,NA,NA,1.45666277940212,NA,"Turkey",FALSE,"Italy",FALSE
723,"ESPOSITO","Manila","ITA","2023 Senior European Championships","qual","Antalya, Turkey",13.566,12.266,12.833,12.566,0.772147321454953,0.15421059282117,0.818608348171603,0.407351993794548,"Turkey",FALSE,"Italy",FALSE
724,"ESTARLI","Lucila","ARG","2023 52nd FIG Artistic Gymnastics World Championships","qual","Antwerp, Belgium",13,9.933,11,11.766,0.0644280622520831,-1.29644145490225,-0.530357940692915,-0.331525761106597,"Belgium",FALSE,"Argentina",FALSE
725,"ESTARLI","Lucila","ARG","SANTIAGO 2023 XIX Pan American Games","final","Santiago, Chile",12.766,NA,NA,NA,-0.228162585545569,NA,NA,NA,"Chile",FALSE,"Argentina",FALSE
726,"ESTARLI","Lucila","ARG","SANTIAGO 2023 XIX Pan American Games","qual","Santiago, Chile",12.766,11.1,11.933,11.1,-0.228162585545569,-0.570804532616252,0.156268108139924,-0.946641492061799,"Chile",FALSE,"Argentina",FALSE
727,"EVAN","Ruby","GBR","2023 Cottbus World Cup","final","Cottbus, Germany",14,NA,13.033,13.466,1.31481544600274,NA,0.965795068178642,1.23858946805833,"Germany",FALSE,"England",FALSE
728,"EVAN","Ruby","GBR","2023 Cottbus World Cup","qual","Cottbus, Germany",13.9,12.3,12.833,13.5,1.18977670762767,0.175351685672691,0.818608348171603,1.26999177264163,"Germany",FALSE,"England",FALSE
729,"EVANS","Mia","GBR","2022 British Gymnastics Championships","final","Liverpool, England",NA,NA,NA,12.75,NA,NA,NA,0.57729387742181,"England",FALSE,"England",TRUE
730,"EVANS","Mia","GBR","2022 British Gymnastics Championships","qual","Liverpool, England",13,10.55,11.4,12.6,0.0644280622520831,-0.912792799332017,-0.235984500678836,0.438754298377845,"England",FALSE,"England",TRUE
732,"EVANS","Ruby","GBR","2023 52nd FIG Artistic Gymnastics World Championships","qual","Antwerp, Belgium",13.066,NA,NA,13.166,0.146953629579627,NA,NA,0.961510309970405,"Belgium",FALSE,"England",FALSE
733,"EVANS","Ruby","GBR","2023 52nd FIG Artistic Gymnastics World Championships","TeamFinal","Antwerp, Belgium",14,NA,NA,13.233,1.31481544600274,NA,NA,1.02339132194338,"Belgium",FALSE,"England",FALSE
734,"EVANS","Ruby","GBR","2023 British Gymnastics Championships","final","Liverpool, England",13.9,NA,NA,13,1.18977670762767,NA,NA,0.808193175828418,"England",FALSE,"England",TRUE
735,"EVANS","Ruby","GBR","2023 British Gymnastics Championships","qual","Liverpool, England",14.1,12.25,12.05,12.45,1.4398541843778,0.144261843243984,0.242372339344043,0.300214719333881,"England",FALSE,"England",TRUE
736,"EVERY","Amika","ARU","2023 Central American and Caribbean Games","AAfinal","San Salvador, El Salvador",NA,NA,NA,3.2,NA,NA,NA,-8.24305932171059,"El Salvador",FALSE,"Aruba",FALSE
737,"EVERY","Amika","ARU","2023 Central American and Caribbean Games","qual","San Salvador, El Salvador",11.7,9.8,9.6,10.25,-1.56107553662377,-1.37914043576261,-1.56066498074219,-1.73169910664426,"El Salvador",FALSE,"Aruba",FALSE
738,"FATTA","Addison","USA","2022 Szombathely World Challenge Cup","final","Szombathely, Hungary",13.666,13.6,NA,NA,0.897186059830018,0.983687588819044,NA,NA,"Hungary",FALSE,"United States",FALSE
739,"FATTA","Addison","USA","2022 Szombathely World Challenge Cup","qual","Szombathely, Hungary",14.033,13.5,11.966,NA,1.35607822966651,0.921507903961632,0.180553916941086,NA,"Hungary",FALSE,"United States",FALSE
740,"FATTA","Addison","USA","2022 U.S. Championships","final","Tampa, FL",13.9,13.3,12.15,13.15,1.18977670762767,0.797148534246809,0.315965699347563,0.946732754872382,"FL",FALSE,"United States",FALSE
741,"FATTA","Addison","USA","2022 U.S. Championships","qual","Tampa, FL",13.05,13.55,12.45,12.65,0.126947431439617,0.952597746390339,0.536745779358121,0.484934158059167,"FL",FALSE,"United States",FALSE
742,"FATTA","Addison","USA","2022 U.S. Classic","AAfinal","West Valley City, Utah",NA,13.15,12.35,NA,NA,0.703879006960691,0.463152419354602,NA,"Utah",TRUE,"United States",FALSE
743,"FATTA","Addison","USA","2022 Winter Cup","AAfinal","Frisco, Texas",13.7,13.2,12.55,11.8,0.939699230877539,0.734968849389396,0.610339139361642,-0.300123456523297,"Texas",TRUE,"United States",FALSE
744,"FATTA","Addison","USA","2023 Artistic Gymnastics Senior Pan American Championships","TeamFinal","Medellin, Colombia",13.5,13.7,NA,NA,0.689621754127409,1.04586727367646,NA,NA,"Colombia",FALSE,"United States",FALSE
745,"FATTA","Addison","USA","2023 Artistic Gymnastics Senior Pan American Championships","TeamQual","Medellin, Colombia",13.5,13.667,NA,12.167,0.689621754127409,1.02534797767351,NA,0.0388367135376014,"Colombia",FALSE,"United States",FALSE
746,"FATTA","Addison","USA","2023 Core Hydration Classic","AAfinal","Hoffman Estates, Illinois",13.85,NA,12.4,NA,1.12725733844014,NA,0.499949099356362,NA,"Illinois",TRUE,"United States",FALSE
747,"FATTA","Addison","USA","2023 U.S. Championships","final","San Jose, CA",13.9,13.3,11.35,13.25,1.18977670762767,0.797148534246809,-0.272781180680596,1.03909247423502,"California",TRUE,"United States",FALSE
748,"FATTA","Addison","USA","2023 U.S. Championships","qual","San Jose, CA",13.85,13.35,13,12.2,1.12725733844014,0.828238376675514,0.941509259377481,0.0693154209272731,"California",TRUE,"United States",FALSE
749,"FATTA","Addison","USA","2023 Winter Cup","AAfinal","Louisville, Kentucky",13.9,12.95,10.8,13.1,1.18977670762767,0.579519637245867,-0.677544660699954,0.90055289519106,"Kentucky",TRUE,"United States",FALSE
750,"FENTON","Georgia Mae","ENG","BIRMINGHAM 2022 Commonwealth Games","final","Birmingham, England",NA,13.9,12.733,NA,NA,1.17022664339128,0.745014988168083,NA,"England",FALSE,"England",TRUE
751,"FENTON","Georgia Mae","ENG","BIRMINGHAM 2022 Commonwealth Games","qual","Birmingham, England",NA,14,13.3,12.45,NA,1.23240632824869,1.16228933938804,0.300214719333881,"England",FALSE,"England",TRUE
752,"FENTON","Georgia Mae","GBR","2022 51st FIG Artistic Gymnastics World Championships","qual","Liverpool, England",13.9,14.133,12.1,NA,1.18977670762767,1.31510530910905,0.279169019345802,NA,"England",FALSE,"England",TRUE
753,"FENTON","Georgia Mae","GBR","2022 51st FIG Artistic Gymnastics World Championships","TeamFinal","Liverpool, England",NA,13.633,13.333,NA,NA,1.00420688482199,1.1865751481892,NA,"England",FALSE,"England",TRUE
754,"FENTON","Georgia Mae","GBR","2022 British Gymnastics Championships","final","Liverpool, England",NA,13.45,13.35,12.85,NA,0.890418061532926,1.1990860193898,0.669653596784453,"England",FALSE,"England",TRUE
755,"FENTON","Georgia Mae","GBR","2022 British Gymnastics Championships","qual","Liverpool, England",12.9,13.5,12.6,12.65,-0.0606106761229817,0.921507903961632,0.647135819363401,0.484934158059167,"England",FALSE,"England",TRUE
756,"FENTON","Georgia Mae","GBR","2022 Senior European Championships","final","Munich, Germany",NA,13.633,NA,NA,NA,1.00420688482199,NA,NA,"Germany",FALSE,"England",FALSE
757,"FENTON","Georgia Mae","GBR","2022 Senior European Championships","qual","Munich, Germany",13.466,13.9,NA,NA,0.647108583079886,1.17022664339128,NA,NA,"Germany",FALSE,"England",FALSE
758,"FENTON","Georgia Mae","GBR","2022 Senior European Championships","TeamFinal","Munich, Germany",NA,13.7,NA,NA,NA,1.04586727367646,NA,NA,"Germany",FALSE,"England",FALSE
759,"FENTON","Georgia Mae","GBR","2023 52nd FIG Artistic Gymnastics World Championships","qual","Antwerp, Belgium",NA,14.033,13.266,NA,NA,1.25292562425164,1.13726759698684,NA,"Belgium",FALSE,"England",FALSE
760,"FENTON","Georgia Mae","GBR","2023 52nd FIG Artistic Gymnastics World Championships","TeamFinal","Antwerp, Belgium",NA,12.4,12.2,NA,NA,0.237531370530102,0.352762379349322,NA,"Belgium",FALSE,"England",FALSE
761,"FENTON","Georgia Mae","GBR","2023 British Gymnastics Championships","final","Liverpool, England",NA,14.3,NA,13.5,NA,1.41894538282093,NA,1.26999177264163,"England",FALSE,"England",TRUE
762,"FENTON","Georgia Mae","GBR","2023 British Gymnastics Championships","qual","Liverpool, England",13.65,12.95,11.55,13.45,0.877179861690008,0.579519637245867,-0.125594460673556,1.22381191296031,"England",FALSE,"England",TRUE
763,"FENTON","Georgia Mae","GBR","2023 Senior European Championships","AAfinal","Antalya, Turkey",12.066,13.8,13.1,12.633,-1.10343375417103,1.10804695853387,1.015102619381,0.469233005767517,"Turkey",FALSE,"England",FALSE
764,"FENTON","Georgia Mae","GBR","2023 Senior European Championships","qual","Antalya, Turkey",13.733,13.933,12.333,12.9,0.980962014541312,1.19074593939423,0.450641548154004,0.715833456465775,"Turkey",FALSE,"England",FALSE
765,"FERNANDEZ","Emma","ESP","2022 51st FIG Artistic Gymnastics World Championships","qual","Liverpool, England",12.433,12.5,11.033,12.6,-0.644541584334537,0.299711055387514,-0.506072131891754,0.438754298377845,"England",FALSE,"Spain",FALSE
766,"FERNANDEZ","Emma","ESP","2022 Senior European Championships","qual","Munich, Germany",12.8,11.833,11.866,12.7,-0.185649414498046,-0.115027442611423,0.106960556937566,0.531114017740488,"Germany",FALSE,"Spain",FALSE
767,"FERNANDEZ","Emma","ESP","2022 Senior European Championships","TeamFinal","Munich, Germany",NA,NA,NA,11.466,NA,NA,NA,-0.608604919194526,"Germany",FALSE,"Spain",FALSE
768,"FINNEGAN","Aleah","PHI","2023 10th Senior Artistic Gymnastics Asian Championships","final","Singapore",13.866,NA,12.833,12.966,1.14726353658015,NA,0.818608348171603,0.776790871245118,"Singapore",FALSE,"Philippines",FALSE
769,"FINNEGAN","Aleah","PHI","2023 10th Senior Artistic Gymnastics Asian Championships","qual","Singapore",13.8,10.833,12.833,12.933,1.06473796925261,-0.736824291185541,0.818608348171603,0.746312163855447,"Singapore",FALSE,"Philippines",FALSE
770,"FINNEGAN","Aleah","PHI","2023 52nd FIG Artistic Gymnastics World Championships","qual","Antwerp, Belgium",13.4,12.433,12.7,12.833,0.564583015752344,0.258050666533048,0.720729179366921,0.653952444492804,"Belgium",FALSE,"Philippines",FALSE
771,"FLAGE DONOVAN","Evie","GBR","2023 British Gymnastics Championships","qual","Liverpool, England",NA,12.3,NA,NA,NA,0.175351685672691,NA,NA,"England",FALSE,"England",TRUE
772,"FONT","Laia","ESP","2023 52nd FIG Artistic Gymnastics World Championships","qual","Antwerp, Belgium",12.766,12.566,11.866,12.266,-0.228162585545569,0.340749647393406,0.106960556937566,0.130272835706618,"Belgium",FALSE,"Spain",FALSE
773,"FONT","Laia","ESP","2023 Cottbus World Cup","final","Cottbus, Germany",13.133,NA,NA,NA,0.230729584290919,NA,NA,NA,"Germany",FALSE,"Spain",FALSE
774,"FONT","Laia","ESP","2023 Cottbus World Cup","qual","Cottbus, Germany",12.966,NA,NA,12.8,0.0219148912045601,NA,NA,0.623473737103132,"Germany",FALSE,"Spain",FALSE
775,"FONT","Laia","ESP","2023 Senior European Championships","qual","Antalya, Turkey",13.2,NA,11.533,12.033,0.314505539002213,NA,-0.138105331874155,-0.0849253104083405,"Turkey",FALSE,"Spain",FALSE
776,"FONT","Laia","ESP","2023 Varna World Challenge Cup","final","Varna, Bulgaria",13.066,11.1,NA,NA,0.146953629579627,-0.570804532616252,NA,NA,"Bulgaria",FALSE,"Spain",FALSE
777,"FONT","Laia","ESP","2023 Varna World Challenge Cup","qual","Varna, Bulgaria",13,12.366,NA,NA,0.0644280622520831,0.216390277678582,NA,NA,"Bulgaria",FALSE,"Spain",FALSE
778,"FONT ESTRUCH","Carla","ESP","2023 FISU World University Games","qual","Chengdu, China",12.233,11.866,10.266,11.433,-0.894619061084666,-0.0945081466084774,-1.07053320311875,-0.639083626584198,"China",FALSE,"Spain",FALSE
779,"FOSSE","Edel","NOR","2022 Osijek World Challenge Cup","qual","Osijek, Croatia",NA,NA,NA,11.233,NA,NA,NA,-0.823803065309483,"Croatia",FALSE,"Norway",FALSE
780,"FOWLER","Kirsty","GBR","2022 British Gymnastics Championships","qual","Liverpool, England",13.1,9.7,9.9,10.7,0.189466800627148,-1.44132012062002,-1.33988490073163,-1.31608036951237,"England",FALSE,"England",TRUE
781,"FRAGAPANE","Claudia","ENG","BIRMINGHAM 2022 Commonwealth Games","qual","Birmingham, England",NA,NA,11.65,12.45,NA,NA,-0.0520011006700361,0.300214719333881,"England",FALSE,"England",TRUE
782,"FRANCERIES","Lea","FRA","2023 Tel Aviv World Challenge Cup","final","Tel Aviv, Israel",12.867,NA,12.833,NA,-0.101873459786753,NA,0.818608348171603,NA,"Israel",FALSE,"France",FALSE
783,"FRANCERIES","Lea","FRA","2023 Tel Aviv World Challenge Cup","qual","Tel Aviv, Israel",13.233,NA,13,NA,0.355768322665986,NA,0.941509259377481,NA,"Israel",FALSE,"France",FALSE
784,"FRANCERIES","Léa","FRA","EnBW DTB Pokal Team Challenge 2023","final","Stuttgart, Germany",NA,NA,12.733,NA,NA,NA,0.745014988168083,NA,"Germany",FALSE,"France",FALSE
785,"FRANCERIES","Léa","FRA","EnBW DTB Pokal Team Challenge 2023","qual","Stuttgart, Germany",13,NA,13.2,13,0.0644280622520831,NA,1.08869597938452,0.808193175828418,"Germany",FALSE,"France",FALSE
786,"FRANCOY","Alice","BEL","2023 Cairo World Cup","qual","Cairo, Egypt",NA,11.166,NA,11.1,NA,-0.52976594061036,NA,-0.946641492061799,"Egypt",FALSE,"Belgium",FALSE
787,"FRAZIER","eMjae","USA","2022 Winter Cup","AAfinal","Frisco, Texas",13.75,12.2,13.7,13.5,1.00221860006507,0.113172000815278,1.45666277940212,1.26999177264163,"Texas",TRUE,"United States",FALSE
788,"FRIESS","Aline","FRA","2022 51st FIG Artistic Gymnastics World Championships","AAfinal","Liverpool, England",13,13,11.466,12.8,0.0644280622520831,0.610609479674573,-0.187412883076513,0.623473737103132,"England",FALSE,"France",FALSE
789,"FRIESS","Aline","FRA","2022 51st FIG Artistic Gymnastics World Championships","qual","Liverpool, England",13.666,13.233,12.266,13.1,0.897186059830018,0.755488145392343,0.401333996951645,0.90055289519106,"England",FALSE,"France",FALSE
790,"FRIESS","Aline","FRA","2022 51st FIG Artistic Gymnastics World Championships","TeamFinal","Liverpool, England",NA,12.966,NA,12,NA,0.589468386823053,NA,-0.115404017798012,"England",FALSE,"France",FALSE
791,"FRIESS","Aline","FRA","2022 Paris World Challenge Cup","final","Paris, France",NA,13.6,NA,NA,NA,0.983687588819044,NA,NA,"France",FALSE,"France",TRUE
792,"FRIESS","Aline","FRA","2022 Paris World Challenge Cup","qual","Paris, France",NA,13.1,NA,NA,NA,0.672789164531985,NA,NA,"France",FALSE,"France",TRUE
793,"FRIESS","Aline","FRA","2022 Senior European Championships","final","Munich, Germany",13.966,NA,NA,NA,1.27230227495521,NA,NA,NA,"Germany",FALSE,"France",FALSE
794,"FRIESS","Aline","FRA","2022 Senior European Championships","qual","Munich, Germany",14.333,12.5,12.166,12.8,1.7311944447917,0.299711055387514,0.327740636948126,0.623473737103132,"Germany",FALSE,"France",FALSE
795,"FRIESS","Aline","FRA","2022 Senior European Championships","TeamFinal","Munich, Germany",14.233,13.266,NA,NA,1.60615570641664,0.776007441395289,NA,NA,"Germany",FALSE,"France",FALSE
796,"FRIESS","Aline","FRA","2022 Varna World Challenge Cup","final","Varna, Bulgaria",13.85,13.45,12.45,13,1.12725733844014,0.890418061532926,0.536745779358121,0.808193175828418,"Bulgaria",FALSE,"France",FALSE
797,"FRIESS","Aline","FRA","2022 Varna World Challenge Cup","qual","Varna, Bulgaria",13.75,13.7,13.35,13.1,1.00221860006507,1.04586727367646,1.1990860193898,0.90055289519106,"Bulgaria",FALSE,"France",FALSE
798,"FRIESS","Aline","FRA","2023 Varna World Challenge Cup","qual","Varna, Bulgaria",NA,12.133,NA,NA,NA,0.0715116119608119,NA,NA,"Bulgaria",FALSE,"France",FALSE
799,"FRLETA","Nika Kukuljan","CRO","2022 Mersin World Challenge Cup","qual","Mersin, Turkey",NA,NA,9.5,10.7,NA,NA,-1.63425834074571,-1.31608036951237,"Turkey",FALSE,"Croatia",FALSE
800,"FRLETA","Nika Kukuljan","CRO","2022 Szombathely World Challenge Cup","qual","Szombathely, Hungary",NA,NA,8.266,11.233,NA,NA,-2.54240040318915,-0.823803065309483,"Hungary",FALSE,"Croatia",FALSE
801,"FRYSAK","Bianca","AUT","2023 52nd FIG Artistic Gymnastics World Championships","qual","Antwerp, Belgium",12.7,12.2,11.733,12.1,-0.310688152873113,0.113172000815278,0.00908138813288544,-0.0230442984353695,"Belgium",FALSE,"Austria",FALSE
802,"FRYSAK","Bianca","AUT","2023 FISU World University Games","AAfinal","Chengdu, China",12.633,11.4,12.4,11.766,-0.394464107584407,-0.384265478044016,0.499949099356362,-0.331525761106597,"China",FALSE,"Austria",FALSE
803,"FRYSAK","Bianca","AUT","2023 FISU World University Games","final","Chengdu, China",NA,12.433,12.4,12.366,NA,0.258050666533048,0.499949099356362,0.222632555069261,"China",FALSE,"Austria",FALSE
804,"FRYSAK","Bianca","AUT","2023 FISU World University Games","qual","Chengdu, China",12.7,12.466,12.433,12.266,-0.310688152873113,0.278569962535993,0.524234908157523,0.130272835706618,"China",FALSE,"Austria",FALSE
805,"FRYSAK","Bianca","AUT","2023 Senior European Championships","AAfinal","Antalya, Turkey",12.633,12.033,10.6,11.866,-0.394464107584407,0.00933192710340031,-0.824731380706994,-0.239166041743954,"Turkey",FALSE,"Austria",FALSE
806,"FRYSAK","Bianca","AUT","2023 Senior European Championships","qual","Antalya, Turkey",12.766,12.633,11.8,11.866,-0.228162585545569,0.382410036247871,0.0583889393352438,-0.239166041743954,"Turkey",FALSE,"Austria",FALSE
807,"FUENTES","Ana","DOM","SANTIAGO 2023 XIX Pan American Games","qual","Santiago, Chile",11.966,8.666,6.033,10.533,-1.22847249254609,-2.08425806204566,-4.18574013206774,-1.47032110084799,"Chile",FALSE,"Dominican Republic",FALSE
808,"FUENTES DE LA CRUZ","Ana Patricia","DOM","2023 Artistic Gymnastics Senior Pan American Championships","TeamQual","Medellin, Colombia",11.333,10.867,9.867,11.133,-2.01996770646025,-0.715683198334021,-1.36417070953279,-0.916162784672128,"Colombia",FALSE,"Dominican Republic",FALSE
809,"FUKASAWA","Kokoro","JPN","2022 51st FIG Artistic Gymnastics World Championships","qual","Liverpool, England",13.333,13.5,NA,NA,0.480807061041051,0.921507903961632,NA,NA,"England",FALSE,"Japan",FALSE
810,"FUKASAWA","Kokoro","JPN","2022 51st FIG Artistic Gymnastics World Championships","TeamFinal","Liverpool, England",13.6,9.4,NA,NA,0.814660492502474,-1.62785917519225,NA,NA,"England",FALSE,"Japan",FALSE
811,"FUKASAWA","Kokoro","JPN","2023 52nd FIG Artistic Gymnastics World Championships","qual","Antwerp, Belgium",13.466,12.033,NA,12.633,0.647108583079886,0.00933192710340031,NA,0.469233005767517,"Belgium",FALSE,"Japan",FALSE
812,"FUKASAWA","Kokoro","JPN","2023 52nd FIG Artistic Gymnastics World Championships","TeamFinal","Antwerp, Belgium",NA,13.333,NA,NA,NA,0.817667830249755,NA,NA,"Belgium",FALSE,"Japan",FALSE
813,"FUKASAWA","Kokoro","JPN","2023 Doha World Cup","qual","Doha, Qatar",NA,11.5,11.466,NA,NA,-0.322085793186604,-0.187412883076513,NA,"Qatar",FALSE,"Japan",FALSE
814,"FUKASAWA","Kokoro","JPN","2023 FISU World University Games","qual","Chengdu, China",NA,12.366,12.9,NA,NA,0.216390277678582,0.867915899373961,NA,"China",FALSE,"Japan",FALSE
815,"FURAC","Petra","CRO","2022 51st FIG Artistic Gymnastics World Championships","qual","Liverpool, England",12.3,10.666,10.1,11,-0.810843106373373,-0.840664364897419,-1.19269818072459,-1.03900121142444,"England",FALSE,"Croatia",FALSE
816,"FURAC","Petra","CRO","2022 Senior European Championships","qual","Munich, Germany",12.166,10.666,10.966,10.433,-0.97839501579596,-0.840664364897419,-0.555379683094112,-1.56268082021063,"Germany",FALSE,"Croatia",FALSE
817,"GADIROVA","Jennifer","GBR","2022 51st FIG Artistic Gymnastics World Championships","final","Liverpool, England",NA,NA,NA,13.166,NA,NA,NA,0.961510309970405,"England",FALSE,"England",TRUE
818,"GADIROVA","Jennifer","GBR","2022 51st FIG Artistic Gymnastics World Championships","qual","Liverpool, England",NA,NA,NA,13.6,NA,NA,NA,1.36235149200427,"England",FALSE,"England",TRUE
819,"GADIROVA","Jennifer","GBR","2022 51st FIG Artistic Gymnastics World Championships","TeamFinal","Liverpool, England",NA,NA,NA,13.433,NA,NA,NA,1.20811076066866,"England",FALSE,"England",TRUE
820,"GADIROVA","Jennifer","GBR","2022 British Gymnastics Championships","final","Liverpool, England",NA,13.1,13.75,13.95,NA,0.672789164531985,1.49345945940388,1.68561050977353,"England",FALSE,"England",TRUE
821,"GADIROVA","Jennifer","GBR","2022 British Gymnastics Championships","qual","Liverpool, England",13.25,13.2,12.2,13.7,0.377024908189746,0.734968849389396,0.352762379349322,1.45471121136692,"England",FALSE,"England",TRUE
822,"GADIROVA","Jennifer","GBR","2022 Paris World Challenge Cup","final","Paris, France",NA,NA,13.45,13.25,NA,NA,1.27267937939332,1.03909247423502,"France",FALSE,"England",FALSE
823,"GADIROVA","Jennifer","GBR","2022 Paris World Challenge Cup","qual","Paris, France",12.9,12.95,12.9,13.1,-0.0606106761229817,0.579519637245867,0.867915899373961,0.90055289519106,"France",FALSE,"England",FALSE
824,"GADIROVA","Jennifer","GBR","2022 Senior European Championships","final","Munich, Germany",NA,NA,NA,13.466,NA,NA,NA,1.23858946805833,"Germany",FALSE,"England",FALSE
825,"GADIROVA","Jennifer","GBR","2022 Senior European Championships","qual","Munich, Germany",NA,NA,12.9,13.533,NA,NA,0.867915899373961,1.3004704800313,"Germany",FALSE,"England",FALSE
826,"GADIROVA","Jennifer","GBR","2022 Senior European Championships","TeamFinal","Munich, Germany",NA,NA,12.5,13.133,NA,NA,0.573542459359882,0.931031602580732,"Germany",FALSE,"England",FALSE
827,"GADIROVA","Jennifer","GBR","2023 British Gymnastics Championships","qual","Liverpool, England",NA,NA,11.95,NA,NA,NA,0.168778979340522,NA,"England",FALSE,"England",TRUE
828,"GADIROVA","Jessica","GBR","2022 51st FIG Artistic Gymnastics World Championships","AAfinal","Liverpool, England",13.833,13.233,13.733,14.4,1.10600075291638,0.755488145392343,1.48094858820328,2.10122924690542,"England",FALSE,"England",TRUE
829,"GADIROVA","Jessica","GBR","2022 51st FIG Artistic Gymnastics World Championships","final","Liverpool, England",NA,NA,NA,14.2,NA,NA,NA,1.91650980818013,"England",FALSE,"England",TRUE
830,"GADIROVA","Jessica","GBR","2022 51st FIG Artistic Gymnastics World Championships","qual","Liverpool, England",14.4,13.166,12.933,14.1,1.814970399503,0.713827756537877,0.892201708175122,1.82415008881749,"England",FALSE,"England",TRUE
831,"GADIROVA","Jessica","GBR","2022 51st FIG Artistic Gymnastics World Championships","TeamFinal","Liverpool, England",14.2,12.8,NA,14.266,1.56489292275286,0.48625010995975,NA,1.97746722295948,"England",FALSE,"England",TRUE
832,"GADIROVA","Jessica","GBR","2022 British Gymnastics Championships","final","Liverpool, England",14.1,12.9,13.55,14.6,1.4398541843778,0.548429794817161,1.34627273939684,2.2859486856307,"England",FALSE,"England",TRUE
833,"GADIROVA","Jessica","GBR","2022 British Gymnastics Championships","qual","Liverpool, England",14.05,13.25,13.3,14.05,1.37733481519027,0.766058691818103,1.16228933938804,1.77797022913617,"England",FALSE,"England",TRUE
834,"GADIROVA","Jessica","GBR","2022 Senior European Championships","final","Munich, Germany",14.066,NA,NA,14,1.39734101333028,NA,NA,1.73179036945485,"Germany",FALSE,"England",FALSE
835,"GADIROVA","Jessica","GBR","2022 Senior European Championships","qual","Munich, Germany",13.866,12.833,12.233,13.766,1.14726353658015,0.506769405962695,0.377048188150484,1.51566862614626,"Germany",FALSE,"England",FALSE
836,"GADIROVA","Jessica","GBR","2022 Senior European Championships","TeamFinal","Munich, Germany",14,NA,NA,13.233,1.31481544600274,NA,NA,1.02339132194338,"Germany",FALSE,"England",FALSE
837,"GADIROVA","Jessica","GBR","2023 52nd FIG Artistic Gymnastics World Championships","qual","Antwerp, Belgium",14.6,13.766,14,14.4,2.06504787625313,1.08690586568235,1.67744285941268,2.10122924690542,"Belgium",FALSE,"England",FALSE
838,"GADIROVA","Jessica","GBR","2023 52nd FIG Artistic Gymnastics World Championships","TeamFinal","Antwerp, Belgium",13,13.7,13.533,14.533,0.0644280622520831,1.04586727367646,1.33376186819624,2.22406767365773,"Belgium",FALSE,"England",FALSE
839,"GADIROVA","Jessica","GBR","2023 British Gymnastics Championships","final","Liverpool, England",NA,14.2,13.65,NA,NA,1.35676569796351,1.41986609940036,NA,"England",FALSE,"England",TRUE
840,"GADIROVA","Jessica","GBR","2023 British Gymnastics Championships","qual","Liverpool, England",NA,13.5,12.8,NA,NA,0.921507903961632,0.794322539370442,NA,"England",FALSE,"England",TRUE
841,"GADIROVA","Jessica","GBR","2023 Senior European Championships","AAfinal","Antalya, Turkey",14.1,13.466,13.533,13.933,1.4398541843778,0.900366811110112,1.33376186819624,1.66990935748188,"Turkey",FALSE,"England",FALSE
842,"GADIROVA","Jessica","GBR","2023 Senior European Championships","final","Antalya, Turkey",NA,NA,12.166,14,NA,NA,0.327740636948126,1.73179036945485,"Turkey",FALSE,"England",FALSE
843,"GADIROVA","Jessica","GBR","2023 Senior European Championships","qual","Antalya, Turkey",14.2,13.866,13.6,13.9,1.56489292275286,1.14908555053976,1.3830694193986,1.6394306500922,"Turkey",FALSE,"England",FALSE
844,"GAHRAMANOVA","Samira","AZE","2022 51st FIG Artistic Gymnastics World Championships","qual","Liverpool, England",11.533,NA,9.8,9.2,-1.76989022971012,NA,-1.41347826073515,-2.70147615995202,"England",FALSE,"Azerbaijan",FALSE
845,"GAHRAMANOVA","Samira","AZE","2022 Baku World Cup","qual","Baku, Azerbaijan",12.4,NA,10.1,11.566,-0.685804367998308,NA,-1.19269818072459,-0.516245199831882,"Azerbaijan",FALSE,"Azerbaijan",TRUE
846,"GAHRAMANOVA","Samira","AZE","2022 Cairo World Cup","qual","Cairo, Egypt",11.9,NA,9.7,11.433,-1.31099805987363,NA,-1.48707162073867,-0.639083626584198,"Egypt",FALSE,"Azerbaijan",FALSE
847,"GAHRAMANOVA","Samira","AZE","2022 Cottbus World Cup","final","Cottbus, Germany",12.033,NA,NA,NA,-1.1446965378348,NA,NA,NA,"Germany",FALSE,"Azerbaijan",FALSE
848,"GAHRAMANOVA","Samira","AZE","2022 Cottbus World Cup","qual","Cottbus, Germany",12.033,NA,11.1,11.1,-1.1446965378348,NA,-0.456764580689395,-0.946641492061799,"Germany",FALSE,"Azerbaijan",FALSE
849,"GAHRAMANOVA","Samira","AZE","2022 Mersin World Challenge Cup","qual","Mersin, Turkey",NA,NA,10.9,NA,NA,NA,-0.603951300696434,NA,"Turkey",FALSE,"Azerbaijan",FALSE
850,"GAHRAMANOVA","Samira","AZE","2022 Senior European Championships","qual","Munich, Germany",11.733,7.366,9.1,10.266,-1.51981275295999,-2.89259396519201,-1.92863178075979,-1.71692155154624,"Germany",FALSE,"Azerbaijan",FALSE
851,"GAHRAMANOVA","Samira","AZE","2022 Varna World Challenge Cup","qual","Varna, Bulgaria",11.4,NA,NA,NA,-1.93619175174896,NA,NA,NA,"Bulgaria",FALSE,"Azerbaijan",FALSE
852,"GAHRAMANOVA","Samira","AZE","2023 52nd FIG Artistic Gymnastics World Championships","qual","Antwerp, Belgium",NA,NA,NA,10.8,NA,NA,NA,-1.22372065014973,"Belgium",FALSE,"Azerbaijan",FALSE
853,"GAHRAMANOVA","Samira","AZE","2023 Baku World Cup","qual","Baku, Azerbaijan",NA,NA,11.1,NA,NA,NA,-0.456764580689395,NA,"Azerbaijan",FALSE,"Azerbaijan",TRUE
854,"GAHRAMANOVA","Samira","AZE","2023 Cairo World Cup","qual","Cairo, Egypt",NA,NA,10.333,11.433,NA,NA,-1.02122565191639,-0.639083626584198,"Egypt",FALSE,"Azerbaijan",FALSE
855,"GAHRAMANOVA","Samira","AZE","2023 Cottbus World Cup","qual","Cottbus, Germany",NA,NA,11.166,NA,NA,NA,-0.408192963087072,NA,"Germany",FALSE,"Azerbaijan",FALSE
856,"GAHRAMANOVA","Samira","AZE","2023 Doha World Cup","qual","Doha, Qatar",NA,NA,10.9,NA,NA,NA,-0.603951300696434,NA,"Qatar",FALSE,"Azerbaijan",FALSE
857,"GAHRAMANOVA","Samira","AZE","2023 Senior European Championships","qual","Antalya, Turkey",11.766,NA,9.033,10.4,-1.47854996929622,NA,-1.97793933196215,-1.5931595276003,"Turkey",FALSE,"Azerbaijan",FALSE
858,"GAHRAMANOVA","Samira","AZE","2023 Tel Aviv World Challenge Cup","qual","Tel Aviv, Israel",NA,NA,10.233,10.7,NA,NA,-1.09481901191991,-1.31608036951237,"Israel",FALSE,"Azerbaijan",FALSE
859,"GAHRAMANOVA","Samira","AZE","2023 Varna World Challenge Cup","qual","Varna, Bulgaria",NA,NA,10.7,11.066,NA,NA,-0.751138020703475,-0.978043796645097,"Bulgaria",FALSE,"Azerbaijan",FALSE
860,"GAMAGE","Kaushini","SRI","BIRMINGHAM 2022 Commonwealth Games","qual","Birmingham, England",NA,7,8,7.85,NA,-3.12017161177014,-2.73815874079851,-3.9483323713477,"England",FALSE,"Sri Lanka",FALSE
861,"GARGETT","Ellie","GBR","2022 British Gymnastics Championships","qual","Liverpool, England",11.85,NA,10.15,10.05,-1.37351742906117,NA,-1.15590150072283,-1.91641854536955,"England",FALSE,"England",TRUE
862,"GAYEN","Bidisha","IND","2022 Cairo World Cup","qual","Cairo, Egypt",NA,NA,8.3,NA,NA,NA,-2.51737866078795,NA,"Egypt",FALSE,"India",FALSE
863,"GAYEN","Bidisha","IND","2023 10th Senior Artistic Gymnastics Asian Championships","qual","Singapore",11.933,5.966,8.666,11.133,-1.26973527620986,-3.76310955319578,-2.24802696317507,-0.916162784672128,"Singapore",FALSE,"India",FALSE
864,"GEHANI","Milka","SRI","2022 9th Senior Artistic Gymnastics Asian Championships","qual","Doha, Qatar",NA,12.733,11.833,10.533,NA,0.444589721105284,0.0826747481364049,-1.47032110084799,"Qatar",FALSE,"Sri Lanka",FALSE
865,"GEHANI","Milka","SRI","2023 10th Senior Artistic Gymnastics Asian Championships","final","Singapore",NA,12.466,NA,NA,NA,0.278569962535993,NA,NA,"Singapore",FALSE,"Sri Lanka",FALSE
866,"GEHANI","Milka","SRI","2023 10th Senior Artistic Gymnastics Asian Championships","qual","Singapore",NA,12.566,11.933,12.333,NA,0.340749647393406,0.156268108139924,0.192153847679589,"Singapore",FALSE,"Sri Lanka",FALSE
867,"GEMZA","Anna","POL","2022 Szombathely World Challenge Cup","qual","Szombathely, Hungary",NA,11.8,10.533,NA,NA,-0.135546738614369,-0.874038931909353,NA,"Hungary",FALSE,"Poland",FALSE
868,"GEMZA","Anna","POL","2022 Varna World Challenge Cup","qual","Varna, Bulgaria",NA,9.9,NA,NA,NA,-1.31696075090519,NA,NA,"Bulgaria",FALSE,"Poland",FALSE
869,"GEMZA","Anna","POL","2023 Senior European Championships","qual","Antalya, Turkey",NA,11.466,10,9.7,NA,-0.343226886038125,-1.26629154072811,-2.2396775631388,"Turkey",FALSE,"Poland",FALSE
870,"GEORGIEVA","Valentina","BUL","2022 Baku World Cup","final","Baku, Azerbaijan",12.166,NA,NA,NA,-0.97839501579596,NA,NA,NA,"Azerbaijan",FALSE,"Bulgaria",FALSE
871,"GEORGIEVA","Valentina","BUL","2022 Baku World Cup","qual","Baku, Azerbaijan",13.566,NA,10.566,NA,0.772147321454953,NA,-0.84975312310819,NA,"Azerbaijan",FALSE,"Bulgaria",FALSE
872,"GEORGIEVA","Valentina","BUL","2022 Osijek World Challenge Cup","final","Osijek, Croatia",13.633,NA,NA,12.4,0.855923276166245,NA,NA,0.25403485965256,"Croatia",FALSE,"Bulgaria",FALSE
873,"GEORGIEVA","Valentina","BUL","2022 Osijek World Challenge Cup","qual","Osijek, Croatia",12.966,10.8,11.9,12.466,0.0219148912045601,-0.757343587188487,0.131982299338763,0.314992274431903,"Croatia",FALSE,"Bulgaria",FALSE
874,"GEORGIEVA","Valentina","BUL","2022 Senior European Championships","final","Munich, Germany",12.733,NA,NA,NA,-0.26942536920934,NA,NA,NA,"Germany",FALSE,"Bulgaria",FALSE
875,"GEORGIEVA","Valentina","BUL","2022 Senior European Championships","qual","Munich, Germany",13.766,10.266,11.033,11.033,1.02222479820508,-1.08938310432707,-0.506072131891754,-1.00852250403477,"Germany",FALSE,"Bulgaria",FALSE
876,"GEORGIEVA","Valentina","BUL","2022 Varna World Challenge Cup","final","Varna, Bulgaria",12.2,NA,NA,12.6,-0.935881844748439,NA,NA,0.438754298377845,"Bulgaria",FALSE,"Bulgaria",TRUE
877,"GEORGIEVA","Valentina","BUL","2022 Varna World Challenge Cup","qual","Varna, Bulgaria",13.6,NA,9.65,12.55,0.814660492502474,NA,-1.52386830074043,0.392574438696525,"Bulgaria",FALSE,"Bulgaria",TRUE
878,"GERMAN","Karis","USA","2022 Winter Cup","AAfinal","Frisco, Texas",13.35,12.9,12.65,13.15,0.502063646564811,0.548429794817161,0.683932499365162,0.946732754872382,"Texas",TRUE,"United States",FALSE
879,"GEURTS","Elisabeth","NED","EnBW DTB Pokal Team Challenge 2023","qual","Stuttgart, Germany",14,13.1,11.25,12,1.31481544600274,0.672789164531985,-0.346374540684115,-0.115404017798012,"Germany",FALSE,"Netherlands",FALSE
880,"GHIGOARTA","Amalia","ROU","2023 52nd FIG Artistic Gymnastics World Championships","qual","Antwerp, Belgium",NA,12.6,12.433,NA,NA,0.361890740244926,0.524234908157523,NA,"Belgium",FALSE,"Romania",FALSE
881,"GHIGOARTA","Amalia","ROU","2023 Senior European Championships","AAfinal","Antalya, Turkey",13,9.266,12.9,12.733,0.0644280622520831,-1.71117995290119,0.867915899373961,0.561592725130161,"Turkey",FALSE,"Romania",FALSE
882,"GHIGOARTA","Amalia","ROU","2023 Senior European Championships","final","Antalya, Turkey",NA,NA,12.9,NA,NA,NA,0.867915899373961,NA,"Turkey",FALSE,"Romania",FALSE
883,"GHIGOARTA","Amalia","ROU","2023 Senior European Championships","qual","Antalya, Turkey",13.133,12.766,13.133,12.4,0.230729584290919,0.465109017108229,1.03938842818216,0.25403485965256,"Turkey",FALSE,"Romania",FALSE
884,"GIUBELLINI","Chiara","SUI","2022 Senior European Championships","qual","Munich, Germany",12.8,NA,11.3,12.533,-0.185649414498046,NA,-0.309577860682355,0.376873286404874,"Germany",FALSE,"Switzerland",FALSE
885,"GIUBELLINI","Chiara","SUI","2023 Varna World Challenge Cup","final","Varna, Bulgaria",NA,NA,NA,12.166,NA,NA,NA,0.0379131163439755,"Bulgaria",FALSE,"Switzerland",FALSE
886,"GIUBELLINI","Chiara","SUI","2023 Varna World Challenge Cup","qual","Varna, Bulgaria",NA,NA,10.266,12.366,NA,NA,-1.07053320311875,0.222632555069261,"Bulgaria",FALSE,"Switzerland",FALSE
887,"GOBADZE","Ani","GEO","2022 Baku World Cup","qual","Baku, Azerbaijan",NA,NA,10.133,11.766,NA,NA,-1.16841237192343,-0.331525761106597,"Azerbaijan",FALSE,"Georgia",FALSE
888,"GOBADZE","Ani","GEO","2022 Osijek World Challenge Cup","qual","Osijek, Croatia",12.166,11.066,11.2,10.7,-0.97839501579596,-0.591945625467771,-0.383171220685876,-1.31608036951237,"Croatia",FALSE,"Georgia",FALSE
889,"GOBADZE","Ani","GEO","2022 Senior European Championships","qual","Munich, Germany",11.366,9.433,10.033,10.166,-1.97870492279648,-1.60733987918931,-1.24200573192695,-1.80928127090888,"Germany",FALSE,"Georgia",FALSE
890,"GOBADZE","Ani","GEO","2023 Baku World Cup","qual","Baku, Azerbaijan",NA,NA,10.566,9.766,NA,NA,-0.84975312310819,-2.17872014835946,"Azerbaijan",FALSE,"Georgia",FALSE
891,"GOBADZE","Ani","GEO","2023 Senior European Championships","qual","Antalya, Turkey",12.166,9.466,8.7,10.933,-0.97839501579596,-1.58682058318636,-2.22300522077387,-1.10088222339741,"Turkey",FALSE,"Georgia",FALSE
892,"GODWIN","Georgia","AUS","2022 51st FIG Artistic Gymnastics World Championships","AAfinal","Liverpool, England",13.766,13.5,12.4,13.033,1.02222479820508,0.921507903961632,0.499949099356362,0.838671883218089,"England",FALSE,"Australia",FALSE
893,"GODWIN","Georgia","AUS","2022 51st FIG Artistic Gymnastics World Championships","qual","Liverpool, England",13.6,13.333,13,12.933,0.814660492502474,0.817667830249755,0.941509259377481,0.746312163855447,"England",FALSE,"Australia",FALSE
894,"GODWIN","Georgia","AUS","2023 52nd FIG Artistic Gymnastics World Championships","AAfinal","Antwerp, Belgium",13.6,13.5,12.266,12.333,0.814660492502474,0.921507903961632,0.401333996951645,0.192153847679589,"Belgium",FALSE,"Australia",FALSE
895,"GODWIN","Georgia","AUS","2023 52nd FIG Artistic Gymnastics World Championships","qual","Antwerp, Belgium",13.633,13.666,13.133,12.766,0.855923276166245,1.02472618082494,1.03938842818216,0.592071432519833,"Belgium",FALSE,"Australia",FALSE
896,"GODWIN","Georgia","AUS","2023 Osijek World Challenge Cup","final","Osijek, Croatia",14.066,13.7,13.9,13.4,1.39734101333028,1.04586727367646,1.60384949940916,1.17763205327899,"Croatia",FALSE,"Australia",FALSE
897,"GODWIN","Georgia","AUS","2023 Osijek World Challenge Cup","qual","Osijek, Croatia",14.033,13.6,12.6,13.833,1.35607822966651,0.983687588819044,0.647135819363401,1.57754963811923,"Croatia",FALSE,"Australia",FALSE
898,"GODWIN","Georgia","AUS","2023 Tel Aviv World Challenge Cup","final","Tel Aviv, Israel",13.8,12.867,12.633,13.567,1.06473796925261,0.527910498814216,0.671421628164562,1.3318727846146,"Israel",FALSE,"Australia",FALSE
899,"GODWIN","Georgia","AUS","2023 Tel Aviv World Challenge Cup","qual","Tel Aviv, Israel",13.6,13.033,13.733,13.467,0.814660492502474,0.631128775677519,1.48094858820328,1.23951306525196,"Israel",FALSE,"Australia",FALSE
900,"GODWIN","Georgia","AUS","BIRMINGHAM 2022 Commonwealth Games","AAfinal","Birmingham, England",13.3,13.55,13.75,12.95,0.43954427737728,0.952597746390339,1.49345945940388,0.762013316147095,"England",FALSE,"Australia",FALSE
901,"GODWIN","Georgia","AUS","BIRMINGHAM 2022 Commonwealth Games","final","Birmingham, England",13.7,13.5,13.433,NA,0.939699230877539,0.921507903961632,1.26016850819272,NA,"England",FALSE,"Australia",FALSE
902,"GODWIN","Georgia","AUS","BIRMINGHAM 2022 Commonwealth Games","qual","Birmingham, England",13.75,13.65,13.6,12.65,1.00221860006507,1.01477743124775,1.3830694193986,0.484934158059167,"England",FALSE,"Australia",FALSE
903,"GOMES MAIA","Luisa","BRA","2023 Artistic Gymnastics Senior Pan American Championships","TeamFinal","Medellin, Colombia",NA,NA,NA,11.167,NA,NA,NA,-0.884760480088828,"Colombia",FALSE,"Brazil",FALSE
904,"GOMES MAIA","Luisa","BRA","2023 Artistic Gymnastics Senior Pan American Championships","TeamQual","Medellin, Colombia",12,NA,NA,12.833,-1.18595932149857,NA,NA,0.653952444492804,"Colombia",FALSE,"Brazil",FALSE
905,"GORRELL","Eilidh","GBR","2022 British Gymnastics Championships","qual","Liverpool, England",11.05,11,10.4,11.95,-2.37382733606169,-0.632984217473664,-0.971918100714033,-0.161583877479334,"England",FALSE,"England",TRUE
906,"GORRELL","Eilidh","GBR","2023 British Gymnastics Championships","qual","Liverpool, England",11.95,11.6,11.2,11.5,-1.2484786906861,-0.259906108329193,-0.383171220685876,-0.577202614611227,"England",FALSE,"England",TRUE
907,"GORRELL","Eilidh","SCO","BIRMINGHAM 2022 Commonwealth Games","qual","Birmingham, England",NA,10.75,11.35,11.7,NA,-0.788433429617193,-0.272781180680596,-0.392483175885942,"England",FALSE,"Scotland",FALSE
908,"GRANDE","Alexa","ESA","2023 Central American and Caribbean Games","AAfinal","San Salvador, El Salvador",12.7,10.25,11.75,11.8,-0.310688152873113,-1.09933185390425,0.0215922593334834,-0.300123456523297,"El Salvador",FALSE,"El Salvador",TRUE
909,"GRANDE","Alexa","ESA","2023 Central American and Caribbean Games","final","San Salvador, El Salvador",12.9,NA,11.25,NA,-0.0606106761229817,NA,-0.346374540684115,NA,"El Salvador",FALSE,"El Salvador",TRUE
910,"GRANDE","Alexa","ESA","2023 Central American and Caribbean Games","qual","San Salvador, El Salvador",12.8,10.3,12,12,-0.185649414498046,-1.06824201147555,0.205575659342283,-0.115404017798012,"El Salvador",FALSE,"El Salvador",TRUE
911,"GRANDE","Alexa","ESA","SANTIAGO 2023 XIX Pan American Games","AAfinal","Santiago, Chile",12.533,10.7,11.333,11.966,-0.519502845959472,-0.8195232720459,-0.285292051881194,-0.146806322381311,"Chile",FALSE,"El Salvador",FALSE
912,"GRANDE","Alexa","ESA","SANTIAGO 2023 XIX Pan American Games","qual","Santiago, Chile",12.533,10.8,11.1,11.966,-0.519502845959472,-0.757343587188487,-0.456764580689395,-0.146806322381311,"Chile",FALSE,"El Salvador",FALSE
913,"GRANDE FRANCO","Alexa Gabriela","ESA","2023 Artistic Gymnastics Senior Pan American Championships","TeamQual","Medellin, Colombia",11.533,9.033,11.333,11.567,-1.76989022971012,-1.85605861861895,-0.285292051881194,-0.515321602638256,"Colombia",FALSE,"El Salvador",FALSE
914,"GRANT","Shanna Kae","GBR","2022 British Gymnastics Championships","qual","Liverpool, England",12.25,11.8,11.55,11.8,-0.873362475560906,-0.135546738614369,-0.125594460673556,-0.300123456523297,"England",FALSE,"England",TRUE
915,"GRANT","Shanna Kae","GBR","2023 British Gymnastics Championships","final","Liverpool, England",NA,NA,NA,13.35,NA,NA,NA,1.13145219359767,"England",FALSE,"England",TRUE
916,"GRANT","Shanna Kae","GBR","2023 British Gymnastics Championships","qual","Liverpool, England",12.75,12,11.6,12.95,-0.24816878368558,-0.0111873688995453,-0.0887977806717965,0.762013316147095,"England",FALSE,"England",TRUE
917,"GRAVIN","Elina","SWE","2023 52nd FIG Artistic Gymnastics World Championships","qual","Antwerp, Belgium",12.3,NA,11.933,12.3,-0.810843106373373,NA,0.156268108139924,0.161675140289917,"Belgium",FALSE,"Sweden",FALSE
918,"GRAVIN","Elina","SWE","2023 Doha World Cup","final","Doha, Qatar",NA,NA,NA,12.233,NA,NA,NA,0.0997941283169464,"Qatar",FALSE,"Sweden",FALSE
919,"GRAVIN","Elina","SWE","2023 Doha World Cup","qual","Doha, Qatar",NA,NA,12.333,12.233,NA,NA,0.450641548154004,0.0997941283169464,"Qatar",FALSE,"Sweden",FALSE
920,"GRAVIN","Elina","SWE","2023 Senior European Championships","qual","Antalya, Turkey",NA,11.133,NA,NA,NA,-0.550285236613307,NA,NA,"Turkey",FALSE,"Sweden",FALSE
921,"GREAVES","Olivia","USA","2022 U.S. Championships","final","Tampa, FL",NA,13.45,NA,NA,NA,0.890418061532926,NA,NA,"FL",FALSE,"United States",FALSE
922,"GREAVES","Olivia","USA","2022 U.S. Championships","qual","Tampa, FL",NA,13.6,NA,NA,NA,0.983687588819044,NA,NA,"FL",FALSE,"United States",FALSE
923,"GRYGIEL","Magdalena","POL","2023 Senior European Championships","qual","Antalya, Turkey",12.3,11,9.4,11.166,-0.810843106373373,-0.632984217473664,-1.70785170074923,-0.885684077282454,"Turkey",FALSE,"Poland",FALSE
924,"GUDMUNDSDOTTIR","Hildur","ISL","2023 Senior European Championships","qual","Antalya, Turkey",13,11.033,8.9,12.2,0.0644280622520831,-0.612464921470718,-2.07581850076683,0.0693154209272731,"Turkey",FALSE,"Iceland",FALSE
925,"GUDMUNDSDOTTIR","Hildur Maja","ISL","2022 51st FIG Artistic Gymnastics World Championships","qual","Liverpool, England",12.066,9.833,10.133,12.033,-1.10343375417103,-1.35862113975966,-1.16841237192343,-0.0849253104083405,"England",FALSE,"Iceland",FALSE
926,"GUDMUNDSDOTTIR","Hildur Maja","ISL","2022 Senior European Championships","qual","Munich, Germany",11.766,9.666,11.166,11.8,-1.47854996929622,-1.46246121347154,-0.408192963087072,-0.300123456523297,"Germany",FALSE,"Iceland",FALSE
927,"GUEVARA CORNEJO","Marina","CRC","2023 Artistic Gymnastics Senior Pan American Championships","TeamQual","Medellin, Colombia",NA,11.7,11.167,11.867,NA,-0.197726423471781,-0.407457029487037,-0.238242444550327,"Colombia",FALSE,"Costa Rica",FALSE
928,"GUTIERREZ","Lucia","PHI","2023 10th Senior Artistic Gymnastics Asian Championships","qual","Singapore",NA,8.566,NA,NA,NA,-2.14643774690307,NA,NA,"Singapore",FALSE,"Philippines",FALSE
929,"HABISREUTINGER","Lilli","SUI","2022 Senior European Championships","qual","Munich, Germany",13,NA,NA,NA,0.0644280622520831,NA,NA,NA,"Germany",FALSE,"Switzerland",FALSE
930,"HABISREUTINGER","Lilli Leanne","SUI","2022 Senior European Championships","qual","Munich, Germany",13,10.066,8.666,11.866,0.0644280622520831,-1.21374247404189,-2.24802696317507,-0.239166041743954,"Germany",FALSE,"Switzerland",FALSE
931,"HAJJAR","Maddison","CAN","2023 Varna World Challenge Cup","final","Varna, Bulgaria",NA,NA,NA,12.833,NA,NA,NA,0.653952444492802,"Bulgaria",FALSE,"Canada",FALSE
932,"HAJJAR","Maddison","CAN","2023 Varna World Challenge Cup","qual","Varna, Bulgaria",NA,11.766,11.666,12.633,NA,-0.156687831465889,-0.0402261630694729,0.469233005767517,"Bulgaria",FALSE,"Canada",FALSE
933,"HAJJAR","Maddison","CAN","EnBW DTB Pokal Team Challenge 2023","qual","Stuttgart, Germany",NA,NA,12.55,12.25,NA,NA,0.610339139361642,0.115495280608595,"Germany",FALSE,"Canada",FALSE
934,"HALOVA","Daniela","CZE","2022 Koper World Challenge Cup","qual","Koper, Slovenia",12.2,10.35,NA,10.45,-0.935881844748439,-1.03715216904684,NA,-1.54697966791898,"Slovenia",FALSE,"Czech Republic",FALSE
935,"HALOVA","Sabina","CZE","2022 Koper World Challenge Cup","qual","Koper, Slovenia",NA,10.75,9.6,NA,NA,-0.788433429617193,-1.56066498074219,NA,"Slovenia",FALSE,"Czech Republic",FALSE
936,"HALOVA","Sabina","CZE","2023 Cairo World Cup","qual","Cairo, Egypt",NA,10.933,11.566,NA,NA,-0.67464460632813,-0.113819523072992,NA,"Egypt",FALSE,"Czech Republic",FALSE
937,"HALVORSEN","Selma","NOR","2022 51st FIG Artistic Gymnastics World Championships","qual","Liverpool, England",11.566,11.033,NA,10.1,-1.72862744604635,-0.612464921470718,NA,-1.87023868568823,"England",FALSE,"Norway",FALSE
938,"HALVORSEN","Selma","NOR","2022 Cottbus World Cup","final","Cottbus, Germany",12.7,NA,NA,NA,-0.310688152873113,NA,NA,NA,"Germany",FALSE,"Norway",FALSE
939,"HALVORSEN","Selma","NOR","2022 Cottbus World Cup","qual","Cottbus, Germany",12.666,11.333,NA,11.266,-0.353201323920634,-0.425925866898482,NA,-0.793324357919812,"Germany",FALSE,"Norway",FALSE
940,"HALVORSEN","Selma","NOR","2023 Osijek World Challenge Cup","qual","Osijek, Croatia",12.633,11.7,9.9,11.233,-0.394464107584407,-0.197726423471781,-1.33988490073163,-0.823803065309483,"Croatia",FALSE,"Norway",FALSE
941,"HAMED","Salma","QAT","2023 10th Senior Artistic Gymnastics Asian Championships","qual","Singapore",11.433,NA,7.733,8.633,-1.89492896808519,NA,-2.93465301200791,-3.2251557687382,"Singapore",FALSE,"Qatar",FALSE
942,"HAMIDI","Sihem","ALG","2022 Doha World Cup","final","Doha, Qatar",12.1,NA,NA,NA,-1.0609205831235,NA,NA,NA,"Qatar",FALSE,"Algeria",FALSE
943,"HAMIDI","Sihem","ALG","2022 Doha World Cup","qual","Doha, Qatar",12.133,NA,NA,NA,-1.01965779945973,NA,NA,NA,"Qatar",FALSE,"Algeria",FALSE
944,"HAMIDI","Sihem","ALG","2023 Cairo World Cup","qual","Cairo, Egypt",12.333,NA,9.533,NA,-0.769580322709602,NA,-1.60997253194455,NA,"Egypt",FALSE,"Algeria",FALSE
945,"HÄMMERLE","Elisa","AUT","2023 Osijek World Challenge Cup","final","Osijek, Croatia",NA,NA,12.633,12.166,NA,NA,0.671421628164562,0.0379131163439755,"Croatia",FALSE,"Austria",FALSE
946,"HÄMMERLE","Elisa","AUT","2023 Osijek World Challenge Cup","qual","Osijek, Croatia",NA,NA,12.366,12.533,NA,NA,0.474927356955165,0.376873286404874,"Croatia",FALSE,"Austria",FALSE
947,"HARDARDOTTIR","Gudrun","ISL","2022 Senior European Championships","qual","Munich, Germany",NA,10.1,11.333,NA,NA,-1.19260138119037,-0.285292051881194,NA,"Germany",FALSE,"Iceland",FALSE
948,"HARIADI","Ameera","INA","2022 9th Senior Artistic Gymnastics Asian Championships","qual","Doha, Qatar",NA,9.667,10.8,11.167,NA,-1.46183941662296,-0.677544660699954,-0.884760480088828,"Qatar",FALSE,"Indonesia",FALSE
949,"HARIADI","Ameera","INA","2023 10th Senior Artistic Gymnastics Asian Championships","qual","Singapore",NA,12.1,11.2,11.633,NA,0.0509923159578664,-0.383171220685876,-0.454364187858913,"Singapore",FALSE,"Indonesia",FALSE
950,"HARIADI","Ameera","INA","2023 52nd FIG Artistic Gymnastics World Championships","qual","Antwerp, Belgium",NA,10.533,NA,NA,NA,-0.923363345757777,NA,NA,"Belgium",FALSE,"Indonesia",FALSE
951,"HARIADI","Ameera","INA","2023 Baku World Cup","qual","Baku, Azerbaijan",11.166,11.3,10.366,11.133,-2.22878239954661,-0.446445162901428,-0.99693984311523,-0.916162784672128,"Azerbaijan",FALSE,"Indonesia",FALSE
952,"HARIADI","Ameera","INA","2023 Cairo World Cup","qual","Cairo, Egypt",12.9,11.7,11.033,11.466,-0.0606106761229817,-0.197726423471781,-0.506072131891754,-0.608604919194526,"Egypt",FALSE,"Indonesia",FALSE
953,"HARTMANN","Daria Angelina","SUI","2023 Varna World Challenge Cup","final","Varna, Bulgaria",12.333,NA,NA,12,-0.769580322709602,NA,NA,-0.115404017798012,"Bulgaria",FALSE,"Switzerland",FALSE
954,"HARTMANN","Daria Angelina","SUI","2023 Varna World Challenge Cup","qual","Varna, Bulgaria",12.4,NA,12.233,12.1,-0.685804367998308,NA,0.377048188150484,-0.0230442984353695,"Bulgaria",FALSE,"Switzerland",FALSE
955,"HASLER","Charlotte","GBR","2023 British Gymnastics Championships","qual","Liverpool, England",11.5,8.6,10.15,10.6,-1.8111530133739,-2.12529665405155,-1.15590150072283,-1.40844008887501,"England",FALSE,"England",TRUE
956,"HASSANAINE","Nisrine","MAR","2022 Doha World Cup","final","Doha, Qatar",11.866,NA,NA,NA,-1.35351123092116,NA,NA,NA,"Qatar",FALSE,"Morocco",FALSE
957,"HASSANAINE","Nisrine","MAR","2022 Doha World Cup","qual","Doha, Qatar",11.6,NA,NA,10.3,-1.68611427499883,NA,NA,-1.68551924696294,"Qatar",FALSE,"Morocco",FALSE
958,"HATAKEDA","Chiaki","JPN","2023 52nd FIG Artistic Gymnastics World Championships","AAfinal","Antwerp, Belgium",12.966,13.166,13.133,12.6,0.0219148912045601,0.713827756537877,1.03938842818216,0.438754298377845,"Belgium",FALSE,"Japan",FALSE
959,"HATAKEDA","Chiaki","JPN","2023 52nd FIG Artistic Gymnastics World Championships","qual","Antwerp, Belgium",13.5,12.933,13.166,12.6,0.689621754127409,0.568949090820107,1.06367423698332,0.438754298377845,"Belgium",FALSE,"Japan",FALSE
960,"HATAKEDA","Chiaki","JPN","2023 52nd FIG Artistic Gymnastics World Championships","TeamFinal","Antwerp, Belgium",11.8,12.866,NA,12.866,-1.4360367982487,0.527288701965641,NA,0.684431151882476,"Belgium",FALSE,"Japan",FALSE
961,"HATAKEDA","Chiaki","JPN","2023 Doha World Cup","final","Doha, Qatar",NA,NA,12.933,12.9,NA,NA,0.892201708175122,0.715833456465775,"Qatar",FALSE,"Japan",FALSE
962,"HATAKEDA","Chiaki","JPN","2023 Doha World Cup","qual","Doha, Qatar",NA,NA,12.966,12.766,NA,NA,0.916487516976283,0.592071432519833,"Qatar",FALSE,"Japan",FALSE
963,"HATAKEDA","Chiaki","JPN","2023 FISU World University Games","qual","Chengdu, China",13.566,12.1,12.3,12.966,0.772147321454953,0.0509923159578664,0.426355739352843,0.776790871245118,"China",FALSE,"Japan",FALSE
964,"HAUTALA","Ada","FIN","2022 51st FIG Artistic Gymnastics World Championships","qual","Liverpool, England",12.733,12.5,11.566,12.9,-0.26942536920934,0.299711055387514,-0.113819523072992,0.715833456465775,"England",FALSE,"Finland",FALSE
965,"HAUTALA","Ada","FIN","2022 Koper World Challenge Cup","qual","Koper, Slovenia",NA,10.1,10.5,11.7,NA,-1.19260138119037,-0.898324740710514,-0.392483175885942,"Slovenia",FALSE,"Finland",FALSE
966,"HAUTALA","Ada","FIN","2022 Senior European Championships","qual","Munich, Germany",12.733,12.633,9.7,12.1,-0.26942536920934,0.382410036247871,-1.48707162073867,-0.0230442984353695,"Germany",FALSE,"Finland",FALSE
967,"HAUTALA","Ada","FIN","2022 Szombathely World Challenge Cup","final","Szombathely, Hungary",NA,NA,11.566,12.766,NA,NA,-0.113819523072992,0.592071432519833,"Hungary",FALSE,"Finland",FALSE
968,"HAUTALA","Ada","FIN","2022 Szombathely World Challenge Cup","qual","Szombathely, Hungary",NA,9.6,12.5,12.266,NA,-1.50349980547743,0.573542459359882,0.130272835706618,"Hungary",FALSE,"Finland",FALSE
969,"HAUTALA","Ada","FIN","2023 52nd FIG Artistic Gymnastics World Championships","qual","Antwerp, Belgium",13,8,12.266,11.966,0.0644280622520831,-2.49837476319602,0.401333996951645,-0.146806322381311,"Belgium",FALSE,"Finland",FALSE
970,"HAUTALA","Ada","FIN","2023 Cottbus World Cup","qual","Cottbus, Germany",NA,10.333,11.1,12.366,NA,-1.0477227154726,-0.456764580689395,0.222632555069261,"Germany",FALSE,"Finland",FALSE
971,"HAUTALA","Ada","FIN","2023 Senior European Championships","qual","Antalya, Turkey",12.833,12.633,10.133,12.166,-0.144386630834276,0.382410036247871,-1.16841237192343,0.0379131163439755,"Turkey",FALSE,"Finland",FALSE
972,"HEDUIT","Carolann","FRA","2022 51st FIG Artistic Gymnastics World Championships","AAfinal","Liverpool, England",13.433,13.266,11.933,11.9,0.605845799416115,0.776007441395289,0.156268108139924,-0.207763737160655,"England",FALSE,"France",FALSE
973,"HEDUIT","Carolann","FRA","2022 51st FIG Artistic Gymnastics World Championships","qual","Liverpool, England",14.033,13.466,12.033,13.166,1.35607822966651,0.900366811110112,0.229861468143444,0.961510309970405,"England",FALSE,"France",FALSE
974,"HEDUIT","Carolann","FRA","2022 51st FIG Artistic Gymnastics World Championships","TeamFinal","Liverpool, England",14,13.433,11.633,NA,1.31481544600274,0.879847515107166,-0.0645119718706354,NA,"England",FALSE,"France",FALSE
975,"HEDUIT","Carolann","FRA","2022 Baku World Cup","final","Baku, Azerbaijan",NA,NA,12.333,NA,NA,NA,0.450641548154004,NA,"Azerbaijan",FALSE,"France",FALSE
976,"HEDUIT","Carolann","FRA","2022 Baku World Cup","qual","Baku, Azerbaijan",NA,12.366,13.333,12.266,NA,0.216390277678582,1.1865751481892,0.130272835706618,"Azerbaijan",FALSE,"France",FALSE
977,"HEDUIT","Carolann","FRA","2022 Senior European Championships","final","Munich, Germany",NA,NA,13.4,NA,NA,NA,1.23588269939156,NA,"Germany",FALSE,"France",FALSE
978,"HEDUIT","Carolann","FRA","2022 Senior European Championships","qual","Munich, Germany",13.8,13.733,13.4,12.766,1.06473796925261,1.0663865696794,1.23588269939156,0.592071432519833,"Germany",FALSE,"France",FALSE
979,"HEDUIT","Carolann","FRA","2022 Senior European Championships","TeamFinal","Munich, Germany",13.8,13.8,11.3,12.966,1.06473796925261,1.10804695853387,-0.309577860682355,0.776790871245118,"Germany",FALSE,"France",FALSE
980,"HEFFERNAN","Jane","IRL","2022 Paris World Challenge Cup","qual","Paris, France",NA,NA,NA,10.75,NA,NA,NA,-1.26990050983105,"France",FALSE,"Ireland",FALSE
981,"HEFFERNAN","Jane","IRL","2023 Senior European Championships","qual","Antalya, Turkey",11.633,11.166,9.833,11.7,-1.64485149133506,-0.52976594061036,-1.38919245193399,-0.392483175885942,"Turkey",FALSE,"Ireland",FALSE
982,"HENDRICKS","Tommera","GBR","2022 British Gymnastics Championships","final","Liverpool, England",NA,NA,11.8,NA,NA,NA,0.0583889393352438,NA,"England",FALSE,"England",TRUE
983,"HENDRICKS","Tommera","GBR","2022 British Gymnastics Championships","qual","Liverpool, England",12.8,12.45,12.45,10.5,-0.185649414498046,0.268621212958808,0.536745779358121,-1.50079980823766,"England",FALSE,"England",TRUE
984,"HENDRICKS","Tommera","GBR","2023 British Gymnastics Championships","qual","Liverpool, England",12.95,9.4,10.6,11.75,0.00190869306454961,-1.62785917519225,-0.824731380706994,-0.34630331620462,"England",FALSE,"England",TRUE
985,"HERON","Hillary","PAN","2023 52nd FIG Artistic Gymnastics World Championships","qual","Antwerp, Belgium",14.1,11.733,11.8,12.966,1.4398541843778,-0.177207127468835,0.0583889393352438,0.776790871245118,"Belgium",FALSE,"Panama",FALSE
986,"HERON","Hillary","PAN","2023 Cairo World Cup","final","Cairo, Egypt",13.766,NA,NA,12.366,1.02222479820508,NA,NA,0.222632555069261,"Egypt",FALSE,"Panama",FALSE
987,"HERON","Hillary","PAN","2023 Cairo World Cup","qual","Cairo, Egypt",13.333,12.166,11.133,12.3,0.480807061041051,0.0920309079637586,-0.432478771888234,0.161675140289917,"Egypt",FALSE,"Panama",FALSE
988,"HERON","Hillary","PAN","SANTIAGO 2023 XIX Pan American Games","AAfinal","Santiago, Chile",13.066,11.866,11.833,12.533,0.146953629579627,-0.0945081466084774,0.0826747481364049,0.376873286404874,"Chile",FALSE,"Panama",FALSE
989,"HERON","Hillary","PAN","SANTIAGO 2023 XIX Pan American Games","final","Santiago, Chile",NA,NA,NA,12.633,NA,NA,NA,0.469233005767517,"Chile",FALSE,"Panama",FALSE
990,"HERON","Hillary","PAN","SANTIAGO 2023 XIX Pan American Games","qual","Santiago, Chile",11.1,11.733,10.6,12.966,-2.31130796687416,-0.177207127468835,-0.824731380706994,0.776790871245118,"Chile",FALSE,"Panama",FALSE
991,"HERON SOTO","Hillary","PAN","2023 Central American and Caribbean Games","AAfinal","San Salvador, El Salvador",13.45,11.7,11.35,12.95,0.627102384939876,-0.197726423471781,-0.272781180680596,0.762013316147095,"El Salvador",FALSE,"Panama",FALSE
992,"HERON SOTO","Hillary","PAN","2023 Central American and Caribbean Games","final","San Salvador, El Salvador",NA,NA,NA,12.85,NA,NA,NA,0.669653596784453,"El Salvador",FALSE,"Panama",FALSE
993,"HERON SOTO","Hillary","PAN","2023 Central American and Caribbean Games","qual","San Salvador, El Salvador",13.95,12.15,10.5,13.05,1.2522960768152,0.0820821583865727,-0.898324740710514,0.85437303550974,"El Salvador",FALSE,"Panama",FALSE
994,"HERON SOTO","Hillary Alexandra","PAN","2023 Artistic Gymnastics Senior Pan American Championships","TeamFinal","Medellin, Colombia",12.267,11.8,11.867,12.333,-0.852105890037146,-0.135546738614369,0.107696490537602,0.192153847679589,"Colombia",FALSE,"Panama",FALSE
995,"HERON SOTO","Hillary Alexandra","PAN","2023 Artistic Gymnastics Senior Pan American Championships","TeamQual","Medellin, Colombia",10.667,11.633,11.533,12.633,-2.85272570403819,-0.239386812326247,-0.138105331874155,0.469233005767517,"Colombia",FALSE,"Panama",FALSE
996,"HERON SOTO","Hillary Alexandra","PAN","2023 Central American and Caribbean Games","final","San Salvador, El Salvador",13.5,NA,NA,NA,0.689621754127409,NA,NA,NA,"El Salvador",FALSE,"Panama",FALSE
997,"HERON SOTO","Hillary Alexandra","PAN","2023 Central American and Caribbean Games","qual","San Salvador, El Salvador",13.95,NA,NA,NA,1.2522960768152,NA,NA,NA,"El Salvador",FALSE,"Panama",FALSE
998,"HERRERA","Lana","PAN","2023 52nd FIG Artistic Gymnastics World Championships","qual","Antwerp, Belgium",12.833,11.6,11.033,11.6,-0.144386630834276,-0.259906108329193,-0.506072131891754,-0.484842895248584,"Belgium",FALSE,"Panama",FALSE
999,"HERRERA","Lana","PAN","2023 Cairo World Cup","qual","Cairo, Egypt",12.833,11.9,8.7,11.833,-0.144386630834276,-0.0733670537569569,-2.22300522077387,-0.269644749133626,"Egypt",FALSE,"Panama",FALSE
1000,"HERRERA","Lana","PAN","SANTIAGO 2023 XIX Pan American Games","qual","Santiago, Chile",11.933,11.2,11.4,11.5,-1.26973527620986,-0.50862484775884,-0.235984500678836,-0.577202614611227,"Chile",FALSE,"Panama",FALSE
1001,"HERRERA","Lana Raquel","PAN","2023 Artistic Gymnastics Senior Pan American Championships","TeamQual","Medellin, Colombia",12.6,11.6,11.3,11.467,-0.435726891248178,-0.259906108329193,-0.309577860682355,-0.607681322000899,"Colombia",FALSE,"Panama",FALSE
1002,"HERRERA RODRIGUEZ","Lana","PAN","2023 Central American and Caribbean Games","final","San Salvador, El Salvador",NA,NA,NA,12.65,NA,NA,NA,0.484934158059167,"El Salvador",FALSE,"Panama",FALSE
1003,"HERRERA RODRIGUEZ","Lana","PAN","2023 Central American and Caribbean Games","qual","San Salvador, El Salvador",12.85,12.2,10.1,12.3,-0.123130045310515,0.113172000815278,-1.19269818072459,0.161675140289917,"El Salvador",FALSE,"Panama",FALSE
1004,"HERRERO LUGO","Ainhoa","PUR","SANTIAGO 2023 XIX Pan American Games","qual","Santiago, Chile",NA,9.633,NA,11.5,NA,-1.48298050947448,NA,-0.577202614611227,"Chile",FALSE,"Puerto Rico",FALSE
1005,"HERRERO LUGO","Ainhoa Sofia","PUR","2023 Artistic Gymnastics Senior Pan American Championships","TeamFinal","Medellin, Colombia",NA,NA,10.233,11.667,NA,NA,-1.09481901191991,-0.422961883275613,"Colombia",FALSE,"Puerto Rico",FALSE
1006,"HIGGINS","Blathnaid","IRL","2022 Senior European Championships","qual","Munich, Germany",12.3,NA,11.1,11.866,-0.810843106373373,NA,-0.456764580689395,-0.239166041743954,"Germany",FALSE,"Ireland",FALSE
1007,"HILST","Sam van der","NED","2022 Osijek World Challenge Cup","qual","Osijek, Croatia",NA,11.866,NA,9.666,NA,-0.0945081466084774,NA,-2.2710798677221,"Croatia",FALSE,"Netherlands",FALSE
1008,"HILTON","Halle","GBR","2022 British Gymnastics Championships","qual","Liverpool, England",12.85,11,10.9,12.5,-0.123130045310515,-0.632984217473664,-0.603951300696434,0.346394579015203,"England",FALSE,"England",TRUE
1009,"HILTON","Halle","IRL","2022 51st FIG Artistic Gymnastics World Championships","qual","Liverpool, England",13.1,10.366,12.366,12,0.189466800627148,-1.02720341946965,0.474927356955165,-0.115404017798012,"England",FALSE,"Ireland",FALSE
1010,"HILTON","Halle","IRL","2022 Paris World Challenge Cup","qual","Paris, France",NA,NA,11.75,11.25,NA,NA,0.0215922593334834,-0.808101913017834,"France",FALSE,"Ireland",FALSE
1011,"HILTON","Halle","IRL","2022 Senior European Championships","qual","Munich, Germany",12.766,11.166,12.033,12.433,-0.228162585545569,-0.52976594061036,0.229861468143444,0.284513567042232,"Germany",FALSE,"Ireland",FALSE
1012,"HILTON","Halle","IRL","2023 52nd FIG Artistic Gymnastics World Championships","qual","Antwerp, Belgium",12.9,12.033,12.466,12.266,-0.0606106761229817,0.00933192710340031,0.548520716958684,0.130272835706618,"Belgium",FALSE,"Ireland",FALSE
1013,"HILTON","Halle","IRL","2023 Baku World Cup","final","Baku, Azerbaijan",NA,NA,NA,12.4,NA,NA,NA,0.25403485965256,"Azerbaijan",FALSE,"Ireland",FALSE
1014,"HILTON","Halle","IRL","2023 Baku World Cup","qual","Baku, Azerbaijan",NA,11.533,12.2,12.566,NA,-0.301566497183659,0.352762379349322,0.407351993794548,"Azerbaijan",FALSE,"Ireland",FALSE
1015,"HILTON","Halle","IRL","2023 Doha World Cup","qual","Doha, Qatar",NA,10.3,12.733,NA,NA,-1.06824201147555,0.745014988168083,NA,"Qatar",FALSE,"Ireland",FALSE
1016,"HILTON","Halle","IRL","2023 Senior European Championships","qual","Antalya, Turkey",12.8,10.5,11.2,11.866,-0.185649414498046,-0.943882641760723,-0.383171220685876,-0.239166041743954,"Turkey",FALSE,"Ireland",FALSE
1017,"HOLASOVA","Aneta","CZE","2022 51st FIG Artistic Gymnastics World Championships","qual","Liverpool, England",12.9,12.666,11.1,12.6,-0.0606106761229817,0.402929332250818,-0.456764580689395,0.438754298377845,"England",FALSE,"Czech Republic",FALSE
1018,"HOLASOVA","Aneta","CZE","2022 Osijek World Challenge Cup","final","Osijek, Croatia",NA,NA,NA,12.566,NA,NA,NA,0.407351993794548,"Croatia",FALSE,"Czech Republic",FALSE
1019,"HOLASOVA","Aneta","CZE","2022 Osijek World Challenge Cup","qual","Osijek, Croatia",11.766,11.966,10.9,12.733,-1.47854996929622,-0.0323284617510657,-0.603951300696434,0.561592725130161,"Croatia",FALSE,"Czech Republic",FALSE
1020,"HOLASOVA","Aneta","CZE","2022 Paris World Challenge Cup","final","Paris, France",12.95,NA,NA,NA,0.00190869306454961,NA,NA,NA,"France",FALSE,"Czech Republic",FALSE
1021,"HOLASOVA","Aneta","CZE","2022 Paris World Challenge Cup","qual","Paris, France",12.9,12.1,10.9,12.25,-0.0606106761229817,0.0509923159578664,-0.603951300696434,0.115495280608595,"France",FALSE,"Czech Republic",FALSE
1022,"HOLASOVA","Aneta","CZE","2022 Senior European Championships","qual","Munich, Germany",12.8,11.5,10.833,12.566,-0.185649414498046,-0.322085793186604,-0.653258851898793,0.407351993794548,"Germany",FALSE,"Czech Republic",FALSE
1023,"HOLASOVA","Aneta","CZE","2022 Szombathely World Challenge Cup","final","Szombathely, Hungary",12.933,NA,NA,12.133,-0.0193478924592108,NA,NA,0.00743440895430216,"Hungary",FALSE,"Czech Republic",FALSE
1024,"HOLASOVA","Aneta","CZE","2022 Szombathely World Challenge Cup","qual","Szombathely, Hungary",12.966,11.9,11.766,12.633,0.0219148912045601,-0.0733670537569569,0.0333671969340466,0.469233005767517,"Hungary",FALSE,"Czech Republic",FALSE
1025,"HRIBAR","Lucija","SLO","2022 51st FIG Artistic Gymnastics World Championships","qual","Liverpool, England",13,13.033,11.766,12.1,0.0644280622520831,0.631128775677519,0.0333671969340466,-0.0230442984353695,"England",FALSE,"Slovenia",FALSE
1026,"HRIBAR","Lucija","SLO","2022 Baku World Cup","qual","Baku, Azerbaijan",NA,12.266,11.566,NA,NA,0.15421059282117,-0.113819523072992,NA,"Azerbaijan",FALSE,"Slovenia",FALSE
1027,"HRIBAR","Lucija","SLO","2022 Cairo World Cup","final","Cairo, Egypt",NA,10.6,11.033,NA,NA,-0.881702956903311,-0.506072131891754,NA,"Egypt",FALSE,"Slovenia",FALSE
1028,"HRIBAR","Lucija","SLO","2022 Cairo World Cup","qual","Cairo, Egypt",NA,11.166,12.4,11.666,NA,-0.52976594061036,0.499949099356362,-0.423885480469239,"Egypt",FALSE,"Slovenia",FALSE
1029,"HRIBAR","Lucija","SLO","2022 Cottbus World Cup","final","Cottbus, Germany",NA,NA,NA,2.3,NA,NA,NA,-9.07429679597438,"Germany",FALSE,"Slovenia",FALSE
1030,"HRIBAR","Lucija","SLO","2022 Cottbus World Cup","qual","Cottbus, Germany",NA,11.666,11.633,11.9,NA,-0.218867516323301,-0.0645119718706354,-0.207763737160655,"Germany",FALSE,"Slovenia",FALSE
1031,"HRIBAR","Lucija","SLO","2022 Doha World Cup","final","Doha, Qatar",NA,12.4,11.8,11.1,NA,0.237531370530102,0.0583889393352438,-0.946641492061799,"Qatar",FALSE,"Slovenia",FALSE
1032,"HRIBAR","Lucija","SLO","2022 Doha World Cup","qual","Doha, Qatar",NA,10.766,11.533,11.5,NA,-0.778484680040007,-0.138105331874155,-0.577202614611227,"Qatar",FALSE,"Slovenia",FALSE
1033,"HRIBAR","Lucija","SLO","2022 Koper World Challenge Cup","final","Koper, Slovenia",NA,13.1,NA,NA,NA,0.672789164531985,NA,NA,"Slovenia",FALSE,"Slovenia",TRUE
1034,"HRIBAR","Lucija","SLO","2022 Koper World Challenge Cup","qual","Koper, Slovenia",NA,13,10.4,11.7,NA,0.610609479674573,-0.971918100714033,-0.392483175885942,"Slovenia",FALSE,"Slovenia",TRUE
1035,"HRIBAR","Lucija","SLO","2022 Mersin World Challenge Cup","final","Mersin, Turkey",NA,NA,11.9,11.7,NA,NA,0.131982299338763,-0.392483175885942,"Turkey",FALSE,"Slovenia",FALSE
1036,"HRIBAR","Lucija","SLO","2022 Mersin World Challenge Cup","qual","Mersin, Turkey",NA,12.35,12.35,11.9,NA,0.206441528101396,0.463152419354602,-0.207763737160655,"Turkey",FALSE,"Slovenia",FALSE
1037,"HRIBAR","Lucija","SLO","2022 Osijek World Challenge Cup","final","Osijek, Croatia",NA,NA,11.4,NA,NA,NA,-0.235984500678836,NA,"Croatia",FALSE,"Slovenia",FALSE
1038,"HRIBAR","Lucija","SLO","2022 Osijek World Challenge Cup","qual","Osijek, Croatia",NA,11.966,12,11.9,NA,-0.0323284617510657,0.205575659342283,-0.207763737160655,"Croatia",FALSE,"Slovenia",FALSE
1039,"HRIBAR","Lucija","SLO","2022 Senior European Championships","qual","Munich, Germany",12.9,11.466,12.366,11.933,-0.0606106761229817,-0.343226886038125,0.474927356955165,-0.177285029770983,"Germany",FALSE,"Slovenia",FALSE
1040,"HRIBAR","Lucija","SLO","2023 52nd FIG Artistic Gymnastics World Championships","qual","Antwerp, Belgium",13.233,12.566,12.2,11.966,0.355768322665986,0.340749647393406,0.352762379349322,-0.146806322381311,"Belgium",FALSE,"Slovenia",FALSE
1041,"HRIBAR","Lucija","SLO","2023 Baku World Cup","qual","Baku, Azerbaijan",NA,11.766,11.5,12.1,NA,-0.156687831465889,-0.162391140675316,-0.0230442984353695,"Azerbaijan",FALSE,"Slovenia",FALSE
1042,"HRIBAR","Lucija","SLO","2023 Cairo World Cup","qual","Cairo, Egypt",NA,12.033,11.566,NA,NA,0.00933192710340031,-0.113819523072992,NA,"Egypt",FALSE,"Slovenia",FALSE
1043,"HRIBAR","Lucija","SLO","2023 Cottbus World Cup","final","Cottbus, Germany",NA,12.833,NA,NA,NA,0.506769405962695,NA,NA,"Germany",FALSE,"Slovenia",FALSE
1044,"HRIBAR","Lucija","SLO","2023 Cottbus World Cup","qual","Cottbus, Germany",NA,13.033,12.233,12.2,NA,0.631128775677519,0.377048188150484,0.0693154209272731,"Germany",FALSE,"Slovenia",FALSE
1045,"HRIBAR","Lucija","SLO","2023 Senior European Championships","qual","Antalya, Turkey",13.166,12.833,11.8,10.766,0.271992367954692,0.506769405962695,0.0583889393352438,-1.25512295473303,"Turkey",FALSE,"Slovenia",FALSE
1046,"HUANG","Tzu-Hsing","TPE","2022 9th Senior Artistic Gymnastics Asian Championships","qual","Doha, Qatar",12.233,11.733,11.067,11.533,-0.894619061084666,-0.177207127468835,-0.481050389490557,-0.546723907221555,"Qatar",FALSE,"Taiwan",FALSE
1047,"HUANG","Tzu-Hsing","TPE","2023 10th Senior Artistic Gymnastics Asian Championships","qual","Singapore",NA,NA,11.333,NA,NA,NA,-0.285292051881194,NA,"Singapore",FALSE,"Taiwan",FALSE
1048,"HUANG","Yi Qin","TPE","2022 51st FIG Artistic Gymnastics World Championships","qual","Liverpool, England",NA,NA,11.533,11.233,NA,NA,-0.138105331874155,-0.823803065309483,"England",FALSE,"Taiwan",FALSE
1049,"HUANG","Zhuofan","CHN","2023 52nd FIG Artistic Gymnastics World Championships","final","Antwerp, Belgium",NA,14.766,NA,NA,NA,1.70870271425647,NA,NA,"Belgium",FALSE,"China",FALSE
1050,"HUANG","Zhuofan","CHN","2023 52nd FIG Artistic Gymnastics World Championships","qual","Antwerp, Belgium",NA,14.533,NA,NA,NA,1.5638240485387,NA,NA,"Belgium",FALSE,"China",FALSE
1051,"HUANG","Zhuofan","CHN","2023 52nd FIG Artistic Gymnastics World Championships","TeamFinal","Antwerp, Belgium",NA,14.533,NA,NA,NA,1.5638240485387,NA,NA,"Belgium",FALSE,"China",FALSE
1052,"HUBAREVA","Yelyzaveta","UKR","2022 51st FIG Artistic Gymnastics World Championships","qual","Liverpool, England",NA,12.766,NA,NA,NA,0.465109017108229,NA,NA,"England",FALSE,"Ukraine",FALSE
1053,"HUBAREVA","Yelyzaveta","UKR","2022 Senior European Championships","qual","Munich, Germany",12.566,12.666,11.633,11.566,-0.478240062295699,0.402929332250818,-0.0645119718706354,-0.516245199831882,"Germany",FALSE,"Ukraine",FALSE
1054,"HUBAREVA","Yelyzaveta","UKR","2023 52nd FIG Artistic Gymnastics World Championships","qual","Antwerp, Belgium",NA,12.9,11.966,NA,NA,0.548429794817161,0.180553916941086,NA,"Belgium",FALSE,"Ukraine",FALSE
1055,"HUBAREVA","Yelyzaveta","UKR","2023 Baku World Cup","final","Baku, Azerbaijan",NA,NA,12.6,NA,NA,NA,0.647135819363401,NA,"Azerbaijan",FALSE,"Ukraine",FALSE
1056,"HUBAREVA","Yelyzaveta","UKR","2023 Baku World Cup","qual","Baku, Azerbaijan",NA,11.6,12.833,NA,NA,-0.259906108329193,0.818608348171603,NA,"Azerbaijan",FALSE,"Ukraine",FALSE
1057,"HUBAREVA","Yelyzaveta","UKR","2023 Cairo World Cup","final","Cairo, Egypt",NA,13.133,NA,NA,NA,0.69330846053493,NA,NA,"Egypt",FALSE,"Ukraine",FALSE
1058,"HUBAREVA","Yelyzaveta","UKR","2023 Cairo World Cup","qual","Cairo, Egypt",NA,13.233,11.4,NA,NA,0.755488145392343,-0.235984500678836,NA,"Egypt",FALSE,"Ukraine",FALSE
1059,"HUBAREVA","Yelyzaveta","UKR","2023 Cottbus World Cup","final","Cottbus, Germany",NA,12.666,NA,NA,NA,0.402929332250818,NA,NA,"Germany",FALSE,"Ukraine",FALSE
1060,"HUBAREVA","Yelyzaveta","UKR","2023 Cottbus World Cup","qual","Cottbus, Germany",NA,12.766,11.3,NA,NA,0.465109017108229,-0.309577860682355,NA,"Germany",FALSE,"Ukraine",FALSE
1061,"HUBAREVA","Yelyzaveta","UKR","2023 Doha World Cup","final","Doha, Qatar",NA,13,NA,NA,NA,0.610609479674573,NA,NA,"Qatar",FALSE,"Ukraine",FALSE
1062,"HUBAREVA","Yelyzaveta","UKR","2023 Doha World Cup","qual","Doha, Qatar",NA,12.9,11.933,NA,NA,0.548429794817161,0.156268108139924,NA,"Qatar",FALSE,"Ukraine",FALSE
1063,"HUBAREVA","Yelyzaveta","UKR","2023 Senior European Championships","qual","Antalya, Turkey",12.733,13.166,10.533,NA,-0.26942536920934,0.713827756537877,-0.874038931909353,NA,"Turkey",FALSE,"Ukraine",FALSE
1064,"IBRAHIM","Zeina","EGY","2022 Cairo World Cup","final","Cairo, Egypt",NA,NA,11.266,NA,NA,NA,-0.334599603083552,NA,"Egypt",FALSE,"Egypt",TRUE
1065,"IBRAHIM","Zeina","EGY","2022 Cairo World Cup","qual","Cairo, Egypt",NA,NA,12.3,NA,NA,NA,0.426355739352843,NA,"Egypt",FALSE,"Egypt",TRUE
1066,"IBRAHIM","Zeina","EGY","2022 Paris World Challenge Cup","qual","Paris, France",NA,12.25,10.5,NA,NA,0.144261843243984,-0.898324740710514,NA,"France",FALSE,"Egypt",FALSE
1067,"IORIO","Elisa","ITA","2023 52nd FIG Artistic Gymnastics World Championships","qual","Antwerp, Belgium",13.233,13.4,13.4,12.933,0.355768322665986,0.859328219104221,1.23588269939156,0.746312163855447,"Belgium",FALSE,"Italy",FALSE
1068,"IORIO","Elisa","ITA","2023 52nd FIG Artistic Gymnastics World Championships","TeamFinal","Antwerp, Belgium",NA,14.033,13.5,NA,NA,1.25292562425164,1.30947605939508,NA,"Belgium",FALSE,"Italy",FALSE
1069,"IORIO","Elisa","ITA","2023 Cottbus World Cup","qual","Cottbus, Germany",NA,13.766,NA,NA,NA,1.08690586568235,NA,NA,"Germany",FALSE,"Italy",FALSE
1070,"IRFANALUTHFI","Rifda","INA","2022 51st FIG Artistic Gymnastics World Championships","qual","Liverpool, England",13.066,12.033,9.833,12.766,0.146953629579627,0.00933192710340031,-1.38919245193399,0.592071432519833,"England",FALSE,"Indonesia",FALSE
1071,"IRFANALUTHFI","Rifda","INA","2022 9th Senior Artistic Gymnastics Asian Championships","qual","Doha, Qatar",NA,12.4,11.9,12.667,NA,0.237531370530102,0.131982299338763,0.500635310350816,"Qatar",FALSE,"Indonesia",FALSE
1072,"IRFANALUTHFI","Rifda","INA","2023 10th Senior Artistic Gymnastics Asian Championships","final","Singapore",13.133,12.633,NA,NA,0.230729584290919,0.382410036247871,NA,NA,"Singapore",FALSE,"Indonesia",FALSE
1073,"IRFANALUTHFI","Rifda","INA","2023 10th Senior Artistic Gymnastics Asian Championships","qual","Singapore",13.4,12.866,12.266,12.766,0.564583015752344,0.527288701965641,0.401333996951645,0.592071432519833,"Singapore",FALSE,"Indonesia",FALSE
1074,"IRFANALUTHFI","Rifda","INA","2023 52nd FIG Artistic Gymnastics World Championships","qual","Antwerp, Belgium",13.166,12.033,12.3,12.433,0.271992367954692,0.00933192710340031,0.426355739352843,0.284513567042232,"Belgium",FALSE,"Indonesia",FALSE
1075,"IRFANALUTHFI","Rifda","INA","2023 Baku World Cup","final","Baku, Azerbaijan",13.033,NA,NA,NA,0.105690845915854,NA,NA,NA,"Azerbaijan",FALSE,"Indonesia",FALSE
1076,"IRFANALUTHFI","Rifda","INA","2023 Baku World Cup","qual","Baku, Azerbaijan",13.066,11.666,12.133,12.3,0.146953629579627,-0.218867516323301,0.303454828146963,0.161675140289917,"Azerbaijan",FALSE,"Indonesia",FALSE
1077,"IRFANALUTHFI","Rifda","INA","2023 Cairo World Cup","final","Cairo, Egypt",13.066,NA,NA,12.633,0.146953629579627,NA,NA,0.469233005767517,"Egypt",FALSE,"Indonesia",FALSE
1078,"IRFANALUTHFI","Rifda","INA","2023 Cairo World Cup","qual","Cairo, Egypt",13,12.2,11.7,12.5,0.0644280622520831,0.113172000815278,-0.015204420668277,0.346394579015203,"Egypt",FALSE,"Indonesia",FALSE
1079,"IRIBARNE","Nicole","ARG","2023 52nd FIG Artistic Gymnastics World Championships","qual","Antwerp, Belgium",12.9,11.666,11.3,11.733,-0.0606106761229817,-0.218867516323301,-0.309577860682355,-0.362004468496268,"Belgium",FALSE,"Argentina",FALSE
1080,"IRIBARNE","Nicole","ARG","SANTIAGO 2023 XIX Pan American Games","AAfinal","Santiago, Chile",12.666,11.9,10.6,11.933,-0.353201323920634,-0.0733670537569569,-0.824731380706994,-0.177285029770983,"Chile",FALSE,"Argentina",FALSE
1081,"IRIBARNE","Nicole","ARG","SANTIAGO 2023 XIX Pan American Games","qual","Santiago, Chile",12.766,12,12.133,11.833,-0.228162585545569,-0.0111873688995453,0.303454828146963,-0.269644749133626,"Chile",FALSE,"Argentina",FALSE
1082,"IRIBARNE APARICIO","Nicole","ARG","2023 Artistic Gymnastics Senior Pan American Championships","TeamFinal","Medellin, Colombia",12.9,NA,NA,12.133,-0.0606106761229817,NA,NA,0.00743440895430216,"Colombia",FALSE,"Argentina",FALSE
1083,"IRIBARNE APARICIO","Nicole","ARG","2023 Artistic Gymnastics Senior Pan American Championships","TeamQual","Medellin, Colombia",12.767,12.567,10.3,11.9,-0.22691219816182,0.34137144424198,-1.04551146071755,-0.207763737160655,"Colombia",FALSE,"Argentina",FALSE
1084,"IVANOVA","Anfissa","KAZ","2023 10th Senior Artistic Gymnastics Asian Championships","qual","Singapore",12.166,9.2,NA,11.2,-0.97839501579596,-1.75221854490708,NA,-0.854281772699157,"Singapore",FALSE,"Kazakhstan",FALSE
1085,"IVANOVA","Anfissa","KAZ","HANGZHOU 2022 19th Asian Games","qual","Hangzhou, China",12.4,9.733,NA,11.866,-0.685804367998308,-1.42080082461707,NA,-0.239166041743954,"China",FALSE,"Kazakhstan",FALSE
1086,"JACOBSEN","Sara","DEN","2023 Senior European Championships","qual","Antalya, Turkey",12.666,9.6,9.266,11.166,-0.353201323920634,-1.50349980547743,-1.80646680315395,-0.885684077282454,"Turkey",FALSE,"Denmark",FALSE
1088,"JAUCH","Meolie","GER","2023 52nd FIG Artistic Gymnastics World Championships","qual","Antwerp, Belgium",13.066,13.466,NA,NA,0.146953629579627,0.900366811110112,NA,NA,"Belgium",FALSE,"Germany",FALSE
1089,"JAUCH","Meolie","GER","2023 Cottbus World Cup","final","Cottbus, Germany",NA,13.533,NA,NA,NA,0.942027199964578,NA,NA,"Germany",FALSE,"Germany",TRUE
1090,"JAUCH","Meolie","GER","2023 Cottbus World Cup","qual","Cottbus, Germany",NA,13.7,NA,NA,NA,1.04586727367646,NA,NA,"Germany",FALSE,"Germany",TRUE
1091,"JAUCH","Meolie","GER","EnBW DTB Pokal Team Challenge 2023","final","Stuttgart, Germany",NA,13.5,NA,NA,NA,0.921507903961632,NA,NA,"Germany",FALSE,"Germany",TRUE
1092,"JAUKOVIC","Andela","SRB","2023 Varna World Challenge Cup","qual","Varna, Bulgaria",NA,NA,NA,9.8,NA,NA,NA,-2.14731784377616,"Bulgaria",FALSE,"Serbia",FALSE
1093,"JENSEN","Natalie","DEN","2023 Senior European Championships","qual","Antalya, Turkey",12.733,9.733,10.166,11.4,-0.26942536920934,-1.42080082461707,-1.14412656312227,-0.66956233397387,"Turkey",FALSE,"Denmark",FALSE
1094,"JIA","Ruoyi","CHN","2023 10th Senior Artistic Gymnastics Asian Championships","qual","Singapore",NA,NA,NA,12.733,NA,NA,NA,0.561592725130161,"Singapore",FALSE,"China",FALSE
1095,"JOHNSON","Madray","USA","2023 Artistic Gymnastics Senior Pan American Championships","TeamFinal","Medellin, Colombia",NA,13.3,12.533,NA,NA,0.797148534246809,0.597828268161043,NA,"Colombia",FALSE,"United States",FALSE
1096,"JOHNSON","Madray","USA","2023 Artistic Gymnastics Senior Pan American Championships","TeamQual","Medellin, Colombia",NA,13.133,12.833,NA,NA,0.69330846053493,0.818608348171603,NA,"Colombia",FALSE,"United States",FALSE
1097,"JOHNSON","Madray","USA","2023 Core Hydration Classic","AAfinal","Hoffman Estates, Illinois",12.65,NA,11,NA,-0.373207522060645,NA,-0.530357940692915,NA,"Illinois",TRUE,"United States",FALSE
1098,"JOHNSON","Madray","USA","2023 U.S. Championships","final","San Jose, CA",13.05,12.95,12.8,12.6,0.126947431439617,0.579519637245867,0.794322539370442,0.438754298377845,"California",TRUE,"United States",FALSE
1099,"JOHNSON","Madray","USA","2023 U.S. Championships","qual","San Jose, CA",13.55,12.9,13.5,12.9,0.752141123314943,0.548429794817161,1.30947605939508,0.715833456465775,"California",TRUE,"United States",FALSE
1100,"JONES","Shilese","USA","2022 51st FIG Artistic Gymnastics World Championships","AAfinal","Liverpool, England",14.233,14.366,13.1,13.7,1.60615570641664,1.45998397482682,1.015102619381,1.45471121136692,"England",FALSE,"United States",FALSE
1101,"JONES","Shilese","USA","2022 51st FIG Artistic Gymnastics World Championships","final","Liverpool, England",NA,14.766,NA,NA,NA,1.70870271425647,NA,NA,"England",FALSE,"United States",FALSE
1102,"JONES","Shilese","USA","2022 51st FIG Artistic Gymnastics World Championships","qual","Liverpool, England",14.2,14.566,13.2,13.8,1.56489292275286,1.58434334454164,1.08869597938452,1.54707093072956,"England",FALSE,"United States",FALSE
1103,"JONES","Shilese","USA","2022 51st FIG Artistic Gymnastics World Championships","TeamFinal","Liverpool, England",13.933,14.333,NA,13.733,1.23103949129144,1.43946467882387,NA,1.48518991875659,"England",FALSE,"United States",FALSE
1104,"JONES","Shilese","USA","2022 Paris World Challenge Cup","final","Paris, France",NA,14.7,13.4,13.5,NA,1.66766412225057,1.23588269939156,1.26999177264163,"France",FALSE,"United States",FALSE
1105,"JONES","Shilese","USA","2022 Paris World Challenge Cup","qual","Paris, France",NA,13.2,13.45,12.55,NA,0.734968849389396,1.27267937939332,0.392574438696525,"France",FALSE,"United States",FALSE
1106,"JONES","Shilese","USA","2022 U.S. Championships","final","Tampa, FL",14.5,13.6,12.45,14.25,1.94000913787806,0.983687588819044,0.536745779358121,1.96268966786145,"FL",FALSE,"United States",FALSE
1107,"JONES","Shilese","USA","2022 U.S. Championships","qual","Tampa, FL",14.55,14.85,13.7,14.1,2.00252850706559,1.76093364953669,1.45666277940212,1.82415008881749,"FL",FALSE,"United States",FALSE
1108,"JONES","Shilese","USA","2022 U.S. Classic","AAfinal","West Valley City, Utah",14.4,14.5,11.5,13.65,1.814970399503,1.54330475253575,-0.162391140675316,1.4085313516856,"Utah",TRUE,"United States",FALSE
1109,"JONES","Shilese","USA","2023 52nd FIG Artistic Gymnastics World Championships","AAfinal","Antwerp, Belgium",14.233,14.633,14.066,13.4,1.60615570641664,1.62600373339611,1.726014477015,1.17763205327899,"Belgium",FALSE,"United States",FALSE
1110,"JONES","Shilese","USA","2023 52nd FIG Artistic Gymnastics World Championships","final","Antwerp, Belgium",NA,14.766,12.933,13.666,NA,1.70870271425647,0.892201708175122,1.42330890678362,"Belgium",FALSE,"United States",FALSE
1111,"JONES","Shilese","USA","2023 52nd FIG Artistic Gymnastics World Championships","qual","Antwerp, Belgium",14.266,14.833,14.033,13.8,1.64741849008041,1.75036310311093,1.70172866821384,1.54707093072956,"Belgium",FALSE,"United States",FALSE
1112,"JONES","Shilese","USA","2023 52nd FIG Artistic Gymnastics World Championships","TeamFinal","Antwerp, Belgium",14.1,14.633,13.6,13.566,1.4398541843778,1.62600373339611,1.3830694193986,1.33094918742098,"Belgium",FALSE,"United States",FALSE
1113,"JONES","Shilese","USA","2023 U.S. Championships","final","San Jose, CA",14.4,15,14.3,14.1,1.814970399503,1.85420317682281,1.89822293942324,1.82415008881749,"California",TRUE,"United States",FALSE
1114,"JONES","Shilese","USA","2023 U.S. Championships","qual","San Jose, CA",14.35,14.9,13.45,14.05,1.75245103031546,1.7920234919654,1.27267937939332,1.77797022913617,"California",TRUE,"United States",FALSE
1115,"JONG","Katelyn","USA","2022 Szombathely World Challenge Cup","final","Szombathely, Hungary",NA,13.133,NA,13.5,NA,0.69330846053493,NA,1.26999177264163,"Hungary",FALSE,"United States",FALSE
1116,"JONG","Katelyn","USA","2022 Szombathely World Challenge Cup","qual","Szombathely, Hungary",NA,13.366,NA,13.466,NA,0.8381871262527,NA,1.23858946805833,"Hungary",FALSE,"United States",FALSE
1117,"JONG","Katelyn","USA","2022 U.S. Championships","final","Tampa, FL",13.85,12.7,13.35,13,1.12725733844014,0.424070425102337,1.1990860193898,0.808193175828418,"FL",FALSE,"United States",FALSE
1118,"JONG","Katelyn","USA","2022 U.S. Championships","qual","Tampa, FL",13.95,12.2,13.2,13.1,1.2522960768152,0.113172000815278,1.08869597938452,0.90055289519106,"FL",FALSE,"United States",FALSE
1119,"JONG","Katelyn","USA","2022 Winter Cup","AAfinal","Frisco, Texas",13.8,12.75,13.05,13.05,1.06473796925261,0.455160267531044,0.978305939379241,0.85437303550974,"Texas",TRUE,"United States",FALSE
1120,"JONG","Katelyn","USA","2023 Core Hydration Classic","AAfinal","Hoffman Estates, Illinois",13.7,13.75,12.95,13.05,0.939699230877539,1.07695711610516,0.90471257937572,0.85437303550974,"Illinois",TRUE,"United States",FALSE
1121,"JONG","Katelyn","USA","2023 U.S. Championships","final","San Jose, CA",13.8,13.5,12.45,13.5,1.06473796925261,0.921507903961632,0.536745779358121,1.26999177264163,"California",TRUE,"United States",FALSE
1122,"JONG","Katelyn","USA","2023 U.S. Championships","qual","San Jose, CA",13.85,14.05,11.85,13.15,1.12725733844014,1.2634961706774,0.0951856193370029,0.946732754872382,"California",TRUE,"United States",FALSE
1123,"JONG","Katelyn","USA","2023 Winter Cup","AAfinal","Louisville, Kentucky",13.5,12.2,10.5,12.7,0.689621754127409,0.113172000815278,-0.898324740710514,0.531114017740488,"Kentucky",TRUE,"United States",FALSE
1124,"JONG","Katelyn","USA","SANTIAGO 2023 XIX Pan American Games","qual","Santiago, Chile",NA,13.633,NA,NA,NA,1.00420688482199,NA,NA,"Chile",FALSE,"United States",FALSE
1125,"JUMABEKOVA","Gulnaz","UZB","2022 9th Senior Artistic Gymnastics Asian Championships","qual","Doha, Qatar",11.5,10.4,11.1,10.667,-1.8111530133739,-1.00606232661813,-0.456764580689395,-1.34655907690204,"Qatar",FALSE,"Uzbekistan",FALSE
1126,"JUMABEKOVA","Gulnaz","UZB","2022 Doha World Cup","qual","Doha, Qatar",11.066,NA,9.766,11,-2.35382113792168,NA,-1.43850000313635,-1.03900121142444,"Qatar",FALSE,"Uzbekistan",FALSE
1127,"JUMABEKOVA","Gulnaz","UZB","2022 Varna World Challenge Cup","qual","Varna, Bulgaria",12.7,NA,9.5,11.55,-0.310688152873113,NA,-1.63425834074571,-0.531022754929905,"Bulgaria",FALSE,"Uzbekistan",FALSE
1128,"JUMABEKOVA","Gulnaz","UZB","2023 10th Senior Artistic Gymnastics Asian Championships","qual","Singapore",12.8,10.033,10.8,11.933,-0.185649414498046,-1.23426177004484,-0.677544660699954,-0.177285029770983,"Singapore",FALSE,"Uzbekistan",FALSE
1129,"JUMABEKOVA","Gulnaz","UZB","2023 52nd FIG Artistic Gymnastics World Championships","qual","Antwerp, Belgium",12.6,NA,NA,NA,-0.435726891248178,NA,NA,NA,"Belgium",FALSE,"Uzbekistan",FALSE
1130,"JUMABEKOVA","Gulnaz","UZB","2023 Baku World Cup","qual","Baku, Azerbaijan",12.7,NA,NA,11.566,-0.310688152873113,NA,NA,-0.516245199831882,"Azerbaijan",FALSE,"Uzbekistan",FALSE
1131,"JUMABEKOVA","Gulnaz","UZB","2023 FISU World University Games","final","Chengdu, China",12.8,NA,NA,NA,-0.185649414498046,NA,NA,NA,"China",FALSE,"Uzbekistan",FALSE
1132,"JUMABEKOVA","Gulnaz","UZB","2023 FISU World University Games","qual","Chengdu, China",12.8,10.033,10.1,11.366,-0.185649414498046,-1.23426177004484,-1.19269818072459,-0.700964638557169,"China",FALSE,"Uzbekistan",FALSE
1133,"JUMABEKOVA","Gulnaz","UZB","2023 Varna World Challenge Cup","final","Varna, Bulgaria",12.9,NA,NA,NA,-0.0606106761229817,NA,NA,NA,"Bulgaria",FALSE,"Uzbekistan",FALSE
1134,"JUMABEKOVA","Gulnaz","UZB","2023 Varna World Challenge Cup","qual","Varna, Bulgaria",12.933,7.933,9.166,11.6,-0.0193478924592108,-2.54003515205049,-1.88006016315747,-0.484842895248584,"Bulgaria",FALSE,"Uzbekistan",FALSE
1135,"JUNG-RUIVIVAR","Levi","USA","2022 Szombathely World Challenge Cup","final","Szombathely, Hungary",NA,NA,NA,12.666,NA,NA,NA,0.49971171315719,"Hungary",FALSE,"United States",FALSE
1136,"JUNG-RUIVIVAR","Levi","USA","2022 Szombathely World Challenge Cup","qual","Szombathely, Hungary",NA,NA,11.866,13.2,NA,NA,0.106960556937566,0.992912614553703,"Hungary",FALSE,"United States",FALSE
1137,"JUNG-RUIVIVAR","Levi","USA","2022 U.S. Championships","final","Tampa, FL",13.15,13.15,13.1,12.2,0.251986169814681,0.703879006960691,1.015102619381,0.0693154209272731,"FL",FALSE,"United States",FALSE
1138,"JUNG-RUIVIVAR","Levi","USA","2022 U.S. Championships","qual","Tampa, FL",13.1,12.05,13.15,12.75,0.189466800627148,0.0199024735291611,1.05189929938276,0.57729387742181,"FL",FALSE,"United States",FALSE
1139,"JUNG-RUIVIVAR","Levi","USA","2022 U.S. Classic","AAfinal","West Valley City, Utah",NA,12.9,11.6,NA,NA,0.548429794817161,-0.0887977806717965,NA,"Utah",TRUE,"United States",FALSE
1140,"JUNG-RUIVIVAR","Levi","USA","2022 Winter Cup","AAfinal","Frisco, Texas",13.45,13.25,12.7,12.5,0.627102384939876,0.766058691818103,0.720729179366921,0.346394579015203,"Texas",TRUE,"United States",FALSE
1141,"JUNG-RUIVIVAR","Levi","USA","2023 Core Hydration Classic","AAfinal","Hoffman Estates, Illinois",NA,12.9,10.35,NA,NA,0.548429794817161,-1.00871478071579,NA,"Illinois",TRUE,"United States",FALSE
1142,"JUNG-RUIVIVAR","Levi","USA","2023 U.S. Championships","final","San Jose, CA",13.3,13.35,12.45,11.25,0.43954427737728,0.828238376675514,0.536745779358121,-0.808101913017834,"California",TRUE,"United States",FALSE
1143,"JUNG-RUIVIVAR","Levi","USA","2023 U.S. Championships","qual","San Jose, CA",13.4,12,12.3,10.55,0.564583015752344,-0.0111873688995453,0.426355739352843,-1.45461994855633,"California",TRUE,"United States",FALSE
1144,"JUNG-RUIVIVAR","Levi","USA","2023 Winter Cup","AAfinal","Louisville, Kentucky",13.5,11.65,10.85,12,0.689621754127409,-0.228816265900486,-0.640747980698195,-0.115404017798012,"Kentucky",TRUE,"United States",FALSE
1145,"JUREVICA","Katrina","LAT","2023 52nd FIG Artistic Gymnastics World Championships","qual","Antwerp, Belgium",12.666,NA,NA,NA,-0.353201323920634,NA,NA,NA,"Belgium",FALSE,"Latvia",FALSE
1146,"JUREVICA","Katrina","LAT","2023 Baku World Cup","qual","Baku, Azerbaijan",12.733,NA,9.833,11.366,-0.26942536920934,NA,-1.38919245193399,-0.700964638557169,"Azerbaijan",FALSE,"Latvia",FALSE
1147,"JUREVICA","Katrina","LAT","2023 Cottbus World Cup","qual","Cottbus, Germany",12.7,NA,11.166,11.1,-0.310688152873113,NA,-0.408192963087072,-0.946641492061799,"Germany",FALSE,"Latvia",FALSE
1148,"JUREVICA","Katrina","LAT","2023 Osijek World Challenge Cup","qual","Osijek, Croatia",12.6,NA,NA,NA,-0.435726891248178,NA,NA,NA,"Croatia",FALSE,"Latvia",FALSE
1149,"JUREVICA","Katrina","LAT","2023 Senior European Championships","qual","Antalya, Turkey",12.7,9.7,10.266,10.9,-0.310688152873113,-1.44132012062002,-1.07053320311875,-1.13136093078708,"Turkey",FALSE,"Latvia",FALSE
1150,"KACZMAREK","Julia","GBR","2022 British Gymnastics Championships","qual","Liverpool, England",11.7,10.25,9.7,11.75,-1.56107553662377,-1.09933185390425,-1.48707162073867,-0.34630331620462,"England",FALSE,"England",TRUE
1151,"KALAMAROVA","Radoslava","SVK","2022 Senior European Championships","qual","Munich, Germany",11.533,8.133,11.066,11.066,-1.76989022971012,-2.41567578233566,-0.481786323090591,-0.978043796645097,"Germany",FALSE,"Slovakia",FALSE
1152,"KALUKOTTAGE","Amaya","SRI","BIRMINGHAM 2022 Commonwealth Games","qual","Birmingham, England",NA,7.15,8.55,8.75,NA,-3.02690208448402,-2.33339526077915,-3.11709489708391,"England",FALSE,"Sri Lanka",FALSE
1153,"KALUKOTTAGE","Amaya Sithumini","SRI","2023 FISU World University Games","qual","Chengdu, China",11.166,7.666,9.9,9.266,-2.22878239954661,-2.70605491061977,-1.33988490073163,-2.64051874517267,"China",FALSE,"Sri Lanka",FALSE
1154,"KAMANGA","Annais Ornella","GBR","2023 British Gymnastics Championships","final","Liverpool, England",13.25,NA,NA,NA,0.377024908189746,NA,NA,NA,"England",FALSE,"England",TRUE
1155,"KAMANGA","Annais Ornella","GBR","2023 British Gymnastics Championships","qual","Liverpool, England",13.15,9.9,9.8,11.4,0.251986169814681,-1.31696075090519,-1.41347826073515,-0.66956233397387,"England",FALSE,"England",TRUE
1156,"KANTER","Mari","NOR","2022 51st FIG Artistic Gymnastics World Championships","qual","Liverpool, England",NA,11.666,12.066,NA,NA,-0.218867516323301,0.254147276944606,NA,"England",FALSE,"Norway",FALSE
1157,"KANTER","Mari","NOR","2022 Cairo World Cup","final","Cairo, Egypt",NA,11.733,NA,NA,NA,-0.177207127468835,NA,NA,"Egypt",FALSE,"Norway",FALSE
1158,"KANTER","Mari","NOR","2022 Cairo World Cup","qual","Cairo, Egypt",NA,11.8,9.9,NA,NA,-0.135546738614369,-1.33988490073163,NA,"Egypt",FALSE,"Norway",FALSE
1159,"KANTER","Mari","NOR","2022 Cottbus World Cup","final","Cottbus, Germany",NA,NA,11.566,NA,NA,NA,-0.113819523072992,NA,"Germany",FALSE,"Norway",FALSE
1160,"KANTER","Mari","NOR","2022 Cottbus World Cup","qual","Cottbus, Germany",NA,NA,12.1,NA,NA,NA,0.279169019345802,NA,"Germany",FALSE,"Norway",FALSE
1161,"KANTER","Mari","NOR","2023 52nd FIG Artistic Gymnastics World Championships","qual","Antwerp, Belgium",12.333,11.6,11.8,11.166,-0.769580322709602,-0.259906108329193,0.0583889393352438,-0.885684077282454,"Belgium",FALSE,"Norway",FALSE
1162,"KANTER","Mari","NOR","2023 Baku World Cup","qual","Baku, Azerbaijan",NA,11.033,12.066,12.3,NA,-0.612464921470718,0.254147276944606,0.161675140289917,"Azerbaijan",FALSE,"Norway",FALSE
1163,"KANTER","Mari","NOR","2023 Osijek World Challenge Cup","final","Osijek, Croatia",NA,NA,NA,12.066,NA,NA,NA,-0.0544466030186671,"Croatia",FALSE,"Norway",FALSE
1164,"KANTER","Mari","NOR","2023 Osijek World Challenge Cup","qual","Osijek, Croatia",NA,11.633,12.233,12.433,NA,-0.239386812326247,0.377048188150484,0.284513567042232,"Croatia",FALSE,"Norway",FALSE
1165,"KANTER","Mari","NOR","2023 Senior European Championships","qual","Antalya, Turkey",12.2,11.633,9.833,11.933,-0.935881844748439,-0.239386812326247,-1.38919245193399,-0.177285029770983,"Turkey",FALSE,"Norway",FALSE
1166,"KASAHARA","Arisa","JPN","2022 9th Senior Artistic Gymnastics Asian Championships","final","Doha, Qatar",NA,13.533,13.833,NA,NA,0.942027199964578,1.5545419482068,NA,"Qatar",FALSE,"Japan",FALSE
1167,"KASAHARA","Arisa","JPN","2022 9th Senior Artistic Gymnastics Asian Championships","qual","Doha, Qatar",NA,13.467,13.8,10,NA,0.900988607958687,1.53025613940564,-1.96259840505087,"Qatar",FALSE,"Japan",FALSE
1168,"KASIANENKO","Yuliia","UKR","2022 51st FIG Artistic Gymnastics World Championships","qual","Liverpool, England",12.7,11,11.833,12.333,-0.310688152873113,-0.632984217473664,0.0826747481364049,0.192153847679589,"England",FALSE,"Ukraine",FALSE
1169,"KASIANENKO","Yuliia","UKR","2022 Baku World Cup","qual","Baku, Azerbaijan",NA,12.366,11.7,NA,NA,0.216390277678582,-0.015204420668277,NA,"Azerbaijan",FALSE,"Ukraine",FALSE
1170,"KASIANENKO","Yuliia","UKR","2022 Cairo World Cup","final","Cairo, Egypt",NA,NA,13.4,NA,NA,NA,1.23588269939156,NA,"Egypt",FALSE,"Ukraine",FALSE
1171,"KASIANENKO","Yuliia","UKR","2022 Cairo World Cup","qual","Cairo, Egypt",NA,11,11.9,11.166,NA,-0.632984217473664,0.131982299338763,-0.885684077282454,"Egypt",FALSE,"Ukraine",FALSE
1172,"KASIANENKO","Yuliia","UKR","2022 Senior European Championships","qual","Munich, Germany",12.7,11.766,12.366,12.033,-0.310688152873113,-0.156687831465889,0.474927356955165,-0.0849253104083405,"Germany",FALSE,"Ukraine",FALSE
1173,"KATSALI","Elvira","GRE","2022 51st FIG Artistic Gymnastics World Championships","qual","Liverpool, England",11.833,9.566,12.333,10.2,-1.39477401458493,-1.52464089832895,0.450641548154004,-1.77787896632559,"England",FALSE,"Greece",FALSE
1174,"KATSALI","Elvira","GRE","2022 Baku World Cup","qual","Baku, Azerbaijan",NA,NA,12.433,NA,NA,NA,0.524234908157523,NA,"Azerbaijan",FALSE,"Greece",FALSE
1175,"KATSALI","Elvira","GRE","2022 Cairo World Cup","qual","Cairo, Egypt",NA,NA,9.966,NA,NA,NA,-1.29131328312931,NA,"Egypt",FALSE,"Greece",FALSE
1176,"KATSALI","Elvira","GRE","2022 Cottbus World Cup","qual","Cottbus, Germany",NA,NA,11.333,10.833,NA,NA,-0.285292051881194,-1.19324194276006,"Germany",FALSE,"Greece",FALSE
1177,"KATSALI","Elvira","GRE","2022 Senior European Championships","qual","Munich, Germany",11.766,11.4,10.4,12,-1.47854996929622,-0.384265478044016,-0.971918100714033,-0.115404017798012,"Germany",FALSE,"Greece",FALSE
1178,"KATSALI","Elvira","GRE","2023 52nd FIG Artistic Gymnastics World Championships","qual","Antwerp, Belgium",NA,NA,NA,11.166,NA,NA,NA,-0.885684077282454,"Belgium",FALSE,"Greece",FALSE
1179,"KATSALI","Elvira","GRE","2023 Baku World Cup","final","Baku, Azerbaijan",NA,NA,NA,11.6,NA,NA,NA,-0.484842895248584,"Azerbaijan",FALSE,"Greece",FALSE
1180,"KATSALI","Elvira","GRE","2023 Baku World Cup","qual","Baku, Azerbaijan",NA,9.166,11.3,12.4,NA,-1.7733596377586,-0.309577860682355,0.25403485965256,"Azerbaijan",FALSE,"Greece",FALSE
1181,"KAYISOGLU","Sevgi","TUR","2022 51st FIG Artistic Gymnastics World Championships","qual","Liverpool, England",11.866,11.633,11.7,12.2,-1.35351123092116,-0.239386812326247,-0.015204420668277,0.0693154209272731,"England",FALSE,"Turkey",FALSE
1182,"KAYISOGLU","Sevgi","TUR","2022 Baku World Cup","final","Baku, Azerbaijan",NA,12.266,NA,NA,NA,0.15421059282117,NA,NA,"Azerbaijan",FALSE,"Turkey",FALSE
1183,"KAYISOGLU","Sevgi","TUR","2022 Baku World Cup","qual","Baku, Azerbaijan",NA,12.566,10.533,12.466,NA,0.340749647393406,-0.874038931909353,0.314992274431903,"Azerbaijan",FALSE,"Turkey",FALSE
1184,"KAYISOGLU","Sevgi","TUR","2022 Mersin World Challenge Cup","final","Mersin, Turkey",NA,13,NA,12.4,NA,0.610609479674573,NA,0.25403485965256,"Turkey",FALSE,"Turkey",TRUE
1185,"KAYISOGLU","Sevgi","TUR","2022 Mersin World Challenge Cup","qual","Mersin, Turkey",NA,12.8,NA,12.65,NA,0.48625010995975,NA,0.484934158059167,"Turkey",FALSE,"Turkey",TRUE
1186,"KAYISOGLU","Sevgi","TUR","2022 Osijek World Challenge Cup","final","Osijek, Croatia",NA,12.133,NA,NA,NA,0.0715116119608119,NA,NA,"Croatia",FALSE,"Turkey",FALSE
1187,"KAYISOGLU","Sevgi","TUR","2022 Osijek World Challenge Cup","qual","Osijek, Croatia",NA,12.7,NA,12.066,NA,0.424070425102337,NA,-0.0544466030186671,"Croatia",FALSE,"Turkey",FALSE
1188,"KAYISOGLU","Sevgi","TUR","2022 Senior European Championships","qual","Munich, Germany",12.066,11.466,10.766,11.8,-1.10343375417103,-0.343226886038125,-0.702566403101151,-0.300123456523297,"Germany",FALSE,"Turkey",FALSE
1189,"KAYISOGLU","Sevgi","TUR","2023 52nd FIG Artistic Gymnastics World Championships","qual","Antwerp, Belgium",12.7,11.666,11.233,11.8,-0.310688152873113,-0.218867516323301,-0.358885411884713,-0.300123456523297,"Belgium",FALSE,"Turkey",FALSE
1190,"KAYISOGLU","Sevgi","TUR","2023 Baku World Cup","final","Baku, Azerbaijan",NA,12.966,NA,12.566,NA,0.589468386823053,NA,0.407351993794548,"Azerbaijan",FALSE,"Turkey",FALSE
1191,"KAYISOGLU","Sevgi","TUR","2023 Baku World Cup","qual","Baku, Azerbaijan",NA,13.033,NA,12.5,NA,0.631128775677519,NA,0.346394579015203,"Azerbaijan",FALSE,"Turkey",FALSE
1192,"KAYISOGLU","Sevgi","TUR","2023 Senior European Championships","qual","Antalya, Turkey",12.033,11.5,12.033,11.933,-1.1446965378348,-0.322085793186604,0.229861468143444,-0.177285029770983,"Turkey",FALSE,"Turkey",TRUE
1193,"KAYISOGLU","Sevgi","TUR","2023 Varna World Challenge Cup","final","Varna, Bulgaria",NA,NA,10.466,NA,NA,NA,-0.923346483111711,NA,"Bulgaria",FALSE,"Turkey",FALSE
1194,"KAYISOGLU","Sevgi","TUR","2023 Varna World Challenge Cup","qual","Varna, Bulgaria",NA,11.7,12.633,11.9,NA,-0.197726423471781,0.671421628164562,-0.207763737160655,"Bulgaria",FALSE,"Turkey",FALSE
1195,"KELLY","Olivia","BAR","2022 51st FIG Artistic Gymnastics World Championships","qual","Liverpool, England",13.066,10.033,11.133,12.5,0.146953629579627,-1.23426177004484,-0.432478771888234,0.346394579015203,"England",FALSE,"Barbados",FALSE
1196,"KELLY","Olivia","BAR","2023 52nd FIG Artistic Gymnastics World Championships","qual","Antwerp, Belgium",13.2,11.666,11.933,11.7,0.314505539002213,-0.218867516323301,0.156268108139924,-0.392483175885942,"Belgium",FALSE,"Barbados",FALSE
1197,"KENENBAY","Medina","KAZ","2022 Cairo World Cup","qual","Cairo, Egypt",NA,NA,6.733,11.266,NA,NA,-3.6705866120431,-0.793324357919812,"Egypt",FALSE,"Kazakhstan",FALSE
1198,"KENNEDY","Cara","GBR","2022 British Gymnastics Championships","final","Liverpool, England",12.85,NA,NA,NA,-0.123130045310515,NA,NA,NA,"England",FALSE,"England",TRUE
1199,"KENNEDY","Cara","GBR","2022 British Gymnastics Championships","qual","Liverpool, England",13.15,11,10.45,12.55,0.251986169814681,-0.632984217473664,-0.935121420712274,0.392574438696525,"England",FALSE,"England",TRUE
1200,"KENNEDY","Cara","SCO","BIRMINGHAM 2022 Commonwealth Games","AAfinal","Birmingham, England",12.2,11.45,10.85,12.2,-0.935881844748439,-0.353175635615311,-0.640747980698195,0.0693154209272731,"England",FALSE,"Scotland",FALSE
1201,"KENNEDY","Cara","SCO","BIRMINGHAM 2022 Commonwealth Games","final","Birmingham, England",12.866,NA,NA,NA,-0.103123847170505,NA,NA,NA,"England",FALSE,"Scotland",FALSE
1202,"KENNEDY","Cara","SCO","BIRMINGHAM 2022 Commonwealth Games","qual","Birmingham, England",13.35,10.7,11.7,12.25,0.502063646564811,-0.8195232720459,-0.015204420668277,0.115495280608595,"England",FALSE,"Scotland",FALSE
1203,"KHALID","Zarith Imaan","MAS","2023 10th Senior Artistic Gymnastics Asian Championships","qual","Singapore",12.133,11.2,11.6,10.466,-1.01965779945973,-0.50862484775884,-0.0887977806717965,-1.53220211282096,"Singapore",FALSE,"Malaysia",FALSE
1204,"KHALID","Zarith Imaan","MAS","2023 52nd FIG Artistic Gymnastics World Championships","qual","Antwerp, Belgium",NA,10.933,NA,NA,NA,-0.67464460632813,NA,NA,"Belgium",FALSE,"Malaysia",FALSE
1205,"KHALID","Zarith Imaan","MAS","2023 Cairo World Cup","qual","Cairo, Egypt",NA,12.333,9.933,NA,NA,0.195870981675636,-1.31559909193047,NA,"Egypt",FALSE,"Malaysia",FALSE
1206,"KHALILOVA","Ominakhon","UZB","2022 51st FIG Artistic Gymnastics World Championships","qual","Liverpool, England",11.6,9.4,10.1,11.866,-1.68611427499883,-1.62785917519225,-1.19269818072459,-0.239166041743954,"England",FALSE,"Uzbekistan",FALSE
1207,"KHALILOVA","Ominakhon","UZB","2022 9th Senior Artistic Gymnastics Asian Championships","qual","Doha, Qatar",NA,11.567,11.333,11.767,NA,-0.280425404332138,-0.285292051881194,-0.330602163912971,"Qatar",FALSE,"Uzbekistan",FALSE
1208,"KHALILOVA","Ominakhon","UZB","2022 Baku World Cup","qual","Baku, Azerbaijan",NA,NA,10.966,11.866,NA,NA,-0.555379683094112,-0.239166041743954,"Azerbaijan",FALSE,"Uzbekistan",FALSE
1209,"KHALILOVA","Ominakhon","UZB","2022 Cairo World Cup","final","Cairo, Egypt",NA,NA,NA,11.933,NA,NA,NA,-0.177285029770983,"Egypt",FALSE,"Uzbekistan",FALSE
1210,"KHALILOVA","Ominakhon","UZB","2022 Cairo World Cup","qual","Cairo, Egypt",NA,NA,10.1,11.966,NA,NA,-1.19269818072459,-0.146806322381311,"Egypt",FALSE,"Uzbekistan",FALSE
1211,"KHALIMARDEN","Amina","KAZ","2023 10th Senior Artistic Gymnastics Asian Championships","qual","Singapore",12,11.433,11.8,12.066,-1.18595932149857,-0.363746182041071,0.0583889393352438,-0.0544466030186671,"Singapore",FALSE,"Kazakhstan",FALSE
1212,"KHALIMARDEN","Amina","KAZ","2023 52nd FIG Artistic Gymnastics World Championships","qual","Antwerp, Belgium",12.4,NA,NA,NA,-0.685804367998308,NA,NA,NA,"Belgium",FALSE,"Kazakhstan",FALSE
1213,"KHALIMARDEN","Amina","KAZ","2023 Baku World Cup","qual","Baku, Azerbaijan",12.2,10,9.466,NA,-0.935881844748439,-1.25478106604778,-1.65928008314691,NA,"Azerbaijan",FALSE,"Kazakhstan",FALSE
1214,"KHALIMARDEN","Amina","KAZ","HANGZHOU 2022 19th Asian Games","AAfinal","Hangzhou, China",12.3,10.466,10.8,10.466,-0.810843106373373,-0.965023734612243,-0.677544660699954,-1.53220211282096,"China",FALSE,"Kazakhstan",FALSE
1215,"KHALIMARDEN","Amina","KAZ","HANGZHOU 2022 19th Asian Games","qual","Hangzhou, China",12.133,10,10.533,11.833,-1.01965779945973,-1.25478106604778,-0.874038931909353,-0.269644749133626,"China",FALSE,"Kazakhstan",FALSE
1216,"KICKINGER","Selina","AUT","2022 51st FIG Artistic Gymnastics World Championships","qual","Liverpool, England",12.7,12.5,11.933,12.233,-0.310688152873113,0.299711055387514,0.156268108139924,0.0997941283169464,"England",FALSE,"Austria",FALSE
1217,"KICKINGER","Selina","AUT","2022 Osijek World Challenge Cup","final","Osijek, Croatia",NA,12.333,NA,NA,NA,0.195870981675636,NA,NA,"Croatia",FALSE,"Austria",FALSE
1218,"KICKINGER","Selina","AUT","2022 Osijek World Challenge Cup","qual","Osijek, Croatia",NA,12.066,8.233,NA,NA,0.029851223106347,-2.56668621199031,NA,"Croatia",FALSE,"Austria",FALSE
1219,"KICKINGER","Selina","AUT","2022 Paris World Challenge Cup","qual","Paris, France",NA,12.5,9.85,NA,NA,0.299711055387514,-1.37668158073339,NA,"France",FALSE,"Austria",FALSE
1220,"KICKINGER","Selina","AUT","2022 Senior European Championships","qual","Munich, Germany",12.733,12.6,12.233,11.666,-0.26942536920934,0.361890740244926,0.377048188150484,-0.423885480469239,"Germany",FALSE,"Austria",FALSE
1221,"KICKINGER","Selina","AUT","2023 52nd FIG Artistic Gymnastics World Championships","qual","Antwerp, Belgium",13.166,12.6,11.566,12.466,0.271992367954692,0.361890740244926,-0.113819523072992,0.314992274431903,"Belgium",FALSE,"Austria",FALSE
1222,"KICKINGER","Selina","AUT","2023 Senior European Championships","AAfinal","Antalya, Turkey",13.166,12.366,12.066,11.633,0.271992367954692,0.216390277678582,0.254147276944606,-0.454364187858913,"Turkey",FALSE,"Austria",FALSE
1223,"KICKINGER","Selina","AUT","2023 Senior European Championships","qual","Antalya, Turkey",13.3,12.7,11.666,11.733,0.43954427737728,0.424070425102337,-0.0402261630694729,-0.362004468496268,"Turkey",FALSE,"Austria",FALSE
1224,"KIM","Seohyeon","KOR","2023 FISU World University Games","final","Chengdu, China",13.1,NA,NA,NA,0.189466800627148,NA,NA,NA,"China",FALSE,"Korea, South",FALSE
1225,"KIM","Seohyeon","KOR","2023 FISU World University Games","qual","Chengdu, China",13.066,NA,10.033,11.666,0.146953629579627,NA,-1.24200573192695,-0.423885480469239,"China",FALSE,"Korea, South",FALSE
1226,"KIM","Sonhyang","PRK","HANGZHOU 2022 19th Asian Games","final","Hangzhou, China",13.5,NA,12.966,12.966,0.689621754127409,NA,0.916487516976283,0.776790871245118,"China",FALSE,"Korea, North",FALSE
1227,"KIM","Sonhyang","PRK","HANGZHOU 2022 19th Asian Games","qual","Hangzhou, China",13.433,12.733,13.1,12.933,0.605845799416115,0.444589721105284,1.015102619381,0.746312163855447,"China",FALSE,"Korea, North",FALSE
1228,"KIM","Subeen","KOR","2023 FISU World University Games","qual","Chengdu, China",NA,10.5,NA,NA,NA,-0.943882641760723,NA,NA,"China",FALSE,"Korea, South",FALSE
1229,"KIM","Sujong","PRK","HANGZHOU 2022 19th Asian Games","AAfinal","Hangzhou, China",12.3,13,13.2,12.966,-0.810843106373373,0.610609479674573,1.08869597938452,0.776790871245118,"China",FALSE,"Korea, North",FALSE
1230,"KIM","Sujong","PRK","HANGZHOU 2022 19th Asian Games","final","Hangzhou, China",NA,13.2,12.833,12.533,NA,0.734968849389396,0.818608348171603,0.376873286404874,"China",FALSE,"Korea, North",FALSE
1231,"KIM","Sujong","PRK","HANGZHOU 2022 19th Asian Games","qual","Hangzhou, China",NA,13.433,13.166,13.1,NA,0.879847515107166,1.06367423698332,0.90055289519106,"China",FALSE,"Korea, North",FALSE
1232,"KING","Avery","USA","2023 Core Hydration Classic","AAfinal","Hoffman Estates, Illinois",12.55,11.45,11.55,12.45,-0.498246260435709,-0.353175635615311,-0.125594460673556,0.300214719333881,"Illinois",TRUE,"United States",FALSE
1233,"KING","Sara","SLO","2022 Koper World Challenge Cup","qual","Koper, Slovenia",NA,9.05,11.25,11,NA,-1.84548807219319,-0.346374540684115,-1.03900121142444,"Slovenia",FALSE,"Slovenia",TRUE
1234,"KING","Sara","SLO","2022 Osijek World Challenge Cup","qual","Osijek, Croatia",NA,10.733,NA,10.766,NA,-0.799003976042953,NA,-1.25512295473303,"Croatia",FALSE,"Slovenia",FALSE
1235,"KING","Sara","SLO","2022 Senior European Championships","qual","Munich, Germany",NA,10.8,10.2,11.366,NA,-0.757343587188487,-1.11910482072107,-0.700964638557169,"Germany",FALSE,"Slovenia",FALSE
1236,"KING","Sara","SLO","2023 FISU World University Games","qual","Chengdu, China",12.033,10.333,11.633,11.766,-1.1446965378348,-1.0477227154726,-0.0645119718706354,-0.331525761106597,"China",FALSE,"Slovenia",FALSE
1237,"KING","Sara","SLO","2023 Osijek World Challenge Cup","qual","Osijek, Croatia",NA,11,11.033,11.3,NA,-0.632984217473664,-0.506072131891754,-0.761922053336512,"Croatia",FALSE,"Slovenia",FALSE
1238,"KINSELLA","Alice","ENG","BIRMINGHAM 2022 Commonwealth Games","AAfinal","Birmingham, England",13.85,13.7,11,12.05,1.12725733844014,1.04586727367646,-0.530357940692915,-0.06922415811669,"England",FALSE,"England",TRUE
1239,"KINSELLA","Alice","ENG","BIRMINGHAM 2022 Commonwealth Games","final","Birmingham, England",NA,NA,12.933,13.366,NA,NA,0.892201708175122,1.14622974869569,"England",FALSE,"England",TRUE
1240,"KINSELLA","Alice","ENG","BIRMINGHAM 2022 Commonwealth Games","qual","Birmingham, England",NA,13.65,13.45,13.45,NA,1.01477743124775,1.27267937939332,1.22381191296031,"England",FALSE,"England",TRUE
1241,"KINSELLA","Alice","GBR","2022 51st FIG Artistic Gymnastics World Championships","AAfinal","Liverpool, England",14.166,14.166,13.1,13.633,1.52237975170534,1.335624605112,1.015102619381,1.39283019939395,"England",FALSE,"England",TRUE
1242,"KINSELLA","Alice","GBR","2022 51st FIG Artistic Gymnastics World Championships","qual","Liverpool, England",14.266,14.166,13.066,12.3,1.64741849008041,1.335624605112,0.990080876979804,0.161675140289917,"England",FALSE,"England",TRUE
1243,"KINSELLA","Alice","GBR","2022 51st FIG Artistic Gymnastics World Championships","TeamFinal","Liverpool, England",14.133,14.1,12.266,13.133,1.48111696804157,1.2945860131061,0.401333996951645,0.931031602580732,"England",FALSE,"England",TRUE
1244,"KINSELLA","Alice","GBR","2022 British Gymnastics Championships","final","Liverpool, England",NA,13.55,NA,13.2,NA,0.952597746390339,NA,0.992912614553703,"England",FALSE,"England",TRUE
1245,"KINSELLA","Alice","GBR","2022 British Gymnastics Championships","qual","Liverpool, England",13.35,13.2,11.65,13.05,0.502063646564811,0.734968849389396,-0.0520011006700361,0.85437303550974,"England",FALSE,"England",TRUE
1246,"KINSELLA","Alice","GBR","2022 Senior European Championships","final","Munich, Germany",NA,11.666,NA,NA,NA,-0.218867516323301,NA,NA,"Germany",FALSE,"England",FALSE
1247,"KINSELLA","Alice","GBR","2022 Senior European Championships","qual","Munich, Germany",13.6,13.966,13.033,13.533,0.814660492502474,1.21126523539717,0.965795068178642,1.3004704800313,"Germany",FALSE,"England",FALSE
1248,"KINSELLA","Alice","GBR","2022 Senior European Championships","TeamFinal","Munich, Germany",13.466,14,13.733,13.366,0.647108583079886,1.23240632824869,1.48094858820328,1.14622974869569,"Germany",FALSE,"England",FALSE
1249,"KINSELLA","Alice","GBR","2023 52nd FIG Artistic Gymnastics World Championships","AAfinal","Antwerp, Belgium",13.766,13.6,13.433,13.233,1.02222479820508,0.983687588819044,1.26016850819272,1.02339132194338,"Belgium",FALSE,"England",FALSE
1250,"KINSELLA","Alice","GBR","2023 52nd FIG Artistic Gymnastics World Championships","final","Antwerp, Belgium",NA,NA,NA,12.666,NA,NA,NA,0.49971171315719,"Belgium",FALSE,"England",FALSE
1251,"KINSELLA","Alice","GBR","2023 52nd FIG Artistic Gymnastics World Championships","qual","Antwerp, Belgium",14,13.533,12.133,13.633,1.31481544600274,0.942027199964578,0.303454828146963,1.39283019939395,"Belgium",FALSE,"England",FALSE
1252,"KINSELLA","Alice","GBR","2023 52nd FIG Artistic Gymnastics World Championships","TeamFinal","Antwerp, Belgium",NA,13.533,NA,13.633,NA,0.942027199964578,NA,1.39283019939395,"Belgium",FALSE,"England",FALSE
1253,"KINSELLA","Alice","GBR","2023 British Gymnastics Championships","final","Liverpool, England",NA,14.25,13.1,13.9,NA,1.38785554039222,1.015102619381,1.6394306500922,"England",FALSE,"England",TRUE
1254,"KINSELLA","Alice","GBR","2023 British Gymnastics Championships","qual","Liverpool, England",13.8,13.7,14.1,13.7,1.06473796925261,1.04586727367646,1.7510362194162,1.45471121136692,"England",FALSE,"England",TRUE
1255,"KINSELLA","Alice","GBR","2023 Senior European Championships","final","Antalya, Turkey",NA,NA,NA,13.666,NA,NA,NA,1.42330890678362,"Turkey",FALSE,"England",FALSE
1256,"KINSELLA","Alice","GBR","2023 Senior European Championships","qual","Antalya, Turkey",13.833,12.466,12.766,13.466,1.10600075291638,0.278569962535993,0.769300796969244,1.23858946805833,"Turkey",FALSE,"England",FALSE
1257,"KIOSI","Christina","GRE","2022 Senior European Championships","qual","Munich, Germany",12.3,NA,11.866,11.8,-0.810843106373373,NA,0.106960556937566,-0.300123456523297,"Germany",FALSE,"Greece",FALSE
1258,"KIOSI","Christina","GRE","2023 Cottbus World Cup","qual","Cottbus, Germany",11.066,NA,11.066,11.7,-2.35382113792168,NA,-0.481786323090591,-0.392483175885942,"Germany",FALSE,"Greece",FALSE
1259,"KIOSI","Christina","GRE","2023 Senior European Championships","qual","Antalya, Turkey",12.6,NA,NA,11.766,-0.435726891248178,NA,NA,-0.331525761106597,"Turkey",FALSE,"Greece",FALSE
1260,"KISHI","Rina","JPN","2023 52nd FIG Artistic Gymnastics World Championships","AAfinal","Antwerp, Belgium",13.8,12.966,13.533,12.9,1.06473796925261,0.589468386823053,1.33376186819624,0.715833456465775,"Belgium",FALSE,"Japan",FALSE
1261,"KISHI","Rina","JPN","2023 52nd FIG Artistic Gymnastics World Championships","qual","Antwerp, Belgium",14,12.166,12.7,13.333,1.31481544600274,0.0920309079637586,0.720729179366921,1.11575104130602,"Belgium",FALSE,"Japan",FALSE
1262,"KISHI","Rina","JPN","2023 52nd FIG Artistic Gymnastics World Championships","TeamFinal","Antwerp, Belgium",13.9,NA,13.433,12.833,1.18977670762767,NA,1.26016850819272,0.653952444492804,"Belgium",FALSE,"Japan",FALSE
1263,"KOENIG","Anna Lena","GER","2022 51st FIG Artistic Gymnastics World Championships","qual","Liverpool, England",13,12.066,11.933,13,0.0644280622520831,0.029851223106347,0.156268108139924,0.808193175828418,"England",FALSE,"Germany",FALSE
1264,"KOENIG","Anna Lena","GER","2023 Cottbus World Cup","final","Cottbus, Germany",NA,NA,NA,12.933,NA,NA,NA,0.746312163855447,"Germany",FALSE,"Germany",TRUE
1265,"KOENIG","Anna Lena","GER","2023 Cottbus World Cup","qual","Cottbus, Germany",NA,NA,11.7,13,NA,NA,-0.015204420668277,0.808193175828418,"Germany",FALSE,"Germany",TRUE
1266,"KOENIG","Anna Lena","GER","2023 Senior European Championships","qual","Antalya, Turkey",13.166,NA,NA,12.566,0.271992367954692,NA,NA,0.407351993794548,"Turkey",FALSE,"Germany",FALSE
1267,"KOKKO","Saara","FIN","2023 Osijek World Challenge Cup","qual","Osijek, Croatia",11.966,9.966,9.733,11.966,-1.22847249254609,-1.2759221588993,-1.46278581193751,-0.146806322381311,"Croatia",FALSE,"Finland",FALSE
1268,"KOKKO","Saara Katariina","FIN","2023 FISU World University Games","qual","Chengdu, China",NA,NA,NA,10.366,NA,NA,NA,-1.6245618321836,"China",FALSE,"Finland",FALSE
1269,"KOKUFUGATA","Azuki","JPN","2023 Cottbus World Cup","final","Cottbus, Germany",NA,12.4,NA,13.633,NA,0.237531370530102,NA,1.39283019939395,"Germany",FALSE,"Japan",FALSE
1270,"KOKUFUGATA","Azuki","JPN","2023 Cottbus World Cup","qual","Cottbus, Germany",NA,12.733,NA,13.566,NA,0.444589721105284,NA,1.33094918742098,"Germany",FALSE,"Japan",FALSE
1272,"KÖNIG","Anna-Lena","GER","EnBW DTB Pokal Team Challenge 2023","qual","Stuttgart, Germany",NA,NA,10.9,NA,NA,NA,-0.603951300696434,NA,"Germany",FALSE,"Germany",TRUE
1273,"KORENT","Tijana","CRO","2022 Koper World Challenge Cup","final","Koper, Slovenia",12.85,NA,NA,NA,-0.123130045310515,NA,NA,NA,"Slovenia",FALSE,"Croatia",FALSE
1274,"KORENT","Tijana","CRO","2022 Koper World Challenge Cup","qual","Koper, Slovenia",12.7,NA,NA,NA,-0.310688152873113,NA,NA,NA,"Slovenia",FALSE,"Croatia",FALSE
1275,"KORENT","Tijana","CRO","2022 Mersin World Challenge Cup","final","Mersin, Turkey",12.8,NA,NA,NA,-0.185649414498046,NA,NA,NA,"Turkey",FALSE,"Croatia",FALSE
1276,"KORENT","Tijana","CRO","2022 Mersin World Challenge Cup","qual","Mersin, Turkey",12.7,NA,NA,NA,-0.310688152873113,NA,NA,NA,"Turkey",FALSE,"Croatia",FALSE
1277,"KORENT","Tijana","CRO","2022 Osijek World Challenge Cup","final","Osijek, Croatia",13.033,NA,NA,NA,0.105690845915854,NA,NA,NA,"Croatia",FALSE,"Croatia",TRUE
1278,"KORENT","Tijana","CRO","2022 Osijek World Challenge Cup","qual","Osijek, Croatia",12.633,NA,NA,NA,-0.394464107584407,NA,NA,NA,"Croatia",FALSE,"Croatia",TRUE
1279,"KORENT","Tijana","CRO","2022 Paris World Challenge Cup","qual","Paris, France",12.4,NA,NA,NA,-0.685804367998308,NA,NA,NA,"France",FALSE,"Croatia",FALSE
1280,"KORENT","Tijana","CRO","2022 Senior European Championships","qual","Munich, Germany",12.733,NA,NA,NA,-0.26942536920934,NA,NA,NA,"Germany",FALSE,"Croatia",FALSE
1281,"KORENT","Tijana","CRO","2022 Szombathely World Challenge Cup","final","Szombathely, Hungary",12.8,NA,NA,NA,-0.185649414498046,NA,NA,NA,"Hungary",FALSE,"Croatia",FALSE
1282,"KORENT","Tijana","CRO","2022 Szombathely World Challenge Cup","qual","Szombathely, Hungary",12.566,NA,NA,NA,-0.478240062295699,NA,NA,NA,"Hungary",FALSE,"Croatia",FALSE
1283,"KORENT","Tijana","CRO","2022 Varna World Challenge Cup","final","Varna, Bulgaria",12.85,NA,NA,NA,-0.123130045310515,NA,NA,NA,"Bulgaria",FALSE,"Croatia",FALSE
1284,"KORENT","Tijana","CRO","2022 Varna World Challenge Cup","qual","Varna, Bulgaria",12.9,NA,NA,NA,-0.0606106761229817,NA,NA,NA,"Bulgaria",FALSE,"Croatia",FALSE
1285,"KORENT","Tijana","CRO","2023 Osijek World Challenge Cup","final","Osijek, Croatia",12.866,NA,NA,NA,-0.103123847170505,NA,NA,NA,"Croatia",FALSE,"Croatia",TRUE
1286,"KORENT","Tijana","CRO","2023 Osijek World Challenge Cup","qual","Osijek, Croatia",12.833,NA,NA,NA,-0.144386630834276,NA,NA,NA,"Croatia",FALSE,"Croatia",TRUE
1287,"KORENT","Tijana","CRO","2023 Varna World Challenge Cup","final","Varna, Bulgaria",12.8,NA,NA,NA,-0.185649414498046,NA,NA,NA,"Bulgaria",FALSE,"Croatia",FALSE
1288,"KORENT","Tijana","CRO","2023 Varna World Challenge Cup","qual","Varna, Bulgaria",12.933,NA,NA,NA,-0.0193478924592108,NA,NA,NA,"Bulgaria",FALSE,"Croatia",FALSE
1289,"KOTI","Shante","RSA","2023 52nd FIG Artistic Gymnastics World Championships","qual","Antwerp, Belgium",NA,NA,11.133,NA,NA,NA,-0.432478771888234,NA,"Belgium",FALSE,"South Africa",FALSE
1290,"KOTI","Shante","RSA","BIRMINGHAM 2022 Commonwealth Games","final","Birmingham, England",NA,NA,10.366,NA,NA,NA,-0.99693984311523,NA,"England",FALSE,"South Africa",FALSE
1291,"KOTI","Shante","RSA","BIRMINGHAM 2022 Commonwealth Games","qual","Birmingham, England",NA,NA,12.1,11.75,NA,NA,0.279169019345802,-0.34630331620462,"England",FALSE,"South Africa",FALSE
1292,"KOTI","Shanté","RSA","2022 Osijek World Challenge Cup","qual","Osijek, Croatia",NA,NA,11.066,11.1,NA,NA,-0.481786323090591,-0.946641492061799,"Croatia",FALSE,"South Africa",FALSE
1293,"KOTI","Shanté","RSA","2023 Tel Aviv World Challenge Cup","qual","Tel Aviv, Israel",NA,NA,9.333,11.933,NA,NA,-1.75715925195159,-0.177285029770983,"Israel",FALSE,"South Africa",FALSE
1294,"KOVACS","Zsofia","HUN","2022 51st FIG Artistic Gymnastics World Championships","final","Liverpool, England",NA,NA,12.733,NA,NA,NA,0.745014988168083,NA,"England",FALSE,"Hungary",FALSE
1295,"KOVACS","Zsofia","HUN","2022 51st FIG Artistic Gymnastics World Championships","qual","Liverpool, England",13.3,NA,13.533,NA,0.43954427737728,NA,1.33376186819624,NA,"England",FALSE,"Hungary",FALSE
1296,"KOVACS","Zsofia","HUN","2022 Cairo World Cup","final","Cairo, Egypt",NA,NA,13.133,NA,NA,NA,1.03938842818216,NA,"Egypt",FALSE,"Hungary",FALSE
1297,"KOVACS","Zsofia","HUN","2022 Cairo World Cup","qual","Cairo, Egypt",NA,10.7,12.766,NA,NA,-0.8195232720459,0.769300796969244,NA,"Egypt",FALSE,"Hungary",FALSE
1298,"KOVACS","Zsofia","HUN","2022 Koper World Challenge Cup","final","Koper, Slovenia",14.15,14.35,13.65,NA,1.50237355356533,1.45003522524963,1.41986609940036,NA,"Slovenia",FALSE,"Hungary",FALSE
1299,"KOVACS","Zsofia","HUN","2022 Koper World Challenge Cup","qual","Koper, Slovenia",13.9,14.1,13.3,NA,1.18977670762767,1.2945860131061,1.16228933938804,NA,"Slovenia",FALSE,"Hungary",FALSE
1300,"KOVACS","Zsofia","HUN","2022 Senior European Championships","final","Munich, Germany",14.2,NA,NA,12.533,1.56489292275286,NA,NA,0.376873286404874,"Germany",FALSE,"Hungary",FALSE
1301,"KOVACS","Zsofia","HUN","2022 Senior European Championships","qual","Munich, Germany",14.066,13.366,11.9,13.433,1.39734101333028,0.8381871262527,0.131982299338763,1.20811076066866,"Germany",FALSE,"Hungary",FALSE
1302,"KOVACS","Zsofia","HUN","2022 Senior European Championships","TeamFinal","Munich, Germany",14.266,13.633,12.033,12.3,1.64741849008041,1.00420688482199,0.229861468143444,0.161675140289917,"Germany",FALSE,"Hungary",FALSE
1303,"KOVACS","Zsofia","HUN","2023 Senior European Championships","AAfinal","Antalya, Turkey",14.1,13.7,13.833,13.266,1.4398541843778,1.04586727367646,1.5545419482068,1.05387002933305,"Turkey",FALSE,"Hungary",FALSE
1304,"KOVACS","Zsofia","HUN","2023 Senior European Championships","final","Antalya, Turkey",NA,13.933,13.7,12.733,NA,1.19074593939423,1.45666277940212,0.561592725130161,"Turkey",FALSE,"Hungary",FALSE
1305,"KOVACS","Zsofia","HUN","2023 Senior European Championships","qual","Antalya, Turkey",14.166,14.266,13.533,13.266,1.52237975170534,1.39780428996941,1.33376186819624,1.05387002933305,"Turkey",FALSE,"Hungary",FALSE
1306,"KOVACS","Zsofia","HUN","2023 Varna World Challenge Cup","final","Varna, Bulgaria",NA,14.166,NA,NA,NA,1.335624605112,NA,NA,"Bulgaria",FALSE,"Hungary",FALSE
1307,"KOVACS","Zsofia","HUN","2023 Varna World Challenge Cup","qual","Varna, Bulgaria",NA,14.3,NA,NA,NA,1.41894538282093,NA,NA,"Bulgaria",FALSE,"Hungary",FALSE
1308,"KOZLOVSKA","Marharyta","UKR","2022 51st FIG Artistic Gymnastics World Championships","qual","Liverpool, England",12.2,10.866,10.5,11.633,-0.935881844748439,-0.716304995182596,-0.898324740710514,-0.454364187858913,"England",FALSE,"Ukraine",FALSE
1309,"KOZLOVSKA","Marharyta","UKR","2022 Senior European Championships","qual","Munich, Germany",11.333,11.433,NA,NA,-2.01996770646025,-0.363746182041071,NA,NA,"Germany",FALSE,"Ukraine",FALSE
1310,"KRISTINSDOTTIR","Margret","ISL","2023 Senior European Championships","qual","Antalya, Turkey",11.866,11.366,10,12.1,-1.35351123092116,-0.405406570895537,-1.26629154072811,-0.0230442984353695,"Turkey",FALSE,"Iceland",FALSE
1311,"KRISTINSDOTTIR","Margret Lea","ISL","2022 Senior European Championships","qual","Munich, Germany",11.333,NA,NA,11.933,-2.01996770646025,NA,NA,-0.177285029770983,"Germany",FALSE,"Iceland",FALSE
1312,"KRISTINSDOTTIR","Margret Lea","ISL","2023 52nd FIG Artistic Gymnastics World Championships","qual","Antwerp, Belgium",12.166,11.1,10.866,11.833,-0.97839501579596,-0.570804532616252,-0.628973043097632,-0.269644749133626,"Belgium",FALSE,"Iceland",FALSE
1313,"KRITSKI","Veronika","GBR","2022 British Gymnastics Championships","qual","Liverpool, England",13,11.4,10.2,11.75,0.0644280622520831,-0.384265478044016,-1.11910482072107,-0.34630331620462,"England",FALSE,"England",TRUE
1314,"KRITSKI","Veronika","GBR","2023 British Gymnastics Championships","final","Liverpool, England",13,NA,NA,NA,0.0644280622520831,NA,NA,NA,"England",FALSE,"England",TRUE
1315,"KRITSKI","Veronika","GBR","2023 British Gymnastics Championships","qual","Liverpool, England",13.2,11.7,11.1,11.7,0.314505539002213,-0.197726423471781,-0.456764580689395,-0.392483175885942,"England",FALSE,"England",TRUE
1316,"KROELL","Carina","AUT","2022 Senior European Championships","qual","Munich, Germany",12.566,11.8,12.033,11.7,-0.478240062295699,-0.135546738614369,0.229861468143444,-0.392483175885942,"Germany",FALSE,"Austria",FALSE
1317,"KROELL","Carina","AUT","2023 52nd FIG Artistic Gymnastics World Championships","qual","Antwerp, Belgium",NA,11.733,11.4,NA,NA,-0.177207127468835,-0.235984500678836,NA,"Belgium",FALSE,"Austria",FALSE
1318,"KRÖLL","Carina","AUT","2022 Osijek World Challenge Cup","qual","Osijek, Croatia",NA,8.466,10.166,12.166,NA,-2.20861743176048,-1.14412656312227,0.0379131163439755,"Croatia",FALSE,"Austria",FALSE
1319,"KRUPA","Ilona","UKR","2023 52nd FIG Artistic Gymnastics World Championships","qual","Antwerp, Belgium",12.766,11.433,9.266,11,-0.228162585545569,-0.363746182041071,-1.80646680315395,-1.03900121142444,"Belgium",FALSE,"Ukraine",FALSE
1320,"KRUPA","Ilona","UKR","2023 Senior European Championships","qual","Antalya, Turkey",12.133,12.5,10.833,11.733,-1.01965779945973,0.299711055387514,-0.653258851898793,-0.362004468496268,"Turkey",FALSE,"Ukraine",FALSE
1321,"KUKULJAN FRLETA","Nika","CRO","2022 51st FIG Artistic Gymnastics World Championships","qual","Liverpool, England",11.666,NA,9.566,11.766,-1.60358870767129,NA,-1.58568672314339,-0.331525761106597,"England",FALSE,"Croatia",FALSE
1322,"KUKULJAN FRLETA","Nika","CRO","2022 Senior European Championships","qual","Munich, Germany",11.666,10.166,11.166,10.833,-1.60358870767129,-1.15156278918448,-0.408192963087072,-1.19324194276006,"Germany",FALSE,"Croatia",FALSE
1323,"KUKULJAN FRLETA","Nika","CRO","2023 Senior European Championships","qual","Antalya, Turkey",11.833,10.7,11.266,8.766,-1.39477401458493,-0.8195232720459,-0.334599603083552,-3.10231734198589,"Turkey",FALSE,"Croatia",FALSE
1324,"KULCZYNSKA","Emilia","POL","2022 Koper World Challenge Cup","final","Koper, Slovenia",NA,NA,NA,11,NA,NA,NA,-1.03900121142444,"Slovenia",FALSE,"Poland",FALSE
1325,"KULCZYNSKA","Emilia","POL","2022 Koper World Challenge Cup","qual","Koper, Slovenia",NA,11.2,NA,12.15,NA,-0.50862484775884,NA,0.0231355612459526,"Slovenia",FALSE,"Poland",FALSE
1326,"KULCZYNSKA","Emilia","POL","2022 Senior European Championships","qual","Munich, Germany",11.366,11.833,11.3,11.566,-1.97870492279648,-0.115027442611423,-0.309577860682355,-0.516245199831882,"Germany",FALSE,"Poland",FALSE
1327,"KULCZYNSKA","Emilia","POL","2022 Szombathely World Challenge Cup","qual","Szombathely, Hungary",NA,10.8,NA,9.4,NA,-0.757343587188487,NA,-2.51675672122673,"Hungary",FALSE,"Poland",FALSE
1328,"KULCZYNSKA","Emilia","POL","2022 Varna World Challenge Cup","qual","Varna, Bulgaria",NA,11.75,NA,11.8,NA,-0.166636581043075,NA,-0.300123456523297,"Bulgaria",FALSE,"Poland",FALSE
1329,"KULCZYNSKA","Emilia","POL","2023 Cottbus World Cup","qual","Cottbus, Germany",12.1,11.033,12.2,9.933,-1.0609205831235,-0.612464921470718,0.352762379349322,-2.02447941702384,"Germany",FALSE,"Poland",FALSE
1330,"KUNAVER","Meta","SLO","2023 Cottbus World Cup","qual","Cottbus, Germany",12.3,NA,NA,NA,-0.810843106373373,NA,NA,NA,"Germany",FALSE,"Slovenia",FALSE
1331,"KUNAVER","Meta","SLO","2023 FISU World University Games","qual","Chengdu, China",12,9.8,10,10.933,-1.18595932149857,-1.37914043576261,-1.26629154072811,-1.10088222339741,"China",FALSE,"Slovenia",FALSE
1332,"KUNAVER","Meta","SLO","2023 Senior European Championships","qual","Antalya, Turkey",11.833,9.666,9.133,10.5,-1.39477401458493,-1.46246121347154,-1.90434597195863,-1.50079980823766,"Turkey",FALSE,"Slovenia",FALSE
1333,"KURIAKUZ SALCEDA","Celia","PAN","SANTIAGO 2023 XIX Pan American Games","qual","Santiago, Chile",NA,NA,11,NA,NA,NA,-0.530357940692915,NA,"Chile",FALSE,"Panama",FALSE
1334,"KUSTERS","Celine","NED","2022 Osijek World Challenge Cup","qual","Osijek, Croatia",12.733,NA,8.7,11.466,-0.26942536920934,NA,-2.22300522077387,-0.608604919194526,"Croatia",FALSE,"Netherlands",FALSE
1335,"KUSUMOTO","Hima","JPN","EnBW DTB Pokal Team Challenge 2023","final","Stuttgart, Germany",NA,NA,12.566,NA,NA,NA,0.622114076962205,NA,"Germany",FALSE,"Japan",FALSE
1336,"KUSUMOTO","Hima","JPN","EnBW DTB Pokal Team Challenge 2023","qual","Stuttgart, Germany",13,12.6,12.7,10.8,0.0644280622520831,0.361890740244926,0.720729179366921,-1.22372065014973,"Germany",FALSE,"Japan",FALSE
1337,"KUUSIKKO","Maisa","FIN","2022 51st FIG Artistic Gymnastics World Championships","AAfinal","Liverpool, England",13.5,13.3,12.466,12.733,0.689621754127409,0.797148534246809,0.548520716958684,0.561592725130161,"England",FALSE,"Finland",FALSE
1338,"KUUSIKKO","Maisa","FIN","2022 51st FIG Artistic Gymnastics World Championships","qual","Liverpool, England",13.233,12.866,12.066,13.066,0.355768322665986,0.527288701965641,0.254147276944606,0.869150590607763,"England",FALSE,"Finland",FALSE
1339,"KUUSIKKO","Maisa","FIN","2022 Baku World Cup","final","Baku, Azerbaijan",13.066,NA,NA,12.833,0.146953629579627,NA,NA,0.653952444492804,"Azerbaijan",FALSE,"Finland",FALSE
1340,"KUUSIKKO","Maisa","FIN","2022 Baku World Cup","qual","Baku, Azerbaijan",13.4,11.833,12.566,12.6,0.564583015752344,-0.115027442611423,0.622114076962205,0.438754298377845,"Azerbaijan",FALSE,"Finland",FALSE
1341,"KUUSIKKO","Maisa","FIN","2022 Senior European Championships","qual","Munich, Germany",13.333,13.466,12.533,12.866,0.480807061041051,0.900366811110112,0.597828268161043,0.684431151882476,"Germany",FALSE,"Finland",FALSE
1342,"KUUSIKKO","Maisa","FIN","2022 Szombathely World Challenge Cup","final","Szombathely, Hungary",13.066,13.133,12.866,NA,0.146953629579627,0.69330846053493,0.842894156972764,NA,"Hungary",FALSE,"Finland",FALSE
1343,"KUUSIKKO","Maisa","FIN","2022 Szombathely World Challenge Cup","qual","Szombathely, Hungary",13.1,12.433,12.266,11.2,0.189466800627148,0.258050666533048,0.401333996951645,-0.854281772699157,"Hungary",FALSE,"Finland",FALSE
1344,"KUUSIKKO","Maisa","FIN","2022 Varna World Challenge Cup","final","Varna, Bulgaria",13.4,11.75,13,11.95,0.564583015752344,-0.166636581043075,0.941509259377481,-0.161583877479334,"Bulgaria",FALSE,"Finland",FALSE
1345,"KUUSIKKO","Maisa","FIN","2022 Varna World Challenge Cup","qual","Varna, Bulgaria",13.45,13.45,12.65,12.55,0.627102384939876,0.890418061532926,0.683932499365162,0.392574438696525,"Bulgaria",FALSE,"Finland",FALSE
1346,"KUUSIKKO","Maisa","FIN","2023 Senior European Championships","AAfinal","Antalya, Turkey",13.1,13.266,12.1,12.3,0.189466800627148,0.776007441395289,0.279169019345802,0.161675140289917,"Turkey",FALSE,"Finland",FALSE
1347,"KUUSIKKO","Maisa","FIN","2023 Senior European Championships","qual","Antalya, Turkey",13.1,12.3,11.966,12.366,0.189466800627148,0.175351685672691,0.180553916941086,0.222632555069261,"Turkey",FALSE,"Finland",FALSE
1348,"KVAMME","Kylee","PHI","2023 10th Senior Artistic Gymnastics Asian Championships","qual","Singapore",NA,11.266,11.1,12.633,NA,-0.467586255752948,-0.456764580689395,0.469233005767517,"Singapore",FALSE,"Philippines",FALSE
1349,"KVAMME","Kylee Ann","PHI","2023 52nd FIG Artistic Gymnastics World Championships","qual","Antwerp, Belgium",13.4,12.266,12.3,11.466,0.564583015752344,0.15421059282117,0.426355739352843,-0.608604919194526,"Belgium",FALSE,"Philippines",FALSE
1350,"KYRLIDOU","Vasiliki","GRE","2023 Cairo World Cup","qual","Cairo, Egypt",NA,NA,8.033,10.433,NA,NA,-2.71387293199735,-1.56268082021063,"Egypt",FALSE,"Greece",FALSE
1351,"KYSSELEF","Tjasa","SLO","2022 Baku World Cup","final","Baku, Azerbaijan",13.4,NA,NA,NA,0.564583015752344,NA,NA,NA,"Azerbaijan",FALSE,"Slovenia",FALSE
1352,"KYSSELEF","Tjasa","SLO","2022 Baku World Cup","qual","Baku, Azerbaijan",13.4,NA,NA,NA,0.564583015752344,NA,NA,NA,"Azerbaijan",FALSE,"Slovenia",FALSE
1353,"KYSSELEF","Tjasa","SLO","2022 Cairo World Cup","final","Cairo, Egypt",13.3,NA,NA,NA,0.43954427737728,NA,NA,NA,"Egypt",FALSE,"Slovenia",FALSE
1354,"KYSSELEF","Tjasa","SLO","2022 Cairo World Cup","qual","Cairo, Egypt",12.633,NA,NA,NA,-0.394464107584407,NA,NA,NA,"Egypt",FALSE,"Slovenia",FALSE
1355,"KYSSELEF","Tjasa","SLO","2022 Cottbus World Cup","final","Cottbus, Germany",13.433,NA,NA,NA,0.605845799416115,NA,NA,NA,"Germany",FALSE,"Slovenia",FALSE
1356,"KYSSELEF","Tjasa","SLO","2022 Cottbus World Cup","qual","Cottbus, Germany",13,NA,9.933,NA,0.0644280622520831,NA,-1.31559909193047,NA,"Germany",FALSE,"Slovenia",FALSE
1357,"KYSSELEF","Tjasa","SLO","2022 Doha World Cup","final","Doha, Qatar",13.3,NA,11.2,NA,0.43954427737728,NA,-0.383171220685876,NA,"Qatar",FALSE,"Slovenia",FALSE
1358,"KYSSELEF","Tjasa","SLO","2022 Doha World Cup","qual","Doha, Qatar",12.6,NA,11.533,NA,-0.435726891248178,NA,-0.138105331874155,NA,"Qatar",FALSE,"Slovenia",FALSE
1359,"KYSSELEF","Tjasa","SLO","2022 Koper World Challenge Cup","final","Koper, Slovenia",13.4,NA,11.5,NA,0.564583015752344,NA,-0.162391140675316,NA,"Slovenia",FALSE,"Slovenia",TRUE
1360,"KYSSELEF","Tjasa","SLO","2022 Koper World Challenge Cup","qual","Koper, Slovenia",13.2,NA,11.5,NA,0.314505539002213,NA,-0.162391140675316,NA,"Slovenia",FALSE,"Slovenia",TRUE
1361,"KYSSELEF","Tjasa","SLO","2022 Osijek World Challenge Cup","final","Osijek, Croatia",13.633,NA,NA,NA,0.855923276166245,NA,NA,NA,"Croatia",FALSE,"Slovenia",FALSE
1362,"KYSSELEF","Tjasa","SLO","2022 Osijek World Challenge Cup","qual","Osijek, Croatia",13.4,NA,10.8,NA,0.564583015752344,NA,-0.677544660699954,NA,"Croatia",FALSE,"Slovenia",FALSE
1363,"KYSSELEF","Tjasa","SLO","2022 Senior European Championships","qual","Munich, Germany",13.133,NA,NA,NA,0.230729584290919,NA,NA,NA,"Germany",FALSE,"Slovenia",FALSE
1364,"KYSSELEF","Tjasa","SLO","2023 Osijek World Challenge Cup","qual","Osijek, Croatia",NA,NA,9.966,NA,NA,NA,-1.29131328312931,NA,"Croatia",FALSE,"Slovenia",FALSE
1365,"KYSSELEF","Tjasa","SLO","2023 Tel Aviv World Challenge Cup","qual","Tel Aviv, Israel",NA,NA,9.867,NA,NA,NA,-1.36417070953279,NA,"Israel",FALSE,"Slovenia",FALSE
1366,"LAI","Pin","TPE","2023 FISU World University Games","AAfinal","Chengdu, China",12.766,11.6,11.1,11.933,-0.228162585545569,-0.259906108329193,-0.456764580689395,-0.177285029770983,"China",FALSE,"Taiwan",FALSE
1367,"LAI","Pin","TPE","2023 FISU World University Games","final","Chengdu, China",13,NA,NA,NA,0.0644280622520831,NA,NA,NA,"China",FALSE,"Taiwan",FALSE
1368,"LAI","Pin","TPE","2023 FISU World University Games","qual","Chengdu, China",12.966,11.8,11.733,12.233,0.0219148912045601,-0.135546738614369,0.00908138813288544,0.0997941283169464,"China",FALSE,"Taiwan",FALSE
1369,"LAI","Pin Ju","TPE","2022 51st FIG Artistic Gymnastics World Championships","qual","Liverpool, England",11.133,10.966,10.866,12.566,-2.27004518321039,-0.654125310325184,-0.628973043097632,0.407351993794548,"England",FALSE,"Taiwan",FALSE
1370,"LAI","Pin Ju","TPE","2023 52nd FIG Artistic Gymnastics World Championships","qual","Antwerp, Belgium",12.933,11.133,12.8,11.833,-0.0193478924592108,-0.550285236613307,0.794322539370442,-0.269644749133626,"Belgium",FALSE,"Taiwan",FALSE
1371,"LAI","Pin Ju","TPE","2023 Baku World Cup","qual","Baku, Azerbaijan",NA,11.633,12.2,12.3,NA,-0.239386812326247,0.352762379349322,0.161675140289917,"Azerbaijan",FALSE,"Taiwan",FALSE
1372,"LAI","Pin Ju","TPE","2023 Cairo World Cup","qual","Cairo, Egypt",NA,11.3,10.866,11.666,NA,-0.446445162901428,-0.628973043097632,-0.423885480469239,"Egypt",FALSE,"Taiwan",FALSE
1373,"LAI","Pin Ju","TPE","2023 Cottbus World Cup","qual","Cottbus, Germany",NA,NA,10.333,NA,NA,NA,-1.02122565191639,NA,"Germany",FALSE,"Taiwan",FALSE
1374,"LAI","Pin Ju","TPE","2023 Doha World Cup","qual","Doha, Qatar",NA,11.633,11.766,NA,NA,-0.239386812326247,0.0333671969340466,NA,"Qatar",FALSE,"Taiwan",FALSE
1375,"LAI","Pin Ju","TPE","HANGZHOU 2022 19th Asian Games","AAfinal","Hangzhou, China",12.866,11.233,12.966,11.766,-0.103123847170505,-0.488105551755894,0.916487516976283,-0.331525761106597,"China",FALSE,"Taiwan",FALSE
1376,"LAI","Pin Ju","TPE","HANGZHOU 2022 19th Asian Games","qual","Hangzhou, China",12.8,11.566,12.166,11.866,-0.185649414498046,-0.281047201180712,0.327740636948126,-0.239166041743954,"China",FALSE,"Taiwan",FALSE
1377,"LAI","Pin-Ju","TPE","2022 9th Senior Artistic Gymnastics Asian Championships","final","Doha, Qatar",12.4,NA,12.667,11.733,-0.685804367998308,NA,0.69644337056576,-0.362004468496268,"Qatar",FALSE,"Taiwan",FALSE
1378,"LAI","Pin-Ju","TPE","2022 9th Senior Artistic Gymnastics Asian Championships","qual","Doha, Qatar",12.8,11.967,12.633,12.6,-0.185649414498046,-0.0317066649024908,0.671421628164562,0.438754298377845,"Qatar",FALSE,"Taiwan",FALSE
1379,"LAI","Pin-Ju","TPE","2022 Mersin World Challenge Cup","final","Mersin, Turkey",NA,NA,12.9,12.15,NA,NA,0.867915899373961,0.0231355612459526,"Turkey",FALSE,"Taiwan",FALSE
1380,"LAI","Pin-Ju","TPE","2022 Mersin World Challenge Cup","qual","Mersin, Turkey",11.65,12.25,12.55,11.8,-1.6235949058113,0.144261843243984,0.610339139361642,-0.300123456523297,"Turkey",FALSE,"Taiwan",FALSE
1381,"LAI","Pin-Ju","TPE","2022 Paris World Challenge Cup","qual","Paris, France",NA,NA,10.7,NA,NA,NA,-0.751138020703475,NA,"France",FALSE,"Taiwan",FALSE
1382,"LAI","Pin-Ju","TPE","2022 Szombathely World Challenge Cup","final","Szombathely, Hungary",NA,NA,12.6,NA,NA,NA,0.647135819363401,NA,"Hungary",FALSE,"Taiwan",FALSE
1383,"LAI","Pin-Ju","TPE","2022 Szombathely World Challenge Cup","qual","Szombathely, Hungary",NA,12.066,12.4,11.466,NA,0.029851223106347,0.499949099356362,-0.608604919194526,"Hungary",FALSE,"Taiwan",FALSE
1384,"LAI","Pin-Ju","TPE","2023 10th Senior Artistic Gymnastics Asian Championships","qual","Singapore",12.9,11.833,11.6,12.433,-0.0606106761229817,-0.115027442611423,-0.0887977806717965,0.284513567042232,"Singapore",FALSE,"Taiwan",FALSE
1385,"LAIHO","Sara","FIN","2022 Mersin World Challenge Cup","qual","Mersin, Turkey",NA,NA,10.9,10.2,NA,NA,-0.603951300696434,-1.77787896632559,"Turkey",FALSE,"Finland",FALSE
1386,"LALONDE","Jenna","CAN","2023 Artistic Gymnastics Senior Pan American Championships","TeamFinal","Medellin, Colombia",NA,13.033,11.3,NA,NA,0.631128775677519,-0.309577860682355,NA,"Colombia",FALSE,"Canada",FALSE
1387,"LALONDE","Jenna","CAN","2023 Artistic Gymnastics Senior Pan American Championships","TeamQual","Medellin, Colombia",12.8,12.1,12.533,12.333,-0.185649414498046,0.0509923159578664,0.597828268161043,0.192153847679589,"Colombia",FALSE,"Canada",FALSE
1388,"LALONDE","Jenna","CAN","BIRMINGHAM 2022 Commonwealth Games","final","Birmingham, England",NA,13.333,NA,NA,NA,0.817667830249755,NA,NA,"England",FALSE,"Canada",FALSE
1389,"LALONDE","Jenna","CAN","BIRMINGHAM 2022 Commonwealth Games","qual","Birmingham, England",NA,12.95,12,12.2,NA,0.579519637245867,0.205575659342283,0.0693154209272731,"England",FALSE,"Canada",FALSE
1390,"LAMADRID","Daira","COL","SANTIAGO 2023 XIX Pan American Games","qual","Santiago, Chile",NA,10.866,11.7,NA,NA,-0.716304995182596,-0.015204420668277,NA,"Chile",FALSE,"Colombia",FALSE
1391,"LAMADRID","Daira Gisell","COL","2023 Artistic Gymnastics Senior Pan American Championships","TeamFinal","Medellin, Colombia",NA,11.567,11.633,NA,NA,-0.280425404332138,-0.0645119718706354,NA,"Colombia",FALSE,"Colombia",TRUE
1392,"LAMADRID","Daira Gisell","COL","2023 Artistic Gymnastics Senior Pan American Championships","TeamQual","Medellin, Colombia",NA,11.933,10.267,NA,NA,-0.0528477577540113,-1.06979726951872,NA,"Colombia",FALSE,"Colombia",TRUE
1393,"LAMB","Isabelle","GBR","2022 British Gymnastics Championships","qual","Liverpool, England",NA,10.3,11.15,11.4,NA,-1.06824201147555,-0.419967900687635,-0.66956233397387,"England",FALSE,"England",TRUE
1394,"LAMB","Isabelle","GBR","2023 British Gymnastics Championships","qual","Liverpool, England",11.95,10.45,10,10.95,-1.2484786906861,-0.974972484189429,-1.26629154072811,-1.08518107110576,"England",FALSE,"England",TRUE
1395,"LAROUI","Djenna","FRA","2023 Senior European Championships","qual","Antalya, Turkey",12.466,13.2,NA,12.866,-0.603278800670766,0.734968849389396,NA,0.684431151882476,"Turkey",FALSE,"France",FALSE
1396,"LAROUI","Djenna","FRA","2023 Varna World Challenge Cup","final","Varna, Bulgaria",NA,12.9,NA,NA,NA,0.548429794817161,NA,NA,"Bulgaria",FALSE,"France",FALSE
1397,"LAROUI","Djenna","FRA","2023 Varna World Challenge Cup","qual","Varna, Bulgaria",NA,13.133,10.533,9.233,NA,0.69330846053493,-0.874038931909353,-2.67099745256234,"Bulgaria",FALSE,"France",FALSE
1398,"LAROUI","Djenna","FRA","EnBW DTB Pokal Team Challenge 2023","final","Stuttgart, Germany",NA,11.166,NA,12.666,NA,-0.52976594061036,NA,0.49971171315719,"Germany",FALSE,"France",FALSE
1399,"LAROUI","Djenna","FRA","EnBW DTB Pokal Team Challenge 2023","qual","Stuttgart, Germany",12.5,13.7,NA,13.05,-0.560765629623243,1.04586727367646,NA,0.85437303550974,"Germany",FALSE,"France",FALSE
1400,"LASHCHEVSKA","Anna","UKR","2023 52nd FIG Artistic Gymnastics World Championships","qual","Antwerp, Belgium",12.833,13.133,12.9,11.8,-0.144386630834276,0.69330846053493,0.867915899373961,-0.300123456523297,"Belgium",FALSE,"Ukraine",FALSE
1401,"LASHCHEVSKA","Anna","UKR","2023 Baku World Cup","final","Baku, Azerbaijan",NA,NA,13.433,NA,NA,NA,1.26016850819272,NA,"Azerbaijan",FALSE,"Ukraine",FALSE
1402,"LASHCHEVSKA","Anna","UKR","2023 Baku World Cup","qual","Baku, Azerbaijan",NA,12.233,13.533,NA,NA,0.133691296818225,1.33376186819624,NA,"Azerbaijan",FALSE,"Ukraine",FALSE
1403,"LASHCHEVSKA","Anna","UKR","2023 Cairo World Cup","qual","Cairo, Egypt",NA,11.7,10.766,11.266,NA,-0.197726423471781,-0.702566403101151,-0.793324357919812,"Egypt",FALSE,"Ukraine",FALSE
1404,"LASHCHEVSKA","Anna","UKR","2023 Cottbus World Cup","qual","Cottbus, Germany",NA,12.566,12.166,NA,NA,0.340749647393406,0.327740636948126,NA,"Germany",FALSE,"Ukraine",FALSE
1405,"LASHCHEVSKA","Anna","UKR","2023 Doha World Cup","final","Doha, Qatar",NA,13.5,13.333,NA,NA,0.921507903961632,1.1865751481892,NA,"Qatar",FALSE,"Ukraine",FALSE
1406,"LASHCHEVSKA","Anna","UKR","2023 Doha World Cup","qual","Doha, Qatar",NA,13.3,13.3,NA,NA,0.797148534246809,1.16228933938804,NA,"Qatar",FALSE,"Ukraine",FALSE
1407,"LASHCHEVSKA","Anna","UKR","2023 Senior European Championships","qual","Antalya, Turkey",12.733,12.733,11.233,12.066,-0.26942536920934,0.444589721105284,-0.358885411884713,-0.0544466030186671,"Turkey",FALSE,"Ukraine",FALSE
1408,"LAURITSEN","Michelle","DEN","2022 Senior European Championships","qual","Munich, Germany",11.633,11.633,NA,NA,-1.64485149133506,-0.239386812326247,NA,NA,"Germany",FALSE,"Denmark",FALSE
1409,"LE","Thi Thanh Phuong","VIE","2023 10th Senior Artistic Gymnastics Asian Championships","qual","Singapore",NA,9.466,11.233,11.633,NA,-1.58682058318636,-0.358885411884713,-0.454364187858913,"Singapore",FALSE,"Vietnam",FALSE
1410,"LE","Thu Thuy","VIE","2023 10th Senior Artistic Gymnastics Asian Championships","qual","Singapore",NA,10.766,9,10.2,NA,-0.778484680040007,-2.00222514076331,-1.77787896632559,"Singapore",FALSE,"Vietnam",FALSE
1411,"LEAT","Alia","GBR","2022 British Gymnastics Championships","qual","Liverpool, England",13.2,10.45,11.4,11.4,0.314505539002213,-0.974972484189429,-0.235984500678836,-0.66956233397387,"England",FALSE,"England",TRUE
1412,"LEE","Cassandra","CAN","2023 52nd FIG Artistic Gymnastics World Championships","qual","Antwerp, Belgium",13.1,NA,9.7,12.666,0.189466800627148,NA,-1.48707162073867,0.49971171315719,"Belgium",FALSE,"Canada",FALSE
1413,"LEE","Cassandra","CAN","BIRMINGHAM 2022 Commonwealth Games","final","Birmingham, England",NA,NA,NA,12.9,NA,NA,NA,0.715833456465775,"England",FALSE,"Canada",FALSE
1414,"LEE","Cassandra","CAN","BIRMINGHAM 2022 Commonwealth Games","qual","Birmingham, England",NA,NA,12.1,13,NA,NA,0.279169019345802,0.808193175828418,"England",FALSE,"Canada",FALSE
1415,"LEE","Cassandra","CAN","SANTIAGO 2023 XIX Pan American Games","qual","Santiago, Chile",NA,NA,12.033,12.333,NA,NA,0.229861468143444,0.192153847679589,"Chile",FALSE,"Canada",FALSE
1416,"LEE","Cassandra Paige","CAN","2023 Artistic Gymnastics Senior Pan American Championships","TeamQual","Medellin, Colombia",NA,NA,13.133,NA,NA,NA,1.03938842818216,NA,"Colombia",FALSE,"Canada",FALSE
1417,"LEE","Dayeong","KOR","2022 51st FIG Artistic Gymnastics World Championships","qual","Liverpool, England",12.5,12.233,10.966,10.033,-0.560765629623243,0.133691296818225,-0.555379683094112,-1.9321196976612,"England",FALSE,"Korea, South",FALSE
1418,"LEE","Dayeong","KOR","2022 9th Senior Artistic Gymnastics Asian Championships","qual","Doha, Qatar",NA,11.967,NA,12.767,NA,-0.0317066649024908,NA,0.592995029713459,"Qatar",FALSE,"Korea, South",FALSE
1419,"LEE","Dayeong","KOR","2023 10th Senior Artistic Gymnastics Asian Championships","qual","Singapore",NA,13.133,NA,NA,NA,0.69330846053493,NA,NA,"Singapore",FALSE,"Korea, South",FALSE
1420,"LEE","Dayeong","KOR","2023 52nd FIG Artistic Gymnastics World Championships","qual","Antwerp, Belgium",13.266,13.133,NA,12.533,0.397031106329757,0.69330846053493,NA,0.376873286404874,"Belgium",FALSE,"Korea, South",FALSE
1421,"LEE","Dayeong","KOR","2023 FISU World University Games","AAfinal","Chengdu, China",13,12.533,10.933,12.233,0.0644280622520831,0.32023035139046,-0.579665491895273,0.0997941283169464,"China",FALSE,"Korea, South",FALSE
1422,"LEE","Dayeong","KOR","2023 FISU World University Games","final","Chengdu, China",NA,NA,12.4,12.366,NA,NA,0.499949099356362,0.222632555069261,"China",FALSE,"Korea, South",FALSE
1423,"LEE","Dayeong","KOR","2023 FISU World University Games","qual","Chengdu, China",13.033,11.4,12.766,12.4,0.105690845915854,-0.384265478044016,0.769300796969246,0.25403485965256,"China",FALSE,"Korea, South",FALSE
1424,"LEE","Eunju","KOR","2022 9th Senior Artistic Gymnastics Asian Championships","qual","Doha, Qatar",NA,NA,11.567,NA,NA,NA,-0.113083589472958,NA,"Qatar",FALSE,"Korea, South",FALSE
1425,"LEE","Man Ching Cass","HKG","2022 Koper World Challenge Cup","qual","Koper, Slovenia",10.65,NA,NA,NA,-2.87398228956195,NA,NA,NA,"Slovenia",FALSE,"Hong Kong",FALSE
1426,"LEE","Man Ching Cass","HKG","2022 Osijek World Challenge Cup","qual","Osijek, Croatia",11.8,NA,9.266,8.966,-1.4360367982487,NA,-1.80646680315395,-2.9175979032606,"Croatia",FALSE,"Hong Kong",FALSE
1427,"LEE","Sunisa","USA","2023 Core Hydration Classic","AAfinal","Hoffman Estates, Illinois",13.5,NA,14.5,NA,0.689621754127409,NA,2.04540965943028,NA,"Illinois",TRUE,"United States",FALSE
1428,"LEE","Sunisa","USA","2023 U.S. Championships","final","San Jose, CA",13.4,NA,14.2,NA,0.564583015752344,NA,1.82462957941972,NA,"California",TRUE,"United States",FALSE
1429,"LEE","Sunisa","USA","2023 U.S. Championships","qual","San Jose, CA",13.35,NA,13.65,NA,0.502063646564811,NA,1.41986609940036,NA,"California",TRUE,"United States",FALSE
1430,"LEE","Yunseo","KOR","2022 51st FIG Artistic Gymnastics World Championships","AAfinal","Liverpool, England",12.9,13.066,12.766,12.6,-0.0606106761229817,0.651648071680465,0.769300796969244,0.438754298377845,"England",FALSE,"Korea, South",FALSE
1431,"LEE","Yunseo","KOR","2022 51st FIG Artistic Gymnastics World Championships","qual","Liverpool, England",12.8,13.2,12.733,13.1,-0.185649414498046,0.734968849389396,0.745014988168083,0.90055289519106,"England",FALSE,"Korea, South",FALSE
1432,"LEE","Yunseo","KOR","2022 9th Senior Artistic Gymnastics Asian Championships","final","Doha, Qatar",NA,14.433,13.067,13.267,NA,1.50164436368128,0.990816810579839,1.05479362652667,"Qatar",FALSE,"Korea, South",FALSE
1433,"LEE","Yunseo","KOR","2022 9th Senior Artistic Gymnastics Asian Championships","qual","Doha, Qatar",NA,14.3,13.133,13.367,NA,1.41894538282093,1.03938842818216,1.14715334588932,"Qatar",FALSE,"Korea, South",FALSE
1434,"LEE","Yunseo","KOR","2023 10th Senior Artistic Gymnastics Asian Championships","final","Singapore",NA,14.2,NA,12.533,NA,1.35676569796351,NA,0.376873286404874,"Singapore",FALSE,"Korea, South",FALSE
1435,"LEE","Yunseo","KOR","2023 10th Senior Artistic Gymnastics Asian Championships","qual","Singapore",NA,14.066,12.333,13.166,NA,1.27344492025458,0.450641548154004,0.961510309970405,"Singapore",FALSE,"Korea, South",FALSE
1436,"LEE","Yunseo","KOR","2023 52nd FIG Artistic Gymnastics World Championships","AAfinal","Antwerp, Belgium",12.733,13.766,12.333,12.9,-0.26942536920934,1.08690586568235,0.450641548154004,0.715833456465775,"Belgium",FALSE,"Korea, South",FALSE
1437,"LEE","Yunseo","KOR","2023 52nd FIG Artistic Gymnastics World Championships","qual","Antwerp, Belgium",13.3,13.633,12.766,13,0.43954427737728,1.00420688482199,0.769300796969244,0.808193175828418,"Belgium",FALSE,"Korea, South",FALSE
1438,"LEITNER","Madelen","NOR","2022 Senior European Championships","qual","Munich, Germany",NA,NA,NA,11.3,NA,NA,NA,-0.761922053336512,"Germany",FALSE,"Norway",FALSE
1439,"LEON","Milca","VEN","2022 51st FIG Artistic Gymnastics World Championships","qual","Liverpool, England",12.2,11.766,9.666,11.7,-0.935881844748439,-0.156687831465889,-1.51209336313987,-0.392483175885942,"England",FALSE,"Venezuela",FALSE
1440,"LEON","Milca","VEN","2023 Central American and Caribbean Games","AAfinal","San Salvador, El Salvador",12.05,11.9,11.15,10.95,-1.12343995231104,-0.0733670537569569,-0.419967900687635,-1.08518107110576,"El Salvador",FALSE,"Venezuela",FALSE
1441,"LEON","Milca","VEN","2023 Central American and Caribbean Games","final","San Salvador, El Salvador",NA,12,8.45,NA,NA,-0.0111873688995453,-2.40698862078267,NA,"El Salvador",FALSE,"Venezuela",FALSE
1442,"LEON","Milca","VEN","2023 Central American and Caribbean Games","qual","San Salvador, El Salvador",12.4,12.5,12,11.15,-0.685804367998308,0.299711055387514,0.205575659342283,-0.900461632380477,"El Salvador",FALSE,"Venezuela",FALSE
1443,"LEON ANDRADE","Milca Andreina","VEN","2023 Artistic Gymnastics Senior Pan American Championships","TeamQual","Medellin, Colombia",12.033,10.733,9.6,10.967,-1.1446965378348,-0.799003976042953,-1.56066498074219,-1.06947991881411,"Colombia",FALSE,"Venezuela",FALSE
1444,"LEW","Myli","USA","2023 U.S. Championships","final","San Jose, CA",13.2,12.4,12.25,11.85,0.314505539002213,0.237531370530102,0.389559059351082,-0.253943596841977,"California",TRUE,"United States",FALSE
1445,"LEW","Myli","USA","2023 U.S. Championships","qual","San Jose, CA",13.15,13.9,13.05,12.1,0.251986169814681,1.17022664339128,0.978305939379241,-0.0230442984353695,"California",TRUE,"United States",FALSE
1446,"LEW","Myli","USA","2023 Winter Cup","AAfinal","Louisville, Kentucky",12.95,13.65,NA,NA,0.00190869306454961,1.01477743124775,NA,NA,"Kentucky",TRUE,"United States",FALSE
1447,"LEWIS","Lucy","GBR","2022 British Gymnastics Championships","final","Liverpool, England",NA,10.65,NA,NA,NA,-0.850613114474605,NA,NA,"England",FALSE,"England",TRUE
1448,"LEWIS","Lucy","GBR","2022 British Gymnastics Championships","qual","Liverpool, England",NA,12.6,NA,NA,NA,0.361890740244926,NA,NA,"England",FALSE,"England",TRUE
1449,"LEWIS","Lucy","GBR","2023 British Gymnastics Championships","qual","Liverpool, England",NA,11.45,11.9,11.65,NA,-0.353175635615311,0.131982299338763,-0.438663035567262,"England",FALSE,"England",TRUE
1450,"LIAO","Yi Chun","TPE","2023 52nd FIG Artistic Gymnastics World Championships","qual","Antwerp, Belgium",12.666,11.5,12.7,12.033,-0.353201323920634,-0.322085793186604,0.720729179366921,-0.0849253104083405,"Belgium",FALSE,"Taiwan",FALSE
1451,"LIAO","Yi-Chun","TPE","2023 10th Senior Artistic Gymnastics Asian Championships","final","Singapore",NA,NA,11.833,12.833,NA,NA,0.0826747481364049,0.653952444492804,"Singapore",FALSE,"Taiwan",FALSE
1452,"LIAO","Yi-Chun","TPE","2023 10th Senior Artistic Gymnastics Asian Championships","qual","Singapore",11.933,12.066,12.666,13.033,-1.26973527620986,0.029851223106347,0.695707436965725,0.838671883218089,"Singapore",FALSE,"Taiwan",FALSE
1453,"LIM","Kaitlyn","SGP","BIRMINGHAM 2022 Commonwealth Games","qual","Birmingham, England",NA,NA,11.4,11.05,NA,NA,-0.235984500678836,-0.99282135174312,"England",FALSE,"Singapore",FALSE
1454,"LIM","Kaitlyn","SGP","HANGZHOU 2022 19th Asian Games","AAfinal","Hangzhou, China",12.5,9.566,11.9,11.5,-0.560765629623243,-1.52464089832895,0.131982299338763,-0.577202614611227,"China",FALSE,"Singapore",FALSE
1455,"LIM","Kaitlyn","SGP","HANGZHOU 2022 19th Asian Games","final","Hangzhou, China",NA,NA,11.6,NA,NA,NA,-0.0887977806717965,NA,"China",FALSE,"Singapore",FALSE
1456,"LIM","Kaitlyn","SGP","HANGZHOU 2022 19th Asian Games","qual","Hangzhou, China",12.333,10.366,12.466,11.366,-0.769580322709602,-1.02720341946965,0.548520716958684,-0.700964638557169,"China",FALSE,"Singapore",FALSE
1457,"LIM","Kaitlyn","SIN","2023 10th Senior Artistic Gymnastics Asian Championships","qual","Singapore",12.333,10.7,12.1,11.433,-0.769580322709602,-0.8195232720459,0.279169019345802,-0.639083626584198,"Singapore",FALSE,"Singapore",TRUE
1458,"LIM","Sumin","KOR","HANGZHOU 2022 19th Asian Games","AAfinal","Hangzhou, China",12.7,11.1,12.433,12.933,-0.310688152873113,-0.570804532616252,0.524234908157523,0.746312163855447,"China",FALSE,"Korea, South",FALSE
1459,"LIM","Sumin","KOR","HANGZHOU 2022 19th Asian Games","final","Hangzhou, China",NA,NA,NA,12.8,NA,NA,NA,0.623473737103132,"China",FALSE,"Korea, South",FALSE
1460,"LIM","Sumin","KOR","HANGZHOU 2022 19th Asian Games","qual","Hangzhou, China",12.666,10.2,11.533,13.033,-0.353201323920634,-1.13042169633296,-0.138105331874155,0.838671883218089,"China",FALSE,"Korea, South",FALSE
1461,"LIMA","Ana Luiza","BRA","2023 Osijek World Challenge Cup","qual","Osijek, Croatia",NA,NA,10.8,NA,NA,NA,-0.677544660699954,NA,"Croatia",FALSE,"Brazil",FALSE
1462,"LIMA DE LIMA","Andreza Heloisa","BRA","2023 Artistic Gymnastics Senior Pan American Championships","TeamFinal","Medellin, Colombia",12.433,12.167,11.467,NA,-0.644541584334537,0.0926527048123324,-0.186676949476477,NA,"Colombia",FALSE,"Brazil",FALSE
1463,"LIMA DE LIMA","Andreza Heloisa","BRA","2023 Artistic Gymnastics Senior Pan American Championships","TeamQual","Medellin, Colombia",12.1,12.267,12.133,11.967,-1.0609205831235,0.154832389669744,0.303454828146963,-0.145882725187684,"Colombia",FALSE,"Brazil",FALSE
1464,"LIN","Yi","TPE","2023 FISU World University Games","qual","Chengdu, China",12.766,11.533,11.866,11.133,-0.228162585545567,-0.301566497183659,0.106960556937566,-0.916162784672128,"China",FALSE,"Taiwan",FALSE
1465,"LIN","Yi Chen","TPE","2023 52nd FIG Artistic Gymnastics World Championships","qual","Antwerp, Belgium",11.733,9.1,10.933,10.2,-1.51981275295999,-1.81439822976449,-0.579665491895273,-1.77787896632559,"Belgium",FALSE,"Taiwan",FALSE
1466,"LIN","Yi Chen","TPE","HANGZHOU 2022 19th Asian Games","qual","Hangzhou, China",12.666,11.433,11.6,11.8,-0.353201323920634,-0.363746182041071,-0.0887977806717965,-0.300123456523297,"China",FALSE,"Taiwan",FALSE
1467,"LIN","Yi-Chen","TPE","2023 10th Senior Artistic Gymnastics Asian Championships","qual","Singapore",12.433,11.566,NA,11.633,-0.644541584334537,-0.281047201180712,NA,-0.454364187858913,"Singapore",FALSE,"Taiwan",FALSE
1468,"LINCOLN","Kaliya","USA","2023 Core Hydration Classic","AAfinal","Hoffman Estates, Illinois",14.15,NA,12.95,14,1.50237355356533,NA,0.90471257937572,1.73179036945485,"Illinois",TRUE,"United States",FALSE
1469,"LINCOLN","Kaliya","USA","2023 U.S. Championships","final","San Jose, CA",13.9,9.9,12.95,14.05,1.18977670762767,-1.31696075090519,0.90471257937572,1.77797022913617,"California",TRUE,"United States",FALSE
1470,"LINCOLN","Kaliya","USA","2023 U.S. Championships","qual","San Jose, CA",14.1,12.3,13.25,14.35,1.4398541843778,0.175351685672691,1.12549265938628,2.0550493872241,"California",TRUE,"United States",FALSE
1471,"LINCOLN","Kaliya","USA","2023 Winter Cup","AAfinal","Louisville, Kentucky",13.5,12.95,11,13.6,0.689621754127409,0.579519637245867,-0.530357940692915,1.36235149200427,"Kentucky",TRUE,"United States",FALSE
1472,"LINCOLN","Kaliya","USA","SANTIAGO 2023 XIX Pan American Games","final","Santiago, Chile",NA,NA,13.166,14.233,NA,NA,1.06367423698332,1.94698851556981,"Chile",FALSE,"United States",FALSE
1473,"LINCOLN","Kaliya","USA","SANTIAGO 2023 XIX Pan American Games","qual","Santiago, Chile",NA,NA,13.233,13.8,NA,NA,1.11298178818568,1.54707093072956,"Chile",FALSE,"United States",FALSE
1474,"LINDSAY","Dixie","GBR","2022 British Gymnastics Championships","qual","Liverpool, England",12.35,10.75,9.85,11.65,-0.748323737185841,-0.788433429617193,-1.37668158073339,-0.438663035567262,"England",FALSE,"England",TRUE
1475,"LISTUNOVA","Viktoria","RUS","2022 Doha World Cup","final","Doha, Qatar",13.833,14.566,NA,NA,1.10600075291638,1.58434334454164,NA,NA,"Qatar",FALSE,"Russia",FALSE
1476,"LISTUNOVA","Viktoria","RUS","2022 Doha World Cup","qual","Doha, Qatar",13.866,14.7,10.966,NA,1.14726353658015,1.66766412225057,-0.555379683094112,NA,"Qatar",FALSE,"Russia",FALSE
1477,"LITTLE","Lauren","USA","2022 U.S. Classic","AAfinal","West Valley City, Utah",12.8,13.2,12.15,11.4,-0.185649414498046,0.734968849389396,0.315965699347563,-0.66956233397387,"Utah",TRUE,"United States",FALSE
1478,"LITTLE","Lauren","USA","2022 Winter Cup","AAfinal","Frisco, Texas",12.85,13.45,12.4,NA,-0.123130045310515,0.890418061532926,0.499949099356362,NA,"Texas",TRUE,"United States",FALSE
1479,"LLACER","Maia","ESP","2022 Paris World Challenge Cup","qual","Paris, France",NA,9.5,9.35,NA,NA,-1.56567949033484,-1.74464838075099,NA,"France",FALSE,"Spain",FALSE
1480,"LLACER","Maia","ESP","2023 Varna World Challenge Cup","final","Varna, Bulgaria",NA,12.6,NA,NA,NA,0.361890740244926,NA,NA,"Bulgaria",FALSE,"Spain",FALSE
1481,"LLACER SIRERA","Maia","ESP","2022 51st FIG Artistic Gymnastics World Championships","qual","Liverpool, England",NA,11.066,NA,12,NA,-0.591945625467771,NA,-0.115404017798012,"England",FALSE,"Spain",FALSE
1482,"LLACER SIRERA","Maia","ESP","2023 FISU World University Games","AAfinal","Chengdu, China",12.966,12.9,11.166,12.533,0.0219148912045601,0.548429794817161,-0.408192963087072,0.376873286404874,"China",FALSE,"Spain",FALSE
1483,"LLACER SIRERA","Maia","ESP","2023 FISU World University Games","final","Chengdu, China",NA,12.866,NA,11.633,NA,0.527288701965641,NA,-0.454364187858913,"China",FALSE,"Spain",FALSE
1484,"LLACER SIRERA","Maia","ESP","2023 FISU World University Games","qual","Chengdu, China",13.066,12.8,12.3,12.533,0.146953629579627,0.48625010995975,0.426355739352843,0.376873286404874,"China",FALSE,"Spain",FALSE
1485,"LLACER SIRERA","Maia","ESP","2023 Senior European Championships","qual","Antalya, Turkey",12.8,12.933,NA,NA,-0.185649414498046,0.568949090820107,NA,NA,"Turkey",FALSE,"Spain",FALSE
1486,"LLACER SIRERA","Maia","ESP","2023 Varna World Challenge Cup","qual","Varna, Bulgaria",NA,12.4,10.133,NA,NA,0.237531370530102,-1.16841237192343,NA,"Bulgaria",FALSE,"Spain",FALSE
1487,"LLOYD JONES","Maisie","GBR","2022 British Gymnastics Championships","qual","Liverpool, England",12.65,11.05,8.1,10.95,-0.373207522060645,-0.601894375044957,-2.66456538079499,-1.08518107110576,"England",FALSE,"England",TRUE
1488,"LOCHHEAD","Caitlin","GBR","2022 British Gymnastics Championships","qual","Liverpool, England",12.1,8.85,10.8,11.65,-1.0609205831235,-1.96984744190802,-0.677544660699954,-0.438663035567262,"England",FALSE,"England",TRUE
1489,"LOCMELE","Anna","LAT","2022 Senior European Championships","qual","Munich, Germany",11.833,6,9,9.466,-1.39477401458493,-3.74196846034426,-2.00222514076331,-2.45579930644739,"Germany",FALSE,"Latvia",FALSE
1490,"LOIKAS","Sara","FIN","2023 Varna World Challenge Cup","qual","Varna, Bulgaria",11.966,9.966,11.633,9.633,-1.22847249254609,-1.2759221588993,-0.0645119718706354,-2.30155857511177,"Bulgaria",FALSE,"Finland",FALSE
1491,"LOIKAS","Sara Sofia","FIN","2023 FISU World University Games","qual","Chengdu, China",11.933,10.233,11.766,11.2,-1.26973527620986,-1.10990240033001,0.0333671969340466,-0.854281772699157,"China",FALSE,"Finland",FALSE
1492,"LOPEZ","Kursten Rogue","PHI","HANGZHOU 2022 19th Asian Games","AAfinal","Hangzhou, China",12.166,10.033,11.366,10.766,-0.97839501579596,-1.23426177004484,-0.261006243080033,-1.25512295473303,"China",FALSE,"Philippines",FALSE
1493,"LOPEZ","Kursten Rogue","PHI","HANGZHOU 2022 19th Asian Games","qual","Hangzhou, China",NA,9.033,11.266,11.366,NA,-1.85605861861895,-0.334599603083552,-0.700964638557169,"China",FALSE,"Philippines",FALSE
1494,"LOPEZ","Louise","MEX","2023 Cairo World Cup","qual","Cairo, Egypt",NA,NA,10.3,11.4,NA,NA,-1.04551146071755,-0.66956233397387,"Egypt",FALSE,"Mexico",FALSE
1495,"LOPUSZANSKA","Wiktoria","POL","2022 Baku World Cup","qual","Baku, Azerbaijan",12.5,11.9,NA,NA,-0.560765629623243,-0.0733670537569569,NA,NA,"Azerbaijan",FALSE,"Poland",FALSE
1496,"LOPUSZANSKA","Wiktoria","POL","2022 Cottbus World Cup","final","Cottbus, Germany",12.7,NA,NA,NA,-0.310688152873113,NA,NA,NA,"Germany",FALSE,"Poland",FALSE
1497,"LOPUSZANSKA","Wiktoria","POL","2022 Cottbus World Cup","qual","Cottbus, Germany",12.833,NA,NA,NA,-0.144386630834276,NA,NA,NA,"Germany",FALSE,"Poland",FALSE
1498,"LOPUSZANSKA","Wiktoria","POL","2022 Koper World Challenge Cup","final","Koper, Slovenia",12.35,NA,NA,NA,-0.748323737185841,NA,NA,NA,"Slovenia",FALSE,"Poland",FALSE
1499,"LOPUSZANSKA","Wiktoria","POL","2022 Koper World Challenge Cup","qual","Koper, Slovenia",12.6,11.25,NA,NA,-0.435726891248178,-0.477535005330134,NA,NA,"Slovenia",FALSE,"Poland",FALSE
1500,"LOUON","Noemie","BEL","2022 Senior European Championships","qual","Munich, Germany",12.7,12.933,12.933,NA,-0.310688152873113,0.568949090820107,0.892201708175122,NA,"Germany",FALSE,"Belgium",FALSE
1501,"LOUON","Noemie","BEL","2022 Senior European Championships","TeamFinal","Munich, Germany",NA,NA,12.833,NA,NA,NA,0.818608348171603,NA,"Germany",FALSE,"Belgium",FALSE
1502,"LOUON","Noémie","BEL","2022 Paris World Challenge Cup","qual","Paris, France",NA,NA,11.75,10.85,NA,NA,0.0215922593334834,-1.17754079046841,"France",FALSE,"Belgium",FALSE
1503,"LOUSTALOT","Cassandra","MEX","2022 51st FIG Artistic Gymnastics World Championships","qual","Liverpool, England",12.466,NA,12.533,12.633,-0.603278800670766,NA,0.597828268161043,0.469233005767517,"England",FALSE,"Mexico",FALSE
1504,"LOUSTALOT","Cassandra","MEX","2023 52nd FIG Artistic Gymnastics World Championships","qual","Antwerp, Belgium",13.066,NA,12.3,12.866,0.146953629579627,NA,0.426355739352843,0.684431151882476,"Belgium",FALSE,"Mexico",FALSE
1505,"LOUSTALOT","Cassandra","MEX","2023 Artistic Gymnastics Senior Pan American Championships","TeamFinal","Medellin, Colombia",NA,NA,12.3,12.833,NA,NA,0.426355739352843,0.653952444492804,"Colombia",FALSE,"Mexico",FALSE
1506,"LOUSTALOT","Cassandra","MEX","2023 Artistic Gymnastics Senior Pan American Championships","TeamQual","Medellin, Colombia",12.4,NA,13.133,13,-0.685804367998308,NA,1.03938842818216,0.808193175828418,"Colombia",FALSE,"Mexico",FALSE
1507,"LOUSTALOT","Cassandra","MEX","2023 Central American and Caribbean Games","qual","San Salvador, El Salvador",12.65,NA,11.15,12.9,-0.373207522060645,NA,-0.419967900687635,0.715833456465775,"El Salvador",FALSE,"Mexico",FALSE
1508,"LOUSTALOT","Cassandra","MEX","SANTIAGO 2023 XIX Pan American Games","final","Santiago, Chile",NA,NA,13.3,NA,NA,NA,1.16228933938804,NA,"Chile",FALSE,"Mexico",FALSE
1509,"LOUSTALOT","Cassandra","MEX","SANTIAGO 2023 XIX Pan American Games","qual","Santiago, Chile",12.533,NA,12.666,10.9,-0.519502845959472,NA,0.695707436965725,-1.13136093078708,"Chile",FALSE,"Mexico",FALSE
1510,"LOWE","Eveylynn","USA","2023 Core Hydration Classic","AAfinal","Hoffman Estates, Illinois",13.6,12.75,12.45,12.55,0.814660492502474,0.455160267531044,0.536745779358121,0.392574438696525,"Illinois",TRUE,"United States",FALSE
1511,"LOWE","Eveylynn","USA","2023 U.S. Championships","final","San Jose, CA",13.8,13.15,12.8,13.05,1.06473796925261,0.703879006960691,0.794322539370442,0.85437303550974,"California",TRUE,"United States",FALSE
1512,"LOWE","Eveylynn","USA","2023 U.S. Championships","qual","San Jose, CA",13.75,12.9,12.35,12.7,1.00221860006507,0.548429794817161,0.463152419354602,0.531114017740488,"California",TRUE,"United States",FALSE
1513,"LOWE","Eveylynn","USA","2023 Winter Cup","AAfinal","Louisville, Kentucky",13.1,11.4,11.95,12.9,0.189466800627148,-0.384265478044016,0.168778979340522,0.715833456465775,"Kentucky",TRUE,"United States",FALSE
1514,"LUNDQVIST WINGREN","Malva","SWE","2022 51st FIG Artistic Gymnastics World Championships","qual","Liverpool, England",12.333,NA,NA,11.833,-0.769580322709602,NA,NA,-0.269644749133626,"England",FALSE,"Sweden",FALSE
1515,"LUO","Huan","CHN","2023 FISU World University Games","AAfinal","Chengdu, China",12.933,13.933,14.033,12.866,-0.0193478924592108,1.19074593939423,1.70172866821384,0.684431151882476,"China",FALSE,"China",TRUE
1516,"LUO","Huan","CHN","2023 FISU World University Games","final","Chengdu, China",NA,13,13.966,NA,NA,0.610609479674573,1.65242111701148,NA,"China",FALSE,"China",TRUE
1517,"LUO","Huan","CHN","2023 FISU World University Games","qual","Chengdu, China",13.2,14.2,13.7,12.666,0.314505539002213,1.35676569796351,1.45666277940212,0.49971171315719,"China",FALSE,"China",TRUE
1518,"LUO","Rui","CHN","2022 51st FIG Artistic Gymnastics World Championships","final","Liverpool, England",NA,13.8,NA,NA,NA,1.10804695853387,NA,NA,"England",FALSE,"China",FALSE
1519,"LUO","Rui","CHN","2022 51st FIG Artistic Gymnastics World Championships","qual","Liverpool, England",NA,14.9,10.766,NA,NA,1.7920234919654,-0.702566403101151,NA,"England",FALSE,"China",FALSE
1520,"LUO","Rui","CHN","2022 51st FIG Artistic Gymnastics World Championships","TeamFinal","Liverpool, England",NA,14.4,12.4,NA,NA,1.48112506767834,0.499949099356362,NA,"England",FALSE,"China",FALSE
1521,"MACASU","Samantha Ann","PHI","HANGZHOU 2022 19th Asian Games","qual","Hangzhou, China",NA,10.666,NA,NA,NA,-0.840664364897419,NA,NA,"China",FALSE,"Philippines",FALSE
1522,"MACIAS","Sira","ARG","2022 51st FIG Artistic Gymnastics World Championships","qual","Liverpool, England",12.766,12.733,NA,12.033,-0.228162585545569,0.444589721105284,NA,-0.0849253104083405,"England",FALSE,"Argentina",FALSE
1523,"MACIAS","Sira","ARG","2022 Paris World Challenge Cup","qual","Paris, France",NA,11.15,NA,11.8,NA,-0.539714690187546,NA,-0.300123456523297,"France",FALSE,"Argentina",FALSE
1524,"MACIAS","Sira","ARG","2023 Artistic Gymnastics Senior Pan American Championships","TeamFinal","Medellin, Colombia",12.967,11.7,NA,NA,0.0231652785883122,-0.197726423471781,NA,NA,"Colombia",FALSE,"Argentina",FALSE
1525,"MACIAS","Sira","ARG","2023 Artistic Gymnastics Senior Pan American Championships","TeamQual","Medellin, Colombia",10.9,13.033,NA,NA,-2.56138544362429,0.631128775677519,NA,NA,"Colombia",FALSE,"Argentina",FALSE
1526,"MADER","Jasmin","AUT","2022 51st FIG Artistic Gymnastics World Championships","qual","Liverpool, England",12.8,12.333,11.233,12.9,-0.185649414498046,0.195870981675636,-0.358885411884713,0.715833456465775,"England",FALSE,"Austria",FALSE
1527,"MADER","Jasmin","AUT","2022 Paris World Challenge Cup","qual","Paris, France",NA,11.15,10.45,12.45,NA,-0.539714690187546,-0.935121420712274,0.300214719333881,"France",FALSE,"Austria",FALSE
1528,"MADER","Jasmin","AUT","2022 Senior European Championships","qual","Munich, Germany",12.333,12.066,11.866,12.433,-0.769580322709602,0.029851223106347,0.106960556937566,0.284513567042232,"Germany",FALSE,"Austria",FALSE
1529,"MADER","Jasmin","AUT","2022 Varna World Challenge Cup","final","Varna, Bulgaria",NA,11.95,NA,NA,NA,-0.0422772113282516,NA,NA,"Bulgaria",FALSE,"Austria",FALSE
1530,"MADER","Jasmin","AUT","2022 Varna World Challenge Cup","qual","Varna, Bulgaria",NA,12.6,11.9,NA,NA,0.361890740244926,0.131982299338763,NA,"Bulgaria",FALSE,"Austria",FALSE
1531,"MADER","Jasmin","AUT","2023 Cairo World Cup","qual","Cairo, Egypt",NA,12.1,NA,NA,NA,0.0509923159578664,NA,NA,"Egypt",FALSE,"Austria",FALSE
1532,"MADSØ","Julie","NOR","2022 Osijek World Challenge Cup","final","Osijek, Croatia",NA,NA,12.166,NA,NA,NA,0.327740636948126,NA,"Croatia",FALSE,"Norway",FALSE
1533,"MADSØ","Julie","NOR","2022 Osijek World Challenge Cup","qual","Osijek, Croatia",NA,11.933,12.633,11.4,NA,-0.0528477577540113,0.671421628164562,-0.66956233397387,"Croatia",FALSE,"Norway",FALSE
1534,"MADSØ","Julie","NOR","2022 Varna World Challenge Cup","final","Varna, Bulgaria",NA,NA,11.85,NA,NA,NA,0.0951856193370029,NA,"Bulgaria",FALSE,"Norway",FALSE
1535,"MADSØ","Julie","NOR","2022 Varna World Challenge Cup","qual","Varna, Bulgaria",NA,12.05,12.35,12.45,NA,0.0199024735291611,0.463152419354602,0.300214719333881,"Bulgaria",FALSE,"Norway",FALSE
1536,"MADSOE","Julie","NOR","2022 Senior European Championships","qual","Munich, Germany",12.933,10.8,11.566,11.133,-0.0193478924592108,-0.757343587188487,-0.113819523072992,-0.916162784672128,"Germany",FALSE,"Norway",FALSE
1537,"MAEKELAE","Sani","FIN","2022 51st FIG Artistic Gymnastics World Championships","qual","Liverpool, England",12.166,11.1,10.366,11.733,-0.97839501579596,-0.570804532616252,-0.99693984311523,-0.362004468496268,"England",FALSE,"Finland",FALSE
1538,"MAEKELAE","Sani","FIN","2022 Senior European Championships","qual","Munich, Germany",13.266,12.866,11.3,12.233,0.397031106329757,0.527288701965641,-0.309577860682355,0.0997941283169464,"Germany",FALSE,"Finland",FALSE
1539,"MAEKELAE","Sani","FIN","2023 Doha World Cup","qual","Doha, Qatar",12.533,9.933,11.066,NA,-0.519502845959472,-1.29644145490225,-0.481786323090591,NA,"Qatar",FALSE,"Finland",FALSE
1540,"MAFES KELLY","Olivia Reagan","BAR","2023 Artistic Gymnastics Senior Pan American Championships","TeamQual","Medellin, Colombia",12.867,11.867,12.267,12.467,-0.101873459786753,-0.0938863497599025,0.40206993055168,0.315915871625531,"Colombia",FALSE,"Barbados",FALSE
1541,"MAGGIO","Martina","ITA","2022 51st FIG Artistic Gymnastics World Championships","AAfinal","Liverpool, England",14.033,12.8,13.033,13.866,1.35607822966651,0.48625010995975,0.965795068178642,1.60802834550891,"England",FALSE,"Italy",FALSE
1542,"MAGGIO","Martina","ITA","2022 51st FIG Artistic Gymnastics World Championships","final","Liverpool, England",NA,NA,NA,13.533,NA,NA,NA,1.3004704800313,"England",FALSE,"Italy",FALSE
1543,"MAGGIO","Martina","ITA","2022 51st FIG Artistic Gymnastics World Championships","qual","Liverpool, England",14.2,14.2,12.9,13.5,1.56489292275286,1.35676569796351,0.867915899373961,1.26999177264163,"England",FALSE,"Italy",FALSE
1544,"MAGGIO","Martina","ITA","2022 51st FIG Artistic Gymnastics World Championships","TeamFinal","Liverpool, England",13.866,11.7,12.9,13.966,1.14726353658015,-0.197726423471781,0.867915899373961,1.70038806487155,"England",FALSE,"Italy",FALSE
1545,"MAGGIO","Martina","ITA","2022 Senior European Championships","final","Munich, Germany",NA,NA,13.233,13.933,NA,NA,1.11298178818568,1.66990935748188,"Germany",FALSE,"Italy",FALSE
1546,"MAGGIO","Martina","ITA","2022 Senior European Championships","qual","Munich, Germany",13.666,13.066,13.4,13.833,0.897186059830018,0.651648071680465,1.23588269939156,1.57754963811923,"Germany",FALSE,"Italy",FALSE
1547,"MAGGIO","Martina","ITA","2022 Senior European Championships","TeamFinal","Munich, Germany",13.633,NA,13.066,13.733,0.855923276166245,NA,0.990080876979804,1.48518991875659,"Germany",FALSE,"Italy",FALSE
1548,"MAGGIO","Martina","ITA","2023 Cottbus World Cup","final","Cottbus, Germany",NA,NA,13.066,NA,NA,NA,0.990080876979804,NA,"Germany",FALSE,"Italy",FALSE
1549,"MAGGIO","Martina","ITA","2023 Cottbus World Cup","qual","Cottbus, Germany",NA,NA,13.033,NA,NA,NA,0.965795068178642,NA,"Germany",FALSE,"Italy",FALSE
1550,"MAHMOUD","Jana","EGY","2022 Cairo World Cup","qual","Cairo, Egypt",13.066,NA,NA,10.833,0.146953629579627,NA,NA,-1.19324194276006,"Egypt",FALSE,"Egypt",TRUE
1551,"MAHMOUD","Jana","EGY","2023 52nd FIG Artistic Gymnastics World Championships","qual","Antwerp, Belgium",NA,11.533,NA,NA,NA,-0.301566497183659,NA,NA,"Belgium",FALSE,"Egypt",FALSE
1552,"MAHMOUD","Jana","EGY","2023 Baku World Cup","qual","Baku, Azerbaijan",NA,11.966,11.5,NA,NA,-0.0323284617510657,-0.162391140675316,NA,"Azerbaijan",FALSE,"Egypt",FALSE
1553,"MAHMOUD","Jana","EGY","2023 Doha World Cup","final","Doha, Qatar",NA,8.566,NA,NA,NA,-2.14643774690307,NA,NA,"Qatar",FALSE,"Egypt",FALSE
1554,"MAHMOUD","Jana","EGY","2023 Doha World Cup","qual","Doha, Qatar",NA,12.466,11.033,NA,NA,0.278569962535993,-0.506072131891754,NA,"Qatar",FALSE,"Egypt",FALSE
1555,"MAI","Liu Hsiang-Han","TPE","2022 9th Senior Artistic Gymnastics Asian Championships","final","Doha, Qatar",NA,12.067,NA,NA,NA,0.0304730199549208,NA,NA,"Qatar",FALSE,"Taiwan",FALSE
1556,"MAI","Liu Hsiang-Han","TPE","2022 9th Senior Artistic Gymnastics Asian Championships","qual","Doha, Qatar",NA,12.733,12.533,11.667,NA,0.444589721105284,0.597828268161043,-0.422961883275613,"Qatar",FALSE,"Taiwan",FALSE
1557,"MAI LIU","Hsiang Han","TPE","2022 51st FIG Artistic Gymnastics World Championships","qual","Liverpool, England",12.266,11.733,11.766,12.166,-0.853356277420896,-0.177207127468835,0.0333671969340466,0.0379131163439755,"England",FALSE,"Taiwan",FALSE
1558,"MAIA","Luisa","BRA","EnBW DTB Pokal Team Challenge 2023","qual","Stuttgart, Germany",13,NA,11.7,12.35,0.0644280622520831,NA,-0.015204420668277,0.207854999971238,"Germany",FALSE,"Brazil",FALSE
1559,"MAKAI","Lilla","HUN","2022 Osijek World Challenge Cup","qual","Osijek, Croatia",NA,11.2,11.6,NA,NA,-0.50862484775884,-0.0887977806717965,NA,"Croatia",FALSE,"Hungary",FALSE
1560,"MAKAI","Lilla","HUN","2022 Szombathely World Challenge Cup","final","Szombathely, Hungary",NA,12.266,NA,NA,NA,0.15421059282117,NA,NA,"Hungary",FALSE,"Hungary",TRUE
1561,"MAKAI","Lilla","HUN","2022 Szombathely World Challenge Cup","qual","Szombathely, Hungary",NA,12.433,NA,NA,NA,0.258050666533048,NA,NA,"Hungary",FALSE,"Hungary",TRUE
1562,"MAKAI","Lilla","HUN","2023 Tel Aviv World Challenge Cup","final","Tel Aviv, Israel",NA,8.033,11.267,NA,NA,-2.47785546719307,-0.333863669483517,NA,"Israel",FALSE,"Hungary",FALSE
1563,"MAKAI","Lilla","HUN","2023 Tel Aviv World Challenge Cup","qual","Tel Aviv, Israel",NA,12.833,12.567,11.467,NA,0.506769405962695,0.62285001056224,-0.607681322000899,"Israel",FALSE,"Hungary",FALSE
1564,"MAKAI","Lilla","HUN","2023 Varna World Challenge Cup","qual","Varna, Bulgaria",NA,12.133,12.166,11.533,NA,0.0715116119608119,0.327740636948126,-0.546723907221555,"Bulgaria",FALSE,"Hungary",FALSE
1565,"MÄKELÄ","Sani","FIN","2022 Koper World Challenge Cup","final","Koper, Slovenia",13.25,NA,NA,NA,0.377024908189746,NA,NA,NA,"Slovenia",FALSE,"Finland",FALSE
1566,"MÄKELÄ","Sani","FIN","2022 Koper World Challenge Cup","qual","Koper, Slovenia",13.15,12.45,11.1,NA,0.251986169814681,0.268621212958808,-0.456764580689395,NA,"Slovenia",FALSE,"Finland",FALSE
1567,"MÄKELÄ","Sani","FIN","2022 Paris World Challenge Cup","qual","Paris, France",13.35,11.1,NA,NA,0.502063646564811,-0.570804532616252,NA,NA,"France",FALSE,"Finland",FALSE
1568,"MAKOVICKOVA","Patricie","CZE","2023 Cairo World Cup","final","Cairo, Egypt",12.5,NA,NA,NA,-0.560765629623243,NA,NA,NA,"Egypt",FALSE,"Czech Republic",FALSE
1569,"MAKOVICKOVA","Patricie","CZE","2023 Cairo World Cup","qual","Cairo, Egypt",12.633,NA,NA,10.9,-0.394464107584407,NA,NA,-1.13136093078708,"Egypt",FALSE,"Czech Republic",FALSE
1570,"MAKOVICKOVA","Patricie","CZE","2023 Doha World Cup","final","Doha, Qatar",12.733,NA,NA,NA,-0.26942536920934,NA,NA,NA,"Qatar",FALSE,"Czech Republic",FALSE
1571,"MAKOVICKOVA","Patricie","CZE","2023 Doha World Cup","qual","Doha, Qatar",12.766,NA,10.633,10.7,-0.228162585545569,NA,-0.800445571905833,-1.31608036951237,"Qatar",FALSE,"Czech Republic",FALSE
1572,"MAKOVITS","Mirtill","HUN","2022 Senior European Championships","qual","Munich, Germany",12.1,13.066,11.4,12.033,-1.0609205831235,0.651648071680465,-0.235984500678836,-0.0849253104083405,"Germany",FALSE,"Hungary",FALSE
1573,"MAKOVITS","Mirtill","HUN","2022 Senior European Championships","TeamFinal","Munich, Germany",NA,12.966,12.266,11.833,NA,0.589468386823053,0.401333996951645,-0.269644749133626,"Germany",FALSE,"Hungary",FALSE
1574,"MAKOVITS","Mirtill","HUN","2022 Szombathely World Challenge Cup","final","Szombathely, Hungary",NA,NA,11.3,NA,NA,NA,-0.309577860682355,NA,"Hungary",FALSE,"Hungary",TRUE
1575,"MAKOVITS","Mirtill","HUN","2022 Szombathely World Challenge Cup","qual","Szombathely, Hungary",NA,NA,12.066,10.833,NA,NA,0.254147276944606,-1.19324194276006,"Hungary",FALSE,"Hungary",TRUE
1576,"MAKOVITS","Mirtill","HUN","2022 Varna World Challenge Cup","final","Varna, Bulgaria",NA,12.6,NA,NA,NA,0.361890740244926,NA,NA,"Bulgaria",FALSE,"Hungary",FALSE
1577,"MAKOVITS","Mirtill","HUN","2022 Varna World Challenge Cup","qual","Varna, Bulgaria",NA,13,10.55,NA,NA,0.610609479674573,-0.861528060708753,NA,"Bulgaria",FALSE,"Hungary",FALSE
1578,"MALABUYO","Emma","PHI","2023 10th Senior Artistic Gymnastics Asian Championships","final","Singapore",NA,NA,12.166,13.166,NA,NA,0.327740636948126,0.961510309970405,"Singapore",FALSE,"Philippines",FALSE
1579,"MALABUYO","Emma","PHI","2023 10th Senior Artistic Gymnastics Asian Championships","qual","Singapore",NA,NA,12.3,13.033,NA,NA,0.426355739352843,0.838671883218089,"Singapore",FALSE,"Philippines",FALSE
1581,"MALEWSKI","Emma Leonie","GER","2022 51st FIG Artistic Gymnastics World Championships","qual","Liverpool, England",NA,13.333,12.933,12.666,NA,0.817667830249755,0.892201708175122,0.49971171315719,"England",FALSE,"Germany",FALSE
1582,"MALEWSKI","Emma Leonie","GER","2022 Senior European Championships","final","Munich, Germany",NA,NA,13.466,NA,NA,NA,1.28445431699388,NA,"Germany",FALSE,"Germany",TRUE
1583,"MALEWSKI","Emma Leonie","GER","2022 Senior European Championships","qual","Munich, Germany",12.966,13.1,13.5,12.466,0.0219148912045601,0.672789164531985,1.30947605939508,0.314992274431903,"Germany",FALSE,"Germany",TRUE
1584,"MALEWSKI","Emma Leonie","GER","2022 Senior European Championships","TeamFinal","Munich, Germany",NA,13.1,12.7,NA,NA,0.672789164531985,0.720729179366921,NA,"Germany",FALSE,"Germany",TRUE
1585,"MALEWSKI","Emma Leonie","GER","2023 Doha World Cup","final","Doha, Qatar",NA,NA,13.233,NA,NA,NA,1.11298178818568,NA,"Qatar",FALSE,"Germany",FALSE
1586,"MALEWSKI","Emma Leonie","GER","2023 Doha World Cup","qual","Doha, Qatar",NA,12.266,13.733,NA,NA,0.15421059282117,1.48094858820328,NA,"Qatar",FALSE,"Germany",FALSE
1587,"MALEWSKI","Emma Leonie","GER","2023 Senior European Championships","qual","Antalya, Turkey",NA,12.766,11.8,12.533,NA,0.465109017108229,0.0583889393352438,0.376873286404874,"Turkey",FALSE,"Germany",FALSE
1588,"MANDRIOTA","Veronica","ITA","2022 51st FIG Artistic Gymnastics World Championships","qual","Liverpool, England",13.7,NA,NA,12.933,0.939699230877539,NA,NA,0.746312163855447,"England",FALSE,"Italy",FALSE
1589,"MANECA VOINEA","Sabrina","ROU","2023 52nd FIG Artistic Gymnastics World Championships","final","Antwerp, Belgium",NA,NA,NA,13.766,NA,NA,NA,1.51566862614626,"Belgium",FALSE,"Romania",FALSE
1590,"MANECA VOINEA","Sabrina","ROU","2023 52nd FIG Artistic Gymnastics World Championships","qual","Antwerp, Belgium",NA,NA,13.666,13.666,NA,NA,1.43164103700092,1.42330890678362,"Belgium",FALSE,"Romania",FALSE
1591,"MANECA VOINEA","Sabrina","ROU","2023 Doha World Cup","final","Doha, Qatar",13.733,NA,13.766,13.6,0.980962014541312,NA,1.50523439700444,1.36235149200427,"Qatar",FALSE,"Romania",FALSE
1592,"MANECA VOINEA","Sabrina","ROU","2023 Doha World Cup","qual","Doha, Qatar",13.766,10.933,12.966,13.266,1.02222479820508,-0.67464460632813,0.916487516976283,1.05387002933305,"Qatar",FALSE,"Romania",FALSE
1593,"MANECA VOINEA","Sabrina","ROU","2023 Senior European Championships","final","Antalya, Turkey",13.8,NA,NA,13.566,1.06473796925261,NA,NA,1.33094918742098,"Turkey",FALSE,"Romania",FALSE
1594,"MANECA VOINEA","Sabrina","ROU","2023 Senior European Championships","qual","Antalya, Turkey",13.6,10.633,10.3,13.7,0.814660492502474,-0.861183660900366,-1.04551146071755,1.45471121136692,"Turkey",FALSE,"Romania",FALSE
1595,"MANSER","Violet","GBR","2022 British Gymnastics Championships","qual","Liverpool, England",10.6,NA,8.65,10.1,-2.93650165874948,NA,-2.25980190077563,-1.87023868568823,"England",FALSE,"England",TRUE
1596,"MANZANO","Ancilla Lucia Mari","PHI","HANGZHOU 2022 19th Asian Games","final","Hangzhou, China",12.166,NA,NA,NA,-0.97839501579596,NA,NA,NA,"China",FALSE,"Philippines",FALSE
1597,"MANZANO","Ancilla Lucia Mari","PHI","HANGZHOU 2022 19th Asian Games","qual","Hangzhou, China",12.8,NA,9.4,11.7,-0.185649414498046,NA,-1.70785170074923,-0.392483175885942,"China",FALSE,"Philippines",FALSE
1598,"MANZANO","Charlie","PHI","2023 10th Senior Artistic Gymnastics Asian Championships","qual","Singapore",12.033,NA,9.066,8.033,-1.1446965378348,NA,-1.95365352316099,-3.77931408491406,"Singapore",FALSE,"Philippines",FALSE
1602,"MARACHA","Jea Brittany","GBR","2022 British Gymnastics Championships","final","Liverpool, England",NA,NA,12.6,NA,NA,NA,0.647135819363401,NA,"England",FALSE,"England",TRUE
1603,"MARACHA","Jea Brittany","GBR","2022 British Gymnastics Championships","qual","Liverpool, England",12.35,12.05,12.2,12.25,-0.748323737185841,0.0199024735291611,0.352762379349322,0.115495280608595,"England",FALSE,"England",TRUE
1604,"MARACHA","Jea Brittany","GBR","2023 British Gymnastics Championships","qual","Liverpool, England",12.85,11.05,11.2,10.85,-0.123130045310515,-0.601894375044957,-0.383171220685876,-1.17754079046841,"England",FALSE,"England",TRUE
1605,"MARAGKOU","Konstantina","GRE","2022 51st FIG Artistic Gymnastics World Championships","qual","Liverpool, England",NA,9.7,NA,NA,NA,-1.44132012062002,NA,NA,"England",FALSE,"Greece",FALSE
1606,"MARAGKOU","Konstantina","GRE","2022 Cottbus World Cup","qual","Cottbus, Germany",NA,8.633,NA,NA,NA,-2.1047773580486,NA,NA,"Germany",FALSE,"Greece",FALSE
1607,"MARAGKOU","Konstantina","GRE","2022 Senior European Championships","qual","Munich, Germany",NA,10.433,11.1,11.3,NA,-0.985543030615189,-0.456764580689395,-0.761922053336512,"Germany",FALSE,"Greece",FALSE
1608,"MARIHUAN","Antonia","CHI","2022 51st FIG Artistic Gymnastics World Championships","qual","Liverpool, England",NA,10.833,8.466,NA,NA,-0.736824291185541,-2.39521368318211,NA,"England",FALSE,"Chile",FALSE
1609,"MARIHUAN","Antonia","CHI","SANTIAGO 2023 XIX Pan American Games","qual","Santiago, Chile",NA,11.133,9.233,11.233,NA,-0.550285236613307,-1.83075261195511,-0.823803065309483,"Chile",FALSE,"Chile",TRUE
1610,"MARIHUAN RUBIO","Antonia","CHI","2023 Artistic Gymnastics Senior Pan American Championships","TeamQual","Medellin, Colombia",12.167,NA,NA,NA,-0.97714462841221,NA,NA,NA,"Colombia",FALSE,"Chile",FALSE
1611,"MARIKOVA","Lucie","CZE","2022 Osijek World Challenge Cup","qual","Osijek, Croatia",NA,11.033,11.533,NA,NA,-0.612464921470718,-0.138105331874155,NA,"Croatia",FALSE,"Czech Republic",FALSE
1612,"MARIKOVA","Lucie","CZE","2022 Senior European Championships","qual","Munich, Germany",NA,11.133,NA,NA,NA,-0.550285236613307,NA,NA,"Germany",FALSE,"Czech Republic",FALSE
1613,"MAROIS","Sophie","CAN","2022 Cairo World Cup","qual","Cairo, Egypt",NA,NA,9.133,NA,NA,NA,-1.90434597195863,NA,"Egypt",FALSE,"Canada",FALSE
1614,"MAROIS","Sophie","CAN","2022 Koper World Challenge Cup","final","Koper, Slovenia",NA,NA,11.25,NA,NA,NA,-0.346374540684115,NA,"Slovenia",FALSE,"Canada",FALSE
1615,"MAROIS","Sophie","CAN","2022 Koper World Challenge Cup","qual","Koper, Slovenia",12.75,12.1,11.65,NA,-0.24816878368558,0.0509923159578664,-0.0520011006700361,NA,"Slovenia",FALSE,"Canada",FALSE
1616,"MARSHALL","Madeleine","GBR","2022 British Gymnastics Championships","qual","Liverpool, England",12.4,10.6,11.5,11.45,-0.685804367998308,-0.881702956903311,-0.162391140675316,-0.623382474292549,"England",FALSE,"England",TRUE
1617,"MARSHALL","Madeleine","NZL","2023 52nd FIG Artistic Gymnastics World Championships","qual","Antwerp, Belgium",12.7,10.833,11.466,11.533,-0.310688152873113,-0.736824291185541,-0.187412883076513,-0.546723907221555,"Belgium",FALSE,"New Zealand",FALSE
1618,"MARSHALL","Madeleine","NZL","2023 Baku World Cup","qual","Baku, Azerbaijan",11.633,NA,11.233,12.033,-1.64485149133506,NA,-0.358885411884713,-0.0849253104083405,"Azerbaijan",FALSE,"New Zealand",FALSE
1619,"MARSHALL","Madeleine","NZL","2023 Cottbus World Cup","qual","Cottbus, Germany",12.166,NA,10.566,9.733,-0.97839501579596,NA,-0.84975312310819,-2.20919885574913,"Germany",FALSE,"New Zealand",FALSE
1620,"MARSHALL","Madeleine","NZL","2023 Doha World Cup","qual","Doha, Qatar",11.6,NA,11.633,11.633,-1.68611427499883,NA,-0.0645119718706354,-0.454364187858913,"Qatar",FALSE,"New Zealand",FALSE
1621,"MARTINEZ","Getsemary","VEN","2023 Central American and Caribbean Games","qual","San Salvador, El Salvador",11.6,10.6,9.7,11.3,-1.68611427499883,-0.881702956903311,-1.48707162073867,-0.761922053336512,"El Salvador",FALSE,"Venezuela",FALSE
1622,"MARTINEZ","Leila","ARG","2022 51st FIG Artistic Gymnastics World Championships","qual","Liverpool, England",12.666,NA,10.8,12.1,-0.353201323920634,NA,-0.677544660699954,-0.0230442984353695,"England",FALSE,"Argentina",FALSE
1623,"MARTINEZ","Leila","ARG","2022 Paris World Challenge Cup","qual","Paris, France",NA,NA,11.55,NA,NA,NA,-0.125594460673556,NA,"France",FALSE,"Argentina",FALSE
1624,"MARTINEZ","Leila","ARG","2023 52nd FIG Artistic Gymnastics World Championships","qual","Antwerp, Belgium",12.4,NA,11.5,NA,-0.685804367998308,NA,-0.162391140675316,NA,"Belgium",FALSE,"Argentina",FALSE
1625,"MARTINEZ","Leila","ARG","SANTIAGO 2023 XIX Pan American Games","qual","Santiago, Chile",12,11.866,11.366,10.233,-1.18595932149857,-0.0945081466084774,-0.261006243080033,-1.74740025893591,"Chile",FALSE,"Argentina",FALSE
1626,"MARTINEZ","Victor","VEN","2023 Central American and Caribbean Games","qual","San Salvador, El Salvador",11.6,NA,NA,NA,-1.68611427499883,NA,NA,NA,"El Salvador",FALSE,"Venezuela",FALSE
1627,"MARTINEZ FIGUERA","Getsemary Auxiliadora","VEN","2023 Artistic Gymnastics Senior Pan American Championships","TeamQual","Medellin, Colombia",11.8,11.067,7.733,10.8,-1.4360367982487,-0.591323828619198,-2.93465301200791,-1.22372065014973,"Colombia",FALSE,"Venezuela",FALSE
1628,"MARTINS","Filipa","POR","2022 Senior European Championships","qual","Munich, Germany",NA,11.633,NA,NA,NA,-0.239386812326247,NA,NA,"Germany",FALSE,"Portugal",FALSE
1629,"MARTINS","Filipa","POR","2023 52nd FIG Artistic Gymnastics World Championships","AAfinal","Antwerp, Belgium",12.866,13.433,12.566,12.733,-0.103123847170505,0.879847515107166,0.622114076962205,0.561592725130161,"Belgium",FALSE,"Portugal",FALSE
1630,"MARTINS","Filipa","POR","2023 52nd FIG Artistic Gymnastics World Championships","qual","Antwerp, Belgium",13.166,13.333,12.633,12.833,0.271992367954692,0.817667830249755,0.671421628164562,0.653952444492804,"Belgium",FALSE,"Portugal",FALSE
1631,"MARTINS","Filipa","POR","2023 Baku World Cup","final","Baku, Azerbaijan",NA,12.9,NA,NA,NA,0.548429794817161,NA,NA,"Azerbaijan",FALSE,"Portugal",FALSE
1632,"MARTINS","Filipa","POR","2023 Baku World Cup","qual","Baku, Azerbaijan",NA,12.933,11.633,NA,NA,0.568949090820107,-0.0645119718706354,NA,"Azerbaijan",FALSE,"Portugal",FALSE
1633,"MARTINS","Filipa","POR","2023 Cottbus World Cup","final","Cottbus, Germany",NA,NA,13.133,NA,NA,NA,1.03938842818216,NA,"Germany",FALSE,"Portugal",FALSE
1634,"MARTINS","Filipa","POR","2023 Cottbus World Cup","qual","Cottbus, Germany",NA,11.566,13,NA,NA,-0.281047201180712,0.941509259377481,NA,"Germany",FALSE,"Portugal",FALSE
1635,"MARTINS","Filipa","POR","2023 Senior European Championships","qual","Antalya, Turkey",13.3,12.033,9.4,12.7,0.43954427737728,0.00933192710340031,-1.70785170074923,0.531114017740488,"Turkey",FALSE,"Portugal",FALSE
1636,"MASFERRER","Laia","ESP","2022 51st FIG Artistic Gymnastics World Championships","qual","Liverpool, England",12.866,NA,11.733,NA,-0.103123847170505,NA,0.00908138813288544,NA,"England",FALSE,"Spain",FALSE
1637,"MASFERRER","Laia","ESP","2023 Cottbus World Cup","qual","Cottbus, Germany",NA,11.3,12.666,NA,NA,-0.446445162901428,0.695707436965725,NA,"Germany",FALSE,"Spain",FALSE
1638,"MASFERRER","Laia","ESP","2023 Tel Aviv World Challenge Cup","final","Tel Aviv, Israel",12.867,11.5,NA,NA,-0.101873459786753,-0.322085793186604,NA,NA,"Israel",FALSE,"Spain",FALSE
1639,"MASFERRER","Laia","ESP","2023 Tel Aviv World Challenge Cup","qual","Tel Aviv, Israel",12.967,11.667,NA,11.7,0.0231652785883122,-0.218245719474727,NA,-0.392483175885942,"Israel",FALSE,"Spain",FALSE
1640,"MASUI","Misaki","JPN","HANGZHOU 2022 19th Asian Games","final","Hangzhou, China",NA,NA,12.366,12.633,NA,NA,0.474927356955165,0.469233005767517,"China",FALSE,"Japan",FALSE
1641,"MASUI","Misaki","JPN","HANGZHOU 2022 19th Asian Games","qual","Hangzhou, China",13.133,12.1,13.266,12.7,0.230729584290919,0.0509923159578664,1.13726759698684,0.531114017740488,"China",FALSE,"Japan",FALSE
1642,"MATSUDA","Touwa","JPN","2022 9th Senior Artistic Gymnastics Asian Championships","qual","Doha, Qatar",NA,11.9,NA,9.9,NA,-0.0733670537569569,NA,-2.05495812441351,"Qatar",FALSE,"Japan",FALSE
1643,"MATTHEWS","Nola","USA","2022 U.S. Championships","final","Tampa, FL",12.95,14.05,12.5,12.2,0.00190869306454961,1.2634961706774,0.573542459359882,0.0693154209272731,"FL",FALSE,"United States",FALSE
1644,"MATTHEWS","Nola","USA","2022 U.S. Championships","qual","Tampa, FL",13.1,13.75,11.95,12.35,0.189466800627148,1.07695711610516,0.168778979340522,0.207854999971238,"FL",FALSE,"United States",FALSE
1645,"MATTHEWS","Nola","USA","2022 U.S. Classic","AAfinal","West Valley City, Utah",13,13.9,12.5,11.7,0.0644280622520831,1.17022664339128,0.573542459359882,-0.392483175885942,"Utah",TRUE,"United States",FALSE
1646,"MATTHEWS","Nola","USA","2022 Winter Cup","AAfinal","Frisco, Texas",12.85,13.95,13.05,12.8,-0.123130045310515,1.20131648581999,0.978305939379241,0.623473737103132,"Texas",TRUE,"United States",FALSE
1647,"MATTHEWS","Nola","USA","2023 Core Hydration Classic","AAfinal","Hoffman Estates, Illinois",13.05,13.9,13.3,13.3,0.126947431439617,1.17022664339128,1.16228933938804,1.08527233391635,"Illinois",TRUE,"United States",FALSE
1648,"MATTHEWS","Nola","USA","2023 U.S. Championships","final","San Jose, CA",13.2,14.05,12.45,13.2,0.314505539002213,1.2634961706774,0.536745779358121,0.992912614553703,"California",TRUE,"United States",FALSE
1649,"MATTHEWS","Nola","USA","2023 U.S. Championships","qual","San Jose, CA",13.15,12.4,13,13.4,0.251986169814681,0.237531370530102,0.941509259377481,1.17763205327899,"California",TRUE,"United States",FALSE
1650,"MATTHEWS","Nola","USA","2023 Winter Cup","AAfinal","Louisville, Kentucky",13.25,13.45,12.7,13.2,0.377024908189746,0.890418061532926,0.720729179366921,0.992912614553703,"Kentucky",TRUE,"United States",FALSE
1651,"MATTHEWS","Nola","USA","EnBW DTB Pokal Team Challenge 2023","qual","Stuttgart, Germany",13.1,13.65,13.2,12.9,0.189466800627148,1.01477743124775,1.08869597938452,0.715833456465775,"Germany",FALSE,"United States",FALSE
1652,"MATTHEWS","Nola Rhianne","USA","2023 Artistic Gymnastics Senior Pan American Championships","TeamFinal","Medellin, Colombia",NA,14.067,NA,13.1,NA,1.27406671710316,NA,0.90055289519106,"Colombia",FALSE,"United States",FALSE
1653,"MATTHEWS","Nola Rhianne","USA","2023 Artistic Gymnastics Senior Pan American Championships","TeamQual","Medellin, Colombia",12.9,14,12.7,12.667,-0.0606106761229817,1.23240632824869,0.720729179366921,0.500635310350816,"Colombia",FALSE,"United States",FALSE
1654,"MATTIS","China","JAM","2023 Central American and Caribbean Games","AAfinal","San Salvador, El Salvador",11.7,NA,10.8,9.85,-1.56107553662377,NA,-0.677544660699954,-2.10113798409484,"El Salvador",FALSE,"Jamaica",FALSE
1655,"MATTIS","China","JAM","2023 Central American and Caribbean Games","qual","San Salvador, El Salvador",11.9,7.05,9.15,9.55,-1.31099805987363,-3.08908176934143,-1.89183510075803,-2.37821714218276,"El Salvador",FALSE,"Jamaica",FALSE
1656,"MATTIS","Tyesha","JAM","2023 Central American and Caribbean Games","AAfinal","San Salvador, El Salvador",12.9,12.85,11,11.1,-0.0606106761229817,0.517339952388455,-0.530357940692915,-0.946641492061799,"El Salvador",FALSE,"Jamaica",FALSE
1657,"MATTIS","Tyesha","JAM","2023 Central American and Caribbean Games","final","San Salvador, El Salvador",NA,12.75,10.35,NA,NA,0.455160267531044,-1.00871478071579,NA,"El Salvador",FALSE,"Jamaica",FALSE
1658,"MATTIS","Tyesha","JAM","2023 Central American and Caribbean Games","qual","San Salvador, El Salvador",12.85,12.75,12,10.8,-0.123130045310515,0.455160267531044,0.205575659342283,-1.22372065014973,"El Salvador",FALSE,"Jamaica",FALSE
1659,"MATTIS","Tyesha","JAM","SANTIAGO 2023 XIX Pan American Games","qual","Santiago, Chile",NA,12,10.966,NA,NA,-0.0111873688995453,-0.555379683094112,NA,"Chile",FALSE,"Jamaica",FALSE
1660,"MATTIS","Tyesha Tinekai","JAM","2023 Artistic Gymnastics Senior Pan American Championships","TeamQual","Medellin, Colombia",12.867,10.533,10.733,10.367,-0.101873459786753,-0.923363345757777,-0.726852211902312,-1.62363823498997,"Colombia",FALSE,"Jamaica",FALSE
1661,"MATYOLO","Nkazimlo","RSA","2023 Tel Aviv World Challenge Cup","qual","Tel Aviv, Israel",NA,NA,NA,10,NA,NA,NA,-1.96259840505087,"Israel",FALSE,"South Africa",FALSE
1662,"MAYER","Greta","HUN","2022 51st FIG Artistic Gymnastics World Championships","qual","Liverpool, England",13.2,10.8,12.766,12.833,0.314505539002213,-0.757343587188487,0.769300796969244,0.653952444492804,"England",FALSE,"Hungary",FALSE
1663,"MAYER","Greta","HUN","2022 Koper World Challenge Cup","final","Koper, Slovenia",13.5,NA,12.45,12.65,0.689621754127409,NA,0.536745779358121,0.484934158059167,"Slovenia",FALSE,"Hungary",FALSE
1664,"MAYER","Greta","HUN","2022 Koper World Challenge Cup","qual","Koper, Slovenia",13.05,NA,12.4,12.9,0.126947431439617,NA,0.499949099356362,0.715833456465775,"Slovenia",FALSE,"Hungary",FALSE
1665,"MAYER","Greta","HUN","2022 Paris World Challenge Cup","final","Paris, France",13.15,NA,NA,12.3,0.251986169814681,NA,NA,0.161675140289917,"France",FALSE,"Hungary",FALSE
1666,"MAYER","Greta","HUN","2022 Paris World Challenge Cup","qual","Paris, France",12.95,NA,11.8,12.65,0.00190869306454961,NA,0.0583889393352438,0.484934158059167,"France",FALSE,"Hungary",FALSE
1667,"MAYER","Greta","HUN","2022 Senior European Championships","qual","Munich, Germany",12.933,11.6,12.833,12.7,-0.0193478924592108,-0.259906108329193,0.818608348171603,0.531114017740488,"Germany",FALSE,"Hungary",FALSE
1668,"MAYER","Greta","HUN","2022 Senior European Championships","TeamFinal","Munich, Germany",13.133,NA,12.766,12.433,0.230729584290919,NA,0.769300796969244,0.284513567042232,"Germany",FALSE,"Hungary",FALSE
1669,"MAYER","Greta","HUN","2022 Szombathely World Challenge Cup","final","Szombathely, Hungary",13.333,NA,12.733,13.033,0.480807061041051,NA,0.745014988168083,0.838671883218089,"Hungary",FALSE,"Hungary",TRUE
1670,"MAYER","Greta","HUN","2022 Szombathely World Challenge Cup","qual","Szombathely, Hungary",13.266,NA,12.733,13.466,0.397031106329757,NA,0.745014988168083,1.23858946805833,"Hungary",FALSE,"Hungary",TRUE
1671,"MAYER","Greta","HUN","2022 Varna World Challenge Cup","final","Varna, Bulgaria",13.3,NA,NA,12.95,0.43954427737728,NA,NA,0.762013316147095,"Bulgaria",FALSE,"Hungary",FALSE
1672,"MAYER","Greta","HUN","2022 Varna World Challenge Cup","qual","Varna, Bulgaria",13.3,NA,NA,12.9,0.43954427737728,NA,NA,0.715833456465775,"Bulgaria",FALSE,"Hungary",FALSE
1673,"MAYER","Greta","HUN","2023 52nd FIG Artistic Gymnastics World Championships","qual","Antwerp, Belgium",13.3,11.766,12.466,12.4,0.43954427737728,-0.156687831465889,0.548520716958684,0.25403485965256,"Belgium",FALSE,"Hungary",FALSE
1674,"MAYER","Greta","HUN","2023 Senior European Championships","qual","Antalya, Turkey",13.2,10.166,12.566,10.966,0.314505539002213,-1.15156278918448,0.622114076962205,-1.07040351600774,"Turkey",FALSE,"Hungary",FALSE
1675,"MAYER","Greta","HUN","2023 Varna World Challenge Cup","final","Varna, Bulgaria",13.266,NA,NA,NA,0.397031106329759,NA,NA,NA,"Bulgaria",FALSE,"Hungary",FALSE
1676,"MAYER","Greta","HUN","2023 Varna World Challenge Cup","qual","Varna, Bulgaria",13.233,NA,NA,9.266,0.355768322665986,NA,NA,-2.64051874517267,"Bulgaria",FALSE,"Hungary",FALSE
1677,"MAYERS","Caelin","RSA","2022 Osijek World Challenge Cup","qual","Osijek, Croatia",11.133,11.233,NA,NA,-2.27004518321039,-0.488105551755894,NA,NA,"Croatia",FALSE,"South Africa",FALSE
1678,"MCCLAIN","Konnor","USA","2022 U.S. Championships","final","Tampa, FL",14.35,14.05,14.1,13.85,1.75245103031546,1.2634961706774,1.7510362194162,1.59325079041088,"FL",FALSE,"United States",FALSE
1679,"MCCLAIN","Konnor","USA","2022 U.S. Championships","qual","Tampa, FL",14.4,13.3,14.8,13.9,1.814970399503,0.797148534246809,2.26618973944084,1.6394306500922,"FL",FALSE,"United States",FALSE
1680,"MCCLAIN","Konnor","USA","2022 Winter Cup","AAfinal","Frisco, Texas",14.1,12.45,14.6,13.15,1.4398541843778,0.268621212958808,2.1190030194338,0.946732754872382,"Texas",TRUE,"United States",FALSE
1681,"MCDONALD","Kate","AUS","2022 51st FIG Artistic Gymnastics World Championships","qual","Liverpool, England",NA,14.066,10.733,NA,NA,1.27344492025458,-0.726852211902312,NA,"England",FALSE,"Australia",FALSE
1682,"MCDONALD","Kate","AUS","2023 52nd FIG Artistic Gymnastics World Championships","qual","Antwerp, Belgium",NA,13.9,12.066,NA,NA,1.17022664339128,0.254147276944606,NA,"Belgium",FALSE,"Australia",FALSE
1683,"MCDONALD","Kate","AUS","BIRMINGHAM 2022 Commonwealth Games","final","Birmingham, England",NA,12.533,13.466,NA,NA,0.32023035139046,1.28445431699388,NA,"England",FALSE,"Australia",FALSE
1684,"MCDONALD","Kate","AUS","BIRMINGHAM 2022 Commonwealth Games","qual","Birmingham, England",NA,13.5,12.95,NA,NA,0.921507903961632,0.90471257937572,NA,"England",FALSE,"Australia",FALSE
1685,"MCDONALD","Kate","AUS","EnBW DTB Pokal Team Challenge 2023","final","Stuttgart, Germany",NA,11.1,NA,NA,NA,-0.570804532616252,NA,NA,"Germany",FALSE,"Australia",FALSE
1686,"MCDONALD","Kate","AUS","EnBW DTB Pokal Team Challenge 2023","qual","Stuttgart, Germany",NA,14,11.7,11.85,NA,1.23240632824869,-0.015204420668277,-0.253943596841977,"Germany",FALSE,"Australia",FALSE
1687,"MEADOW","Abby","GBR","2022 British Gymnastics Championships","qual","Liverpool, England",11.8,4.95,8.8,10.65,-1.4360367982487,-4.39485515134708,-2.14941186077035,-1.36226022919369,"England",FALSE,"England",TRUE
1688,"MEDINA","Lorena","ESP","2022 Paris World Challenge Cup","final","Paris, France",NA,NA,NA,11.6,NA,NA,NA,-0.484842895248584,"France",FALSE,"Spain",FALSE
1689,"MEDINA","Lorena","ESP","2022 Paris World Challenge Cup","qual","Paris, France",12.65,NA,NA,12.8,-0.373207522060645,NA,NA,0.623473737103132,"France",FALSE,"Spain",FALSE
1690,"MEDINA","Lorena","ESP","2022 Senior European Championships","qual","Munich, Germany",12.933,NA,12,12,-0.0193478924592108,NA,0.205575659342283,-0.115404017798012,"Germany",FALSE,"Spain",FALSE
1691,"MEDINA","Lorena","ESP","2022 Senior European Championships","TeamFinal","Munich, Germany",12.866,NA,12.466,NA,-0.103123847170505,NA,0.548520716958684,NA,"Germany",FALSE,"Spain",FALSE
1692,"MEDINA","Lorena","ESP","2023 Varna World Challenge Cup","final","Varna, Bulgaria",NA,NA,NA,12.333,NA,NA,NA,0.192153847679589,"Bulgaria",FALSE,"Spain",FALSE
1693,"MEDINA","Lorena","ESP","2023 Varna World Challenge Cup","qual","Varna, Bulgaria",NA,NA,10.966,12.233,NA,NA,-0.555379683094112,0.0997941283169464,"Bulgaria",FALSE,"Spain",FALSE
1694,"MEDINA COBOS","Lorena","ESP","2023 FISU World University Games","AAfinal","Chengdu, China",12.866,12.566,12.3,12.033,-0.103123847170505,0.340749647393406,0.426355739352843,-0.0849253104083405,"China",FALSE,"Spain",FALSE
1695,"MEDINA COBOS","Lorena","ESP","2023 FISU World University Games","qual","Chengdu, China",13,12.3,11,12.4,0.0644280622520831,0.175351685672691,-0.530357940692915,0.25403485965256,"China",FALSE,"Spain",FALSE
1696,"MELKE","Elena","LAT","2022 Senior European Championships","qual","Munich, Germany",11.2,NA,NA,9.633,-2.18626922849909,NA,NA,-2.30155857511177,"Germany",FALSE,"Latvia",FALSE
1697,"MENDES","Maria","POR","2022 Senior European Championships","qual","Munich, Germany",11.633,NA,11,11.7,-1.64485149133506,NA,-0.530357940692915,-0.392483175885942,"Germany",FALSE,"Portugal",FALSE
1698,"MENDEZ","Ana Karina","PER","2022 51st FIG Artistic Gymnastics World Championships","qual","Liverpool, England",12.3,12.266,9.766,11.633,-0.810843106373373,0.15421059282117,-1.43850000313635,-0.454364187858913,"England",FALSE,"Peru",FALSE
1699,"MENDEZ","Ana Karina","PER","2023 52nd FIG Artistic Gymnastics World Championships","qual","Antwerp, Belgium",12.2,11.5,10.933,10.533,-0.935881844748439,-0.322085793186604,-0.579665491895273,-1.47032110084799,"Belgium",FALSE,"Peru",FALSE
1700,"MENDEZ","Ana Karina","PER","SANTIAGO 2023 XIX Pan American Games","qual","Santiago, Chile",11.933,11.9,9.166,10.066,-1.26973527620986,-0.0733670537569569,-1.88006016315747,-1.90164099027153,"Chile",FALSE,"Peru",FALSE
1701,"MENEZES","Maria","POR","2023 Senior European Championships","qual","Antalya, Turkey",12.833,9.466,9.333,11.433,-0.144386630834276,-1.58682058318636,-1.75715925195159,-0.639083626584198,"Turkey",FALSE,"Portugal",FALSE
1702,"MERCER WINCHE PEDRO","Carolyne","BRA","2023 Artistic Gymnastics Senior Pan American Championships","TeamFinal","Medellin, Colombia",12.767,11.5,12.233,12.367,-0.22691219816182,-0.322085793186604,0.377048188150484,0.223556152262888,"Colombia",FALSE,"Brazil",FALSE
1703,"MERCER WINCHE PEDRO","Carolyne","BRA","2023 Artistic Gymnastics Senior Pan American Championships","TeamQual","Medellin, Colombia",12.6,13.033,12.467,12.467,-0.435726891248178,0.631128775677519,0.549256650558721,0.315915871625531,"Colombia",FALSE,"Brazil",FALSE
1704,"MESA","Angelica","COL","2023 Central American and Caribbean Games","qual","San Salvador, El Salvador",11.6,11.25,10.5,11.8,-1.68611427499883,-0.477535005330134,-0.898324740710514,-0.300123456523297,"El Salvador",FALSE,"Colombia",FALSE
1705,"MESA","Angelica","COL","SANTIAGO 2023 XIX Pan American Games","qual","Santiago, Chile",NA,9.466,NA,11.633,NA,-1.58682058318636,NA,-0.454364187858913,"Chile",FALSE,"Colombia",FALSE
1706,"MESA VERGARA","Angelica","COL","2023 Artistic Gymnastics Senior Pan American Championships","TeamFinal","Medellin, Colombia",12.167,11.4,NA,11.433,-0.97714462841221,-0.384265478044016,NA,-0.639083626584198,"Colombia",FALSE,"Colombia",TRUE
1707,"MESA VERGARA","Angelica","COL","2023 Artistic Gymnastics Senior Pan American Championships","TeamQual","Medellin, Colombia",12.4,11.6,NA,11.967,-0.685804367998308,-0.259906108329193,NA,-0.145882725187684,"Colombia",FALSE,"Colombia",TRUE
1708,"MESIRI","Athanasia","GRE","2023 52nd FIG Artistic Gymnastics World Championships","qual","Antwerp, Belgium",13.133,10.066,11.9,12.1,0.230729584290919,-1.21374247404189,0.131982299338763,-0.0230442984353695,"Belgium",FALSE,"Greece",FALSE
1709,"MESIRI","Athanasia","GRE","2023 Senior European Championships","final","Antalya, Turkey",12.8,NA,NA,NA,-0.185649414498046,NA,NA,NA,"Turkey",FALSE,"Greece",FALSE
1710,"MESIRI","Athanasia","GRE","2023 Senior European Championships","qual","Antalya, Turkey",12.933,10.5,12,12.033,-0.0193478924592108,-0.943882641760723,0.205575659342283,-0.0849253104083405,"Turkey",FALSE,"Greece",FALSE
1711,"MESROPIAN","Meline","ARG","2022 51st FIG Artistic Gymnastics World Championships","qual","Liverpool, England",12.633,11.766,10.966,12.133,-0.394464107584407,-0.156687831465889,-0.555379683094112,0.00743440895430216,"England",FALSE,"Argentina",FALSE
1712,"MESROPIAN","Meline","ARG","2023 Artistic Gymnastics Senior Pan American Championships","TeamFinal","Medellin, Colombia",NA,11.367,10.9,12.4,NA,-0.404784774046962,-0.603951300696434,0.25403485965256,"Colombia",FALSE,"Argentina",FALSE
1713,"MESROPIAN","Meline","ARG","2023 Artistic Gymnastics Senior Pan American Championships","TeamQual","Medellin, Colombia",12.733,13.133,9.9,13,-0.26942536920934,0.69330846053493,-1.33988490073163,0.808193175828418,"Colombia",FALSE,"Argentina",FALSE
1714,"MEULEMAN","Casey-Jane","NED","2023 Osijek World Challenge Cup","qual","Osijek, Croatia",12.566,NA,12.2,12.166,-0.478240062295699,NA,0.352762379349322,0.0379131163439755,"Croatia",FALSE,"Netherlands",FALSE
1715,"MICALLEF","Sofia","GBR","2022 British Gymnastics Championships","final","Liverpool, England",13.55,NA,NA,NA,0.752141123314943,NA,NA,NA,"England",FALSE,"England",TRUE
1716,"MICALLEF","Sofia","GBR","2022 British Gymnastics Championships","qual","Liverpool, England",13.3,NA,11.5,NA,0.43954427737728,NA,-0.162391140675316,NA,"England",FALSE,"England",TRUE
1717,"MICALLEF","Sofia","GBR","2023 British Gymnastics Championships","final","Liverpool, England",NA,11.9,NA,12,NA,-0.0733670537569569,NA,-0.115404017798012,"England",FALSE,"England",TRUE
1718,"MICALLEF","Sofia","GBR","2023 British Gymnastics Championships","qual","Liverpool, England",13.05,12.4,11.3,12.35,0.126947431439617,0.237531370530102,-0.309577860682355,0.207854999971238,"England",FALSE,"England",TRUE
1721,"MIELLE","Silane","FRA","2023 Senior European Championships","qual","Antalya, Turkey",NA,12.766,11.4,12.433,NA,0.465109017108229,-0.235984500678836,0.284513567042232,"Turkey",FALSE,"France",FALSE
1722,"MIELLE","Silane","FRA","2023 Varna World Challenge Cup","final","Varna, Bulgaria",NA,NA,NA,12.933,NA,NA,NA,0.746312163855447,"Bulgaria",FALSE,"France",FALSE
1723,"MIELLE","Silane","FRA","2023 Varna World Challenge Cup","qual","Varna, Bulgaria",NA,NA,11.966,13.133,NA,NA,0.180553916941086,0.931031602580732,"Bulgaria",FALSE,"France",FALSE
1724,"MIELLE","Silane","FRA","EnBW DTB Pokal Team Challenge 2023","qual","Stuttgart, Germany",NA,11.8,12.1,12.9,NA,-0.135546738614369,0.279169019345802,0.715833456465775,"Germany",FALSE,"France",FALSE
1725,"MILLER","Zoe","USA","2022 Winter Cup","AAfinal","Frisco, Texas",13.65,13.1,10.95,12.65,0.877179861690008,0.672789164531985,-0.567154620694675,0.484934158059167,"Texas",TRUE,"United States",FALSE
1726,"MILLER","Zoe","USA","2023 Core Hydration Classic","AAfinal","Hoffman Estates, Illinois",13.65,14.75,12.45,12.15,0.877179861690008,1.69875396467928,0.536745779358121,0.0231355612459526,"Illinois",TRUE,"United States",FALSE
1727,"MILLER","Zoe","USA","2023 U.S. Championships","final","San Jose, CA",13.4,14.4,12.25,12.4,0.564583015752344,1.48112506767834,0.389559059351082,0.25403485965256,"California",TRUE,"United States",FALSE
1728,"MILLER","Zoe","USA","2023 U.S. Championships","qual","San Jose, CA",13.15,11,13.05,11.8,0.251986169814681,-0.632984217473664,0.978305939379241,-0.300123456523297,"California",TRUE,"United States",FALSE
1729,"MILLER","Zoe","USA","2023 Winter Cup","AAfinal","Louisville, Kentucky",13.65,13.9,12.55,12.4,0.877179861690008,1.17022664339128,0.610339139361642,0.25403485965256,"Kentucky",TRUE,"United States",FALSE
1730,"MILLER","Zoe","USA","EnBW DTB Pokal Team Challenge 2023","final","Stuttgart, Germany",NA,14.633,NA,NA,NA,1.62600373339611,NA,NA,"Germany",FALSE,"United States",FALSE
1731,"MILLER","Zoe","USA","EnBW DTB Pokal Team Challenge 2023","qual","Stuttgart, Germany",13.9,14.85,12.9,10.85,1.18977670762767,1.76093364953669,0.867915899373961,-1.17754079046841,"Germany",FALSE,"United States",FALSE
1732,"MILLER","Zoe","USA","SANTIAGO 2023 XIX Pan American Games","final","Santiago, Chile",NA,14.666,NA,NA,NA,1.64652302939905,NA,NA,"Chile",FALSE,"United States",FALSE
1733,"MILLER","Zoe","USA","SANTIAGO 2023 XIX Pan American Games","qual","Santiago, Chile",NA,14.766,NA,NA,NA,1.70870271425647,NA,NA,"Chile",FALSE,"United States",FALSE
1734,"MILLOUSI","Vasiliki","GRE","2023 Cairo World Cup","qual","Cairo, Egypt",NA,11.466,11.1,NA,NA,-0.343226886038125,-0.456764580689395,NA,"Egypt",FALSE,"Greece",FALSE
1735,"MILLOUSI","Vasiliki","GRE","2023 Senior European Championships","qual","Antalya, Turkey",NA,11.033,11.9,NA,NA,-0.612464921470718,0.131982299338763,NA,"Turkey",FALSE,"Greece",FALSE
1736,"MILTON","Annalisa","USA","2023 Core Hydration Classic","AAfinal","Hoffman Estates, Illinois",13.6,11.95,11,11.1,0.814660492502474,-0.0422772113282516,-0.530357940692915,-0.946641492061799,"Illinois",TRUE,"United States",FALSE
1737,"MILTON","Annalisa","USA","2023 Winter Cup","AAfinal","Louisville, Kentucky",13,9.4,12.2,11.45,0.0644280622520831,-1.62785917519225,0.352762379349322,-0.623382474292549,"Kentucky",TRUE,"United States",FALSE
1738,"MILTON","Malea","USA","2023 Core Hydration Classic","AAfinal","Hoffman Estates, Illinois",13.3,12.6,9.15,11.95,0.43954427737728,0.361890740244926,-1.89183510075803,-0.161583877479334,"Illinois",TRUE,"United States",FALSE
1739,"MILTON","Malea","USA","2023 Winter Cup","AAfinal","Louisville, Kentucky",13,11.4,11.25,10.45,0.0644280622520831,-0.384265478044016,-0.346374540684115,-1.54697966791898,"Kentucky",TRUE,"United States",FALSE
1740,"MINAEVA","Maria","RUS","2022 Doha World Cup","final","Doha, Qatar",NA,13.366,NA,12.666,NA,0.8381871262527,NA,0.49971171315719,"Qatar",FALSE,"Russia",FALSE
1741,"MINAEVA","Maria","RUS","2022 Doha World Cup","qual","Doha, Qatar",NA,12.533,NA,12.5,NA,0.32023035139046,NA,0.346394579015203,"Qatar",FALSE,"Russia",FALSE
1742,"MINAKOVSKAYA","Milana","AZE","2022 51st FIG Artistic Gymnastics World Championships","qual","Liverpool, England",NA,10.766,7.866,12.1,NA,-0.778484680040007,-2.83677384320322,-0.0230442984353695,"England",FALSE,"Azerbaijan",FALSE
1743,"MINAKOVSKAYA","Milana","AZE","2022 Baku World Cup","qual","Baku, Azerbaijan",NA,10.366,10.3,10.6,NA,-1.02720341946965,-1.04551146071755,-1.40844008887501,"Azerbaijan",FALSE,"Azerbaijan",TRUE
1744,"MINAKOVSKAYA","Milana","AZE","2022 Cairo World Cup","qual","Cairo, Egypt",NA,10.3,10.2,10.9,NA,-1.06824201147555,-1.11910482072107,-1.13136093078708,"Egypt",FALSE,"Azerbaijan",FALSE
1745,"MINAKOVSKAYA","Milana","AZE","2022 Mersin World Challenge Cup","qual","Mersin, Turkey",NA,7.6,9,NA,NA,-2.74709350262567,-2.00222514076331,NA,"Turkey",FALSE,"Azerbaijan",FALSE
1746,"MINAKOVSKAYA","Milana","AZE","2022 Senior European Championships","qual","Munich, Germany",11.5,9.966,9.5,10.366,-1.8111530133739,-1.2759221588993,-1.63425834074571,-1.6245618321836,"Germany",FALSE,"Azerbaijan",FALSE
1747,"MINAKOVSKAYA","Milana","AZE","2022 Varna World Challenge Cup","qual","Varna, Bulgaria",NA,11.8,11.05,11.9,NA,-0.135546738614369,-0.493561260691154,-0.207763737160655,"Bulgaria",FALSE,"Azerbaijan",FALSE
1748,"MINTCHEVA","Paloma","BUL","2023 Senior European Championships","qual","Antalya, Turkey",12.9,12.566,9.333,12.566,-0.0606106761229817,0.340749647393406,-1.75715925195159,0.407351993794548,"Turkey",FALSE,"Bulgaria",FALSE
1749,"MIYATA","Shoko","JPN","2022 51st FIG Artistic Gymnastics World Championships","AAfinal","Liverpool, England",14.233,12.866,12.966,13.733,1.60615570641664,0.527288701965641,0.916487516976283,1.48518991875659,"England",FALSE,"Japan",FALSE
1750,"MIYATA","Shoko","JPN","2022 51st FIG Artistic Gymnastics World Championships","final","Liverpool, England",14.066,NA,13.533,13.066,1.39734101333028,NA,1.33376186819624,0.869150590607763,"England",FALSE,"Japan",FALSE
1751,"MIYATA","Shoko","JPN","2022 51st FIG Artistic Gymnastics World Championships","qual","Liverpool, England",14.3,12.566,13.7,13.6,1.68993166112793,0.340749647393406,1.45666277940212,1.36235149200427,"England",FALSE,"Japan",FALSE
1752,"MIYATA","Shoko","JPN","2022 51st FIG Artistic Gymnastics World Championships","TeamFinal","Liverpool, England",14.4,NA,13.233,13.7,1.814970399503,NA,1.11298178818568,1.45471121136692,"England",FALSE,"Japan",FALSE
1753,"MIYATA","Shoko","JPN","2022 9th Senior Artistic Gymnastics Asian Championships","final","Doha, Qatar",14.267,NA,12.567,13.633,1.64866887746416,NA,0.62285001056224,1.39283019939395,"Qatar",FALSE,"Japan",FALSE
1754,"MIYATA","Shoko","JPN","2022 9th Senior Artistic Gymnastics Asian Championships","qual","Doha, Qatar",13.9,12.6,12.9,13.633,1.18977670762767,0.361890740244926,0.867915899373961,1.39283019939395,"Qatar",FALSE,"Japan",FALSE
1755,"MIYATA","Shoko","JPN","2023 52nd FIG Artistic Gymnastics World Championships","final","Antwerp, Belgium",14.066,NA,NA,NA,1.39734101333028,NA,NA,NA,"Belgium",FALSE,"Japan",FALSE
1756,"MIYATA","Shoko","JPN","2023 52nd FIG Artistic Gymnastics World Championships","qual","Antwerp, Belgium",14.1,13.366,11.9,12.366,1.4398541843778,0.8381871262527,0.131982299338763,0.222632555069261,"Belgium",FALSE,"Japan",FALSE
1757,"MIYATA","Shoko","JPN","2023 52nd FIG Artistic Gymnastics World Championships","TeamFinal","Antwerp, Belgium",13.8,13.2,13.566,12.133,1.06473796925261,0.734968849389396,1.3580476769974,0.00743440895430216,"Belgium",FALSE,"Japan",FALSE
1758,"MIYATA","Shoko","JPN","2023 FISU World University Games","AAfinal","Chengdu, China",13.9,12.033,13.766,NA,1.18977670762767,0.00933192710340031,1.50523439700444,NA,"China",FALSE,"Japan",FALSE
1759,"MIYATA","Shoko","JPN","2023 FISU World University Games","final","Chengdu, China",13.9,NA,13.3,13.333,1.18977670762767,NA,1.16228933938804,1.11575104130602,"China",FALSE,"Japan",FALSE
1760,"MIYATA","Shoko","JPN","2023 FISU World University Games","qual","Chengdu, China",14,13.3,13.8,13.5,1.31481544600274,0.797148534246809,1.53025613940564,1.26999177264163,"China",FALSE,"Japan",FALSE
1761,"MOERZ","Alissa","AUT","2022 51st FIG Artistic Gymnastics World Championships","qual","Liverpool, England",NA,11.466,11.1,NA,NA,-0.343226886038125,-0.456764580689395,NA,"England",FALSE,"Austria",FALSE
1762,"MOERZ","Alissa","AUT","2022 Senior European Championships","qual","Munich, Germany",NA,12.1,NA,NA,NA,0.0509923159578664,NA,NA,"Germany",FALSE,"Austria",FALSE
1763,"MOERZ","Alissa","AUT","2023 Senior European Championships","qual","Antalya, Turkey",NA,12.333,NA,11.766,NA,0.195870981675636,NA,-0.331525761106597,"Turkey",FALSE,"Austria",FALSE
1764,"MOERZ","Charlize","AUT","2022 51st FIG Artistic Gymnastics World Championships","qual","Liverpool, England",12.5,10.866,11.533,12.833,-0.560765629623243,-0.716304995182596,-0.138105331874155,0.653952444492804,"England",FALSE,"Austria",FALSE
1765,"MOERZ","Charlize","AUT","2022 Senior European Championships","qual","Munich, Germany",12.833,NA,11.9,11.066,-0.144386630834276,NA,0.131982299338763,-0.978043796645097,"Germany",FALSE,"Austria",FALSE
1766,"MOERZ","Charlize","AUT","2023 52nd FIG Artistic Gymnastics World Championships","qual","Antwerp, Belgium",12.7,NA,NA,12.766,-0.310688152873113,NA,NA,0.592071432519833,"Belgium",FALSE,"Austria",FALSE
1767,"MOERZ","Charlize","AUT","2023 Cairo World Cup","final","Cairo, Egypt",NA,NA,NA,12.333,NA,NA,NA,0.192153847679589,"Egypt",FALSE,"Austria",FALSE
1768,"MOERZ","Charlize","AUT","2023 Cairo World Cup","qual","Cairo, Egypt",12.766,11.133,10.833,12.4,-0.228162585545569,-0.550285236613307,-0.653258851898793,0.25403485965256,"Egypt",FALSE,"Austria",FALSE
1769,"MOERZ","Charlize","AUT","2023 Senior European Championships","qual","Antalya, Turkey",13,12.166,10.9,12.533,0.0644280622520831,0.0920309079637586,-0.603951300696434,0.376873286404874,"Turkey",FALSE,"Austria",FALSE
1771,"MOISZI","Chiara Summer","GER","2023 Cottbus World Cup","qual","Cottbus, Germany",NA,NA,11.3,12.3,NA,NA,-0.309577860682355,0.161675140289917,"Germany",FALSE,"Germany",TRUE
1772,"MOKOSOVA","Barbora","SVK","2022 Koper World Challenge Cup","final","Koper, Slovenia",NA,12.5,NA,NA,NA,0.299711055387514,NA,NA,"Slovenia",FALSE,"Slovakia",FALSE
1773,"MOKOSOVA","Barbora","SVK","2022 Koper World Challenge Cup","qual","Koper, Slovenia",NA,12.75,11.45,NA,NA,0.455160267531044,-0.199187820677076,NA,"Slovenia",FALSE,"Slovakia",FALSE
1774,"MOKOSOVA","Barbora","SVK","2022 Mersin World Challenge Cup","final","Mersin, Turkey",NA,13.1,12.2,NA,NA,0.672789164531985,0.352762379349322,NA,"Turkey",FALSE,"Slovakia",FALSE
1775,"MOKOSOVA","Barbora","SVK","2022 Mersin World Challenge Cup","qual","Mersin, Turkey",NA,12.5,12,NA,NA,0.299711055387514,0.205575659342283,NA,"Turkey",FALSE,"Slovakia",FALSE
1776,"MOKOSOVA","Barbora","SVK","2022 Senior European Championships","qual","Munich, Germany",NA,13.233,11.533,NA,NA,0.755488145392343,-0.138105331874155,NA,"Germany",FALSE,"Slovakia",FALSE
1777,"MOKOSOVA","Barbora","SVK","2022 Szombathely World Challenge Cup","final","Szombathely, Hungary",NA,NA,12.3,NA,NA,NA,0.426355739352843,NA,"Hungary",FALSE,"Slovakia",FALSE
1778,"MOKOSOVA","Barbora","SVK","2022 Szombathely World Challenge Cup","qual","Szombathely, Hungary",NA,12.333,12.533,NA,NA,0.195870981675636,0.597828268161043,NA,"Hungary",FALSE,"Slovakia",FALSE
1779,"MOKOSOVA","Barbora","SVK","2022 Varna World Challenge Cup","final","Varna, Bulgaria",NA,12.7,NA,NA,NA,0.424070425102337,NA,NA,"Bulgaria",FALSE,"Slovakia",FALSE
1780,"MOKOSOVA","Barbora","SVK","2022 Varna World Challenge Cup","qual","Varna, Bulgaria",NA,12.6,11.9,NA,NA,0.361890740244926,0.131982299338763,NA,"Bulgaria",FALSE,"Slovakia",FALSE
1781,"MOKOSOVA","Barbora","SVK","2023 52nd FIG Artistic Gymnastics World Championships","qual","Antwerp, Belgium",11.733,11.933,12.1,12.266,-1.51981275295999,-0.0528477577540113,0.279169019345802,0.130272835706618,"Belgium",FALSE,"Slovakia",FALSE
1782,"MOKOSOVA","Barbora","SVK","2023 FISU World University Games","final","Chengdu, China",NA,9.8,12.166,NA,NA,-1.37914043576261,0.327740636948126,NA,"China",FALSE,"Slovakia",FALSE
1783,"MOKOSOVA","Barbora","SVK","2023 FISU World University Games","qual","Chengdu, China",NA,13.333,12.433,NA,NA,0.817667830249754,0.524234908157523,NA,"China",FALSE,"Slovakia",FALSE
1784,"MOKOSOVA","Barbora","SVK","2023 Osijek World Challenge Cup","final","Osijek, Croatia",NA,13.3,12.7,NA,NA,0.797148534246809,0.720729179366921,NA,"Croatia",FALSE,"Slovakia",FALSE
1785,"MOKOSOVA","Barbora","SVK","2023 Osijek World Challenge Cup","qual","Osijek, Croatia",NA,13.366,12.6,NA,NA,0.8381871262527,0.647135819363401,NA,"Croatia",FALSE,"Slovakia",FALSE
1786,"MOKOSOVA","Barbora","SVK","2023 Senior European Championships","qual","Antalya, Turkey",12.266,12.566,12.2,12.133,-0.853356277420896,0.340749647393406,0.352762379349322,0.00743440895430216,"Turkey",FALSE,"Slovakia",FALSE
1787,"MOKOSOVA","Barbora","SVK","2023 Tel Aviv World Challenge Cup","final","Tel Aviv, Israel",NA,13.3,12.333,NA,NA,0.797148534246809,0.450641548154004,NA,"Israel",FALSE,"Slovakia",FALSE
1788,"MOKOSOVA","Barbora","SVK","2023 Tel Aviv World Challenge Cup","qual","Tel Aviv, Israel",NA,12.967,12.1,NA,NA,0.590090183671628,0.279169019345802,NA,"Israel",FALSE,"Slovakia",FALSE
1789,"MOKOSOVA","Barbora","SVK","2023 Varna World Challenge Cup","final","Varna, Bulgaria",NA,12.866,10.8,NA,NA,0.527288701965641,-0.677544660699954,NA,"Bulgaria",FALSE,"Slovakia",FALSE
1790,"MOKOSOVA","Barbora","SVK","2023 Varna World Challenge Cup","qual","Varna, Bulgaria",NA,12.966,12.266,NA,NA,0.589468386823053,0.401333996951645,NA,"Bulgaria",FALSE,"Slovakia",FALSE
1791,"MOLL","Avery","USA","2023 Core Hydration Classic","AAfinal","Hoffman Estates, Illinois",12.9,12.25,11.6,12.45,-0.0606106761229817,0.144261843243984,-0.0887977806717965,0.300214719333881,"Illinois",TRUE,"United States",FALSE
1792,"MOLLOY","Kate","IRL","2022 Senior European Championships","qual","Munich, Germany",11.6,10.133,9.466,NA,-1.68611427499883,-1.17208208518742,-1.65928008314691,NA,"Germany",FALSE,"Ireland",FALSE
1793,"MOLLOY","Kate","IRL","2023 Senior European Championships","qual","Antalya, Turkey",12.6,10.266,11.2,10.7,-0.435726891248178,-1.08938310432707,-0.383171220685876,-1.31608036951237,"Turkey",FALSE,"Ireland",FALSE
1794,"MONTELL","Malla","FIN","2022 Mersin World Challenge Cup","qual","Mersin, Turkey",12.65,12.3,NA,10.15,-0.373207522060645,0.175351685672691,NA,-1.82405882600691,"Turkey",FALSE,"Finland",FALSE
1795,"MONTELL","Malla","FIN","2023 52nd FIG Artistic Gymnastics World Championships","qual","Antwerp, Belgium",NA,11.5,NA,NA,NA,-0.322085793186604,NA,NA,"Belgium",FALSE,"Finland",FALSE
1796,"MONTELL","Malla","FIN","2023 Tel Aviv World Challenge Cup","final","Tel Aviv, Israel",NA,11.9,NA,NA,NA,-0.0733670537569569,NA,NA,"Israel",FALSE,"Finland",FALSE
1797,"MONTELL","Malla","FIN","2023 Tel Aviv World Challenge Cup","qual","Tel Aviv, Israel",12.3,11.667,10.567,11.8,-0.810843106373373,-0.218245719474727,-0.849017189508155,-0.300123456523297,"Israel",FALSE,"Finland",FALSE
1798,"MONTELL","Malla Alexandra","FIN","2023 FISU World University Games","qual","Chengdu, China",12.2,10.733,10.1,11.633,-0.935881844748439,-0.799003976042953,-1.19269818072459,-0.454364187858913,"China",FALSE,"Finland",FALSE
1799,"MOORE","Mercedes Mary","GBR","2022 British Gymnastics Championships","final","Liverpool, England",12.85,NA,NA,NA,-0.123130045310515,NA,NA,NA,"England",FALSE,"England",TRUE
1800,"MOORE","Mercedes Mary","GBR","2022 British Gymnastics Championships","qual","Liverpool, England",13.15,11.8,9.9,11.95,0.251986169814681,-0.135546738614369,-1.33988490073163,-0.161583877479334,"England",FALSE,"England",TRUE
1801,"MOORHEAD","Emily","IRL","2022 Senior European Championships","qual","Munich, Germany",NA,8.266,NA,10.9,NA,-2.3329768014753,NA,-1.13136093078708,"Germany",FALSE,"Ireland",FALSE
1802,"MORALES","Franciny","CRC","2022 51st FIG Artistic Gymnastics World Championships","qual","Liverpool, England",12.033,9.9,9.566,10.766,-1.1446965378348,-1.31696075090519,-1.58568672314339,-1.25512295473303,"England",FALSE,"Costa Rica",FALSE
1803,"MORALES","Franciny","CRC","2023 Central American and Caribbean Games","AAfinal","San Salvador, El Salvador",12.55,9.55,11.05,10.9,-0.498246260435709,-1.53458964790613,-0.493561260691154,-1.13136093078708,"El Salvador",FALSE,"Costa Rica",FALSE
1804,"MORALES","Franciny","CRC","2023 Central American and Caribbean Games","qual","San Salvador, El Salvador",12.85,11.45,11.55,11.55,-0.123130045310515,-0.353175635615311,-0.125594460673556,-0.531022754929905,"El Salvador",FALSE,"Costa Rica",FALSE
1805,"MORALES","Franciny","CRC","SANTIAGO 2023 XIX Pan American Games","AAfinal","Santiago, Chile",12.566,10.966,10.4,11.133,-0.478240062295699,-0.654125310325184,-0.971918100714033,-0.916162784672128,"Chile",FALSE,"Costa Rica",FALSE
1806,"MORALES","Franciny","CRC","SANTIAGO 2023 XIX Pan American Games","qual","Santiago, Chile",12.666,10.733,10.333,11.6,-0.353201323920634,-0.799003976042953,-1.02122565191639,-0.484842895248584,"Chile",FALSE,"Costa Rica",FALSE
1807,"MORALES BARQUERO","Franciny","CRC","2023 Artistic Gymnastics Senior Pan American Championships","TeamQual","Medellin, Colombia",12.467,11.167,11.467,11.333,-0.602028413287014,-0.529144143761786,-0.186676949476477,-0.731443345946841,"Colombia",FALSE,"Costa Rica",FALSE
1808,"MORDENTI","Celeste","LUX","2022 51st FIG Artistic Gymnastics World Championships","qual","Liverpool, England",12.1,12,11.2,12.266,-1.0609205831235,-0.0111873688995453,-0.383171220685876,0.130272835706618,"England",FALSE,"Luxembourg",FALSE
1809,"MORDENTI","Celeste","LUX","2022 Paris World Challenge Cup","qual","Paris, France",12.7,10.65,10.95,11.65,-0.310688152873113,-0.850613114474605,-0.567154620694675,-0.438663035567262,"France",FALSE,"Luxembourg",FALSE
1810,"MORDENTI","Celeste","LUX","2022 Senior European Championships","qual","Munich, Germany",12.333,10.7,10.133,10.766,-0.769580322709602,-0.8195232720459,-1.16841237192343,-1.25512295473303,"Germany",FALSE,"Luxembourg",FALSE
1811,"MORDENTI","Celeste","LUX","2023 52nd FIG Artistic Gymnastics World Championships","qual","Antwerp, Belgium",12.833,11.833,12.2,12.466,-0.144386630834276,-0.115027442611423,0.352762379349322,0.314992274431903,"Belgium",FALSE,"Luxembourg",FALSE
1812,"MORDENTI","Celeste","LUX","2023 Osijek World Challenge Cup","final","Osijek, Croatia",NA,12.4,NA,NA,NA,0.237531370530102,NA,NA,"Croatia",FALSE,"Luxembourg",FALSE
1813,"MORDENTI","Celeste","LUX","2023 Osijek World Challenge Cup","qual","Osijek, Croatia",NA,12.5,11.5,12.066,NA,0.299711055387514,-0.162391140675316,-0.0544466030186671,"Croatia",FALSE,"Luxembourg",FALSE
1814,"MORDENTI","Celeste","LUX","2023 Senior European Championships","qual","Antalya, Turkey",12.566,10.666,11.033,10.966,-0.478240062295699,-0.840664364897419,-0.506072131891754,-1.07040351600774,"Turkey",FALSE,"Luxembourg",FALSE
1815,"MORENO","Alexa","MEX","2023 52nd FIG Artistic Gymnastics World Championships","AAfinal","Antwerp, Belgium",13.966,12.966,12.6,12.233,1.27230227495521,0.589468386823053,0.647135819363401,0.0997941283169464,"Belgium",FALSE,"Mexico",FALSE
1816,"MORENO","Alexa","MEX","2023 52nd FIG Artistic Gymnastics World Championships","final","Antwerp, Belgium",14.3,NA,NA,NA,1.68993166112793,NA,NA,NA,"Belgium",FALSE,"Mexico",FALSE
1817,"MORENO","Alexa","MEX","2023 52nd FIG Artistic Gymnastics World Championships","qual","Antwerp, Belgium",14.566,12.466,12.266,13.033,2.02253470520561,0.278569962535993,0.401333996951645,0.838671883218089,"Belgium",FALSE,"Mexico",FALSE
1818,"MORENO","Alexa","MEX","2023 Central American and Caribbean Games","AAfinal","San Salvador, El Salvador",13.45,12.65,10.9,12.65,0.627102384939876,0.392980582673632,-0.603951300696434,0.484934158059167,"El Salvador",FALSE,"Mexico",FALSE
1819,"MORENO","Alexa","MEX","2023 Central American and Caribbean Games","final","San Salvador, El Salvador",14.05,NA,11.55,13.55,1.37733481519027,NA,-0.125594460673556,1.31617163232295,"El Salvador",FALSE,"Mexico",FALSE
1820,"MORENO","Alexa","MEX","2023 Central American and Caribbean Games","qual","San Salvador, El Salvador",14.35,12.2,12.15,13.35,1.75245103031546,0.113172000815278,0.315965699347563,1.13145219359767,"El Salvador",FALSE,"Mexico",FALSE
1821,"MORENO","Alexa","MEX","SANTIAGO 2023 XIX Pan American Games","qual","Santiago, Chile",NA,11.633,NA,NA,NA,-0.239386812326247,NA,NA,"Chile",FALSE,"Mexico",FALSE
1822,"MORENO MEDINA","Alexa","MEX","2023 Artistic Gymnastics Senior Pan American Championships","TeamFinal","Medellin, Colombia",14.1,NA,11.667,12.833,1.4398541843778,NA,-0.0394902294694381,0.653952444492804,"Colombia",FALSE,"Mexico",FALSE
1823,"MORENO MEDINA","Alexa Citlali","MEX","2023 Artistic Gymnastics Senior Pan American Championships","TeamQual","Medellin, Colombia",14.167,12.3,12.233,12.9,1.52363013908909,0.175351685672691,0.377048188150484,0.715833456465775,"Colombia",FALSE,"Mexico",FALSE
1824,"MORGAN","Kaylen","USA","2022 Winter Cup","AAfinal","Frisco, Texas",NA,NA,12.7,NA,NA,NA,0.720729179366921,NA,"Texas",TRUE,"United States",FALSE
1825,"MORGAN","Mali","GBR","2022 British Gymnastics Championships","final","Liverpool, England",NA,NA,12.55,NA,NA,NA,0.610339139361642,NA,"England",FALSE,"England",TRUE
1826,"MORGAN","Mali","GBR","2022 British Gymnastics Championships","qual","Liverpool, England",13.1,11.7,12.9,11,0.189466800627148,-0.197726423471781,0.867915899373961,-1.03900121142444,"England",FALSE,"England",TRUE
1827,"MORGAN","Mali","GBR","2023 British Gymnastics Championships","final","Liverpool, England",13.15,NA,NA,12.25,0.251986169814681,NA,NA,0.115495280608595,"England",FALSE,"England",TRUE
1828,"MORGAN","Mali","GBR","2023 British Gymnastics Championships","qual","Liverpool, England",13.2,11.9,11.95,12.9,0.314505539002213,-0.0733670537569569,0.168778979340522,0.715833456465775,"England",FALSE,"England",TRUE
1830,"MORI","Aoka","JPN","2023 Baku World Cup","qual","Baku, Azerbaijan",NA,12.9,12.633,NA,NA,0.548429794817161,0.671421628164562,NA,"Azerbaijan",FALSE,"Japan",FALSE
1831,"MORING","Liliana","GBR","2022 British Gymnastics Championships","qual","Liverpool, England",11.7,NA,10.8,10.4,-1.56107553662377,NA,-0.677544660699954,-1.5931595276003,"England",FALSE,"England",TRUE
1832,"MORONEY","Paige","GBR","2022 British Gymnastics Championships","qual","Liverpool, England",11.6,10.6,11.2,12,-1.68611427499883,-0.881702956903311,-0.383171220685876,-0.115404017798012,"England",FALSE,"England",TRUE
1833,"MÖRZ","Alissa","AUT","2022 Varna World Challenge Cup","qual","Varna, Bulgaria",NA,10.35,10.05,NA,NA,-1.03715216904684,-1.22949486072635,NA,"Bulgaria",FALSE,"Austria",FALSE
1834,"MÖRZ","Charlize","AUT","2022 Paris World Challenge Cup","qual","Paris, France",12.85,NA,NA,11.8,-0.123130045310515,NA,NA,-0.300123456523297,"France",FALSE,"Austria",FALSE
1835,"MUEANGPHUAN","Sasiwimion","THA","2023 10th Senior Artistic Gymnastics Asian Championships","qual","Singapore",NA,NA,NA,12.8,NA,NA,NA,0.623473737103132,"Singapore",FALSE,"Thailand",FALSE
1836,"MUEANGPHUAN","Sasiwimon","THA","2022 51st FIG Artistic Gymnastics World Championships","qual","Liverpool, England",11.4,10.2,11.266,12.033,-1.93619175174896,-1.13042169633296,-0.334599603083552,-0.0849253104083405,"England",FALSE,"Thailand",FALSE
1837,"MUEANGPHUAN","Sasiwimon","THA","2022 9th Senior Artistic Gymnastics Asian Championships","final","Doha, Qatar",11.967,NA,NA,11.367,-1.22722210516234,NA,NA,-0.700041041363541,"Qatar",FALSE,"Thailand",FALSE
1838,"MUEANGPHUAN","Sasiwimon","THA","2022 9th Senior Artistic Gymnastics Asian Championships","qual","Doha, Qatar",12.5,7.767,10.833,12.567,-0.560765629623243,-2.64325342891379,-0.653258851898793,0.408275590988174,"Qatar",FALSE,"Thailand",FALSE
1839,"MUEANGPHUAN","Sasiwimon","THA","2023 10th Senior Artistic Gymnastics Asian Championships","final","Singapore",NA,NA,NA,11.933,NA,NA,NA,-0.177285029770983,"Singapore",FALSE,"Thailand",FALSE
1840,"MUEANGPHUAN","Sasiwimon","THA","2023 10th Senior Artistic Gymnastics Asian Championships","qual","Singapore",12.466,9.933,10.366,NA,-0.603278800670766,-1.29644145490225,-0.99693984311523,NA,"Singapore",FALSE,"Thailand",FALSE
1841,"MUEANGPHUAN","Sasiwimon","THA","HANGZHOU 2022 19th Asian Games","AAfinal","Hangzhou, China",12.366,9.7,11.133,12.533,-0.728317539045831,-1.44132012062002,-0.432478771888234,0.376873286404874,"China",FALSE,"Thailand",FALSE
1842,"MUEANGPHUAN","Sasiwimon","THA","HANGZHOU 2022 19th Asian Games","qual","Hangzhou, China",11.866,8.966,10.966,12.466,-1.35351123092116,-1.89771900747342,-0.555379683094112,0.314992274431903,"China",FALSE,"Thailand",FALSE
1843,"MUELLER","Elle","USA","2022 U.S. Championships","final","Tampa, FL",13.5,13.9,12.3,13.45,0.689621754127409,1.17022664339128,0.426355739352843,1.22381191296031,"FL",FALSE,"United States",FALSE
1844,"MUELLER","Elle","USA","2022 U.S. Championships","qual","Tampa, FL",13.85,12.75,13.25,12.95,1.12725733844014,0.455160267531044,1.12549265938628,0.762013316147095,"FL",FALSE,"United States",FALSE
1845,"MUELLER","Elle","USA","2022 Winter Cup","AAfinal","Frisco, Texas",13,13.45,12.35,12.75,0.0644280622520831,0.890418061532926,0.463152419354602,0.57729387742181,"Texas",TRUE,"United States",FALSE
1846,"MUELLER","Elle","USA","2023 Core Hydration Classic","AAfinal","Hoffman Estates, Illinois",13.4,13.3,10.55,NA,0.564583015752344,0.797148534246809,-0.861528060708753,NA,"Illinois",TRUE,"United States",FALSE
1847,"MUELLER","Elle","USA","2023 Winter Cup","AAfinal","Louisville, Kentucky",13.65,13.4,12.2,13,0.877179861690008,0.859328219104221,0.352762379349322,0.808193175828418,"Kentucky",TRUE,"United States",FALSE
1849,"MURPHY","Ella","USA","2023 Core Hydration Classic","AAfinal","Hoffman Estates, Illinois",12.9,12.4,10.8,12.4,-0.0606106761229817,0.237531370530102,-0.677544660699954,0.25403485965256,"Illinois",TRUE,"United States",FALSE
1850,"NAPIER","Garcelle","RSA","2022 Varna World Challenge Cup","qual","Varna, Bulgaria",13,NA,NA,11.8,0.0644280622520831,NA,NA,-0.300123456523297,"Bulgaria",FALSE,"South Africa",FALSE
1851,"NAPIER","Garcelle","RSA","2023 52nd FIG Artistic Gymnastics World Championships","qual","Antwerp, Belgium",13.1,11.466,NA,12.166,0.189466800627148,-0.343226886038125,NA,0.0379131163439755,"Belgium",FALSE,"South Africa",FALSE
1852,"NAPIER","Garcelle","RSA","2023 Osijek World Challenge Cup","qual","Osijek, Croatia",12.366,10.933,NA,12.133,-0.728317539045831,-0.67464460632813,NA,0.00743440895430216,"Croatia",FALSE,"South Africa",FALSE
1853,"NAPIER","Garcelle","RSA","BIRMINGHAM 2022 Commonwealth Games","qual","Birmingham, England",13,11.5,NA,11.55,0.0644280622520831,-0.322085793186604,NA,-0.531022754929905,"England",FALSE,"South Africa",FALSE
1854,"NATARAJ","Ruthuja","IND","2022 9th Senior Artistic Gymnastics Asian Championships","qual","Doha, Qatar",NA,8.433,11.367,9.867,NA,-2.22913672776343,-0.260270309479997,-2.08543683180319,"Qatar",FALSE,"India",FALSE
1855,"NATARAJ","Ruthuja","IND","2022 Osijek World Challenge Cup","qual","Osijek, Croatia",NA,7.4,11.033,11.066,NA,-2.87145287234049,-0.506072131891754,-0.978043796645097,"Croatia",FALSE,"India",FALSE
1856,"NATARAJ","Ruthuja","IND","BIRMINGHAM 2022 Commonwealth Games","AAfinal","Birmingham, England",12.95,10,10.25,9.8,0.00190869306454961,-1.25478106604778,-1.08230814071931,-2.14731784377616,"England",FALSE,"India",FALSE
1857,"NATARAJ","Ruthuja","IND","BIRMINGHAM 2022 Commonwealth Games","qual","Birmingham, England",NA,11.95,11.35,10.65,NA,-0.0422772113282516,-0.272781180680596,-1.36226022919369,"England",FALSE,"India",FALSE
1858,"NATHAN","Nadine Joy","SGP","2022 51st FIG Artistic Gymnastics World Championships","qual","Liverpool, England",12.566,11.3,10.666,11.5,-0.478240062295699,-0.446445162901428,-0.776159763104671,-0.577202614611227,"England",FALSE,"Singapore",FALSE
1859,"NATHAN","Nadine Joy","SGP","2023 52nd FIG Artistic Gymnastics World Championships","qual","Antwerp, Belgium",12.966,11.466,10.3,11,0.0219148912045601,-0.343226886038125,-1.04551146071755,-1.03900121142444,"Belgium",FALSE,"Singapore",FALSE
1860,"NATHAN","Nadine Joy","SGP","BIRMINGHAM 2022 Commonwealth Games","AAfinal","Birmingham, England",12.85,12.05,11.6,11.4,-0.123130045310515,0.0199024735291611,-0.0887977806717965,-0.66956233397387,"England",FALSE,"Singapore",FALSE
1861,"NATHAN","Nadine Joy","SGP","BIRMINGHAM 2022 Commonwealth Games","qual","Birmingham, England",12.7,10.7,9.75,11.45,-0.310688152873113,-0.8195232720459,-1.45027494073691,-0.623382474292549,"England",FALSE,"Singapore",FALSE
1862,"NATHAN","Nadine Joy","SGP","HANGZHOU 2022 19th Asian Games","qual","Hangzhou, China",12.7,11.733,12.6,10.433,-0.310688152873113,-0.177207127468835,0.647135819363401,-1.56268082021063,"China",FALSE,"Singapore",FALSE
1863,"NATHAN","Nadine Joy","SIN","2022 9th Senior Artistic Gymnastics Asian Championships","qual","Doha, Qatar",12.833,12.4,11,11.533,-0.144386630834276,0.237531370530102,-0.530357940692915,-0.546723907221555,"Qatar",FALSE,"Singapore",FALSE
1864,"NATHAN","Nadine Joy","SIN","2023 10th Senior Artistic Gymnastics Asian Championships","final","Singapore",NA,NA,12.133,NA,NA,NA,0.303454828146963,NA,"Singapore",FALSE,"Singapore",TRUE
1865,"NATHAN","Nadine Joy","SIN","2023 10th Senior Artistic Gymnastics Asian Championships","qual","Singapore",12.966,12.133,12.433,11.3,0.0219148912045601,0.0715116119608119,0.524234908157523,-0.761922053336512,"Singapore",FALSE,"Singapore",TRUE
1866,"NAVAS","Karla","PAN","2022 51st FIG Artistic Gymnastics World Championships","qual","Liverpool, England",13.066,11.066,8.833,12.133,0.146953629579627,-0.591945625467771,-2.12512605196919,0.00743440895430216,"England",FALSE,"Panama",FALSE
1867,"NAVAS","Karla","PAN","2023 52nd FIG Artistic Gymnastics World Championships","qual","Antwerp, Belgium",13.7,12.766,11.866,11.966,0.939699230877539,0.465109017108229,0.106960556937566,-0.146806322381311,"Belgium",FALSE,"Panama",FALSE
1868,"NAVAS","Karla","PAN","SANTIAGO 2023 XIX Pan American Games","AAfinal","Santiago, Chile",12.933,12.566,11.3,11.466,-0.0193478924592108,0.340749647393406,-0.309577860682355,-0.608604919194526,"Chile",FALSE,"Panama",FALSE
1869,"NAVAS","Karla","PAN","SANTIAGO 2023 XIX Pan American Games","qual","Santiago, Chile",12.366,11.466,11.266,11.433,-0.728317539045831,-0.343226886038125,-0.334599603083552,-0.639083626584198,"Chile",FALSE,"Panama",FALSE
1870,"NAVAS BOYD","Karla","PAN","2023 Central American and Caribbean Games","final","San Salvador, El Salvador",12.6,NA,NA,NA,-0.435726891248178,NA,NA,NA,"El Salvador",FALSE,"Panama",FALSE
1871,"NAVAS BOYD","Karla","PAN","2023 Central American and Caribbean Games","qual","San Salvador, El Salvador",13.25,NA,NA,NA,0.377024908189746,NA,NA,NA,"El Salvador",FALSE,"Panama",FALSE
1872,"NAVAS BOYD","Karla Andrea","PAN","2023 Artistic Gymnastics Senior Pan American Championships","TeamFinal","Medellin, Colombia",13.2,12.567,10.767,12.067,0.314505539002213,0.34137144424198,-0.701830469501116,-0.0535230058250412,"Colombia",FALSE,"Panama",FALSE
1873,"NAVAS BOYD","Karla Andrea","PAN","2023 Artistic Gymnastics Senior Pan American Championships","TeamQual","Medellin, Colombia",13.2,13,11.533,11.633,0.314505539002213,0.610609479674573,-0.138105331874155,-0.454364187858913,"Colombia",FALSE,"Panama",FALSE
1874,"NAVAS BOYD","Karla Andrea","PAN","2023 Central American and Caribbean Games","AAfinal","San Salvador, El Salvador",13.35,12.55,12.35,12.25,0.502063646564811,0.33080089781622,0.463152419354602,0.115495280608595,"El Salvador",FALSE,"Panama",FALSE
1875,"NAVAS BOYD","Karla Andrea","PAN","2023 Central American and Caribbean Games","final","San Salvador, El Salvador",NA,13.05,12,NA,NA,0.64169932210328,0.205575659342283,NA,"El Salvador",FALSE,"Panama",FALSE
1876,"NAVAS BOYD","Karla Andrea","PAN","2023 Central American and Caribbean Games","qual","San Salvador, El Salvador",13.25,13.1,11.65,11.7,0.377024908189746,0.672789164531985,-0.0520011006700361,-0.392483175885942,"El Salvador",FALSE,"Panama",FALSE
1877,"NAYAK","Pranati","IND","2022 51st FIG Artistic Gymnastics World Championships","qual","Liverpool, England",12.8,NA,NA,NA,-0.185649414498046,NA,NA,NA,"England",FALSE,"India",FALSE
1878,"NAYAK","Pranati","IND","2022 9th Senior Artistic Gymnastics Asian Championships","final","Doha, Qatar",13.767,NA,NA,NA,1.02347518558883,NA,NA,NA,"Qatar",FALSE,"India",FALSE
1879,"NAYAK","Pranati","IND","2022 9th Senior Artistic Gymnastics Asian Championships","qual","Doha, Qatar",11.933,8.433,10.9,11,-1.26973527620986,-2.22913672776343,-0.603951300696434,-1.03900121142444,"Qatar",FALSE,"India",FALSE
1880,"NAYAK","Pranati","IND","2022 Baku World Cup","final","Baku, Azerbaijan",13,NA,NA,NA,0.0644280622520831,NA,NA,NA,"Azerbaijan",FALSE,"India",FALSE
1881,"NAYAK","Pranati","IND","2022 Baku World Cup","qual","Baku, Azerbaijan",12.833,NA,NA,NA,-0.144386630834276,NA,NA,NA,"Azerbaijan",FALSE,"India",FALSE
1882,"NAYAK","Pranati","IND","2022 Osijek World Challenge Cup","qual","Osijek, Croatia",13.1,NA,NA,10.2,0.189466800627148,NA,NA,-1.77787896632559,"Croatia",FALSE,"India",FALSE
1883,"NAYAK","Pranati","IND","2023 10th Senior Artistic Gymnastics Asian Championships","final","Singapore",12.833,NA,NA,NA,-0.144386630834276,NA,NA,NA,"Singapore",FALSE,"India",FALSE
1884,"NAYAK","Pranati","IND","2023 10th Senior Artistic Gymnastics Asian Championships","qual","Singapore",13,10.666,10,10.766,0.0644280622520831,-0.840664364897419,-1.26629154072811,-1.25512295473303,"Singapore",FALSE,"India",FALSE
1885,"NAYAK","Pranati","IND","BIRMINGHAM 2022 Commonwealth Games","final","Birmingham, England",13.633,NA,NA,NA,0.855923276166245,NA,NA,NA,"England",FALSE,"India",FALSE
1886,"NAYAK","Pranati","IND","BIRMINGHAM 2022 Commonwealth Games","qual","Birmingham, England",13.6,9.25,11,9.65,0.814660492502474,-1.72112870247837,-0.530357940692915,-2.28585742282012,"England",FALSE,"India",FALSE
1887,"NAYAK","Pranati","IND","HANGZHOU 2022 19th Asian Games","final","Hangzhou, China",12.1,NA,NA,NA,-1.0609205831235,NA,NA,NA,"China",FALSE,"India",FALSE
1888,"NAYAK","Pranati","IND","HANGZHOU 2022 19th Asian Games","qual","Hangzhou, China",12.866,10.3,11.233,9.833,-0.103123847170505,-1.06824201147555,-0.358885411884713,-2.11683913638649,"China",FALSE,"India",FALSE
1889,"NEAL","Marissa","USA","2022 U.S. Championships","final","Tampa, FL",13.8,10.75,13.3,12.45,1.06473796925261,-0.788433429617193,1.16228933938804,0.300214719333881,"FL",FALSE,"United States",FALSE
1890,"NEAL","Marissa","USA","2022 U.S. Championships","qual","Tampa, FL",13.65,12.35,13.15,12.35,0.877179861690008,0.206441528101396,1.05189929938276,0.207854999971238,"FL",FALSE,"United States",FALSE
1891,"NEAL","Marissa","USA","2022 U.S. Classic","AAfinal","West Valley City, Utah",13.85,12.85,12.95,12,1.12725733844014,0.517339952388455,0.90471257937572,-0.115404017798012,"Utah",TRUE,"United States",FALSE
1892,"NEAL","Marissa","USA","2022 Winter Cup","AAfinal","Frisco, Texas",13,10.8,12.9,12.4,0.0644280622520831,-0.757343587188487,0.867915899373961,0.25403485965256,"Texas",TRUE,"United States",FALSE
1893,"NEAL","Marissa","USA","2023 Core Hydration Classic","AAfinal","Hoffman Estates, Illinois",13.65,12.65,12.55,12.2,0.877179861690008,0.392980582673632,0.610339139361642,0.0693154209272731,"Illinois",TRUE,"United States",FALSE
1894,"NEAL","Marissa","USA","2023 U.S. Championships","final","San Jose, CA",13.7,12.3,12.85,13,0.939699230877539,0.175351685672691,0.831119219372201,0.808193175828418,"California",TRUE,"United States",FALSE
1895,"NEAL","Marissa","USA","2023 U.S. Championships","qual","San Jose, CA",13.6,12.35,13,12.9,0.814660492502474,0.206441528101396,0.941509259377481,0.715833456465775,"California",TRUE,"United States",FALSE
1896,"NEAL","Marissa","USA","2023 Winter Cup","AAfinal","Louisville, Kentucky",13.35,10.85,11.6,11.35,0.502063646564811,-0.726253744759782,-0.0887977806717965,-0.715742193655192,"Kentucky",TRUE,"United States",FALSE
1897,"NELSON","Laura","GBR","2022 British Gymnastics Championships","qual","Liverpool, England",12.95,10.3,9.4,10.45,0.00190869306454961,-1.06824201147555,-1.70785170074923,-1.54697966791898,"England",FALSE,"England",TRUE
1898,"NELSON","Laura","GBR","2023 British Gymnastics Championships","qual","Liverpool, England",13.1,9.9,10.25,11.55,0.189466800627148,-1.31696075090519,-1.08230814071931,-0.531022754929905,"England",FALSE,"England",TRUE
1899,"NEMOUR","Kaylia","ALG","2023 52nd FIG Artistic Gymnastics World Championships","AAfinal","Antwerp, Belgium",12.766,15.2,13.3,12.7,-0.228162585545569,1.97856254653763,1.16228933938804,0.531114017740488,"Belgium",FALSE,"Algeria",FALSE
1900,"NEMOUR","Kaylia","ALG","2023 52nd FIG Artistic Gymnastics World Championships","final","Antwerp, Belgium",NA,15.033,NA,NA,NA,1.87472247282576,NA,NA,"Belgium",FALSE,"Algeria",FALSE
1901,"NEMOUR","Kaylia","ALG","2023 52nd FIG Artistic Gymnastics World Championships","qual","Antwerp, Belgium",13,14.733,13.266,12.7,0.0644280622520831,1.68818341825352,1.13726759698684,0.531114017740488,"Belgium",FALSE,"Algeria",FALSE
1902,"NETZER","Ofir","ISR","2022 51st FIG Artistic Gymnastics World Championships","qual","Liverpool, England",13.1,12.166,9.2,12.4,0.189466800627148,0.0920309079637586,-1.85503842075627,0.25403485965256,"England",FALSE,"Israel",FALSE
1903,"NETZER","Ofir","ISR","2022 Cottbus World Cup","final","Cottbus, Germany",13.2,12.4,NA,NA,0.314505539002213,0.237531370530102,NA,NA,"Germany",FALSE,"Israel",FALSE
1904,"NETZER","Ofir","ISR","2022 Cottbus World Cup","qual","Cottbus, Germany",12.933,12.333,11.5,10.033,-0.0193478924592108,0.195870981675636,-0.162391140675316,-1.9321196976612,"Germany",FALSE,"Israel",FALSE
1905,"NETZER","Ofir","ISR","2022 Paris World Challenge Cup","qual","Paris, France",12.95,10.45,NA,NA,0.00190869306454961,-0.974972484189429,NA,NA,"France",FALSE,"Israel",FALSE
1906,"NETZER","Ofir","ISR","2022 Senior European Championships","qual","Munich, Germany",13.166,12.433,9.233,11.166,0.271992367954692,0.258050666533048,-1.83075261195511,-0.885684077282454,"Germany",FALSE,"Israel",FALSE
1907,"NETZER","Ofir","ISR","2023 Tel Aviv World Challenge Cup","qual","Tel Aviv, Israel",NA,10.6,NA,NA,NA,-0.881702956903311,NA,NA,"Israel",FALSE,"Israel",TRUE
1908,"NEURAUTER","Mali","NOR","2022 51st FIG Artistic Gymnastics World Championships","qual","Liverpool, England",12.366,NA,NA,NA,-0.728317539045831,NA,NA,NA,"England",FALSE,"Norway",FALSE
1909,"NEURAUTER","Mali","NOR","2022 Baku World Cup","qual","Baku, Azerbaijan",12.4,11.3,10.966,NA,-0.685804367998308,-0.446445162901428,-0.555379683094112,NA,"Azerbaijan",FALSE,"Norway",FALSE
1910,"NEURAUTER","Mali","NOR","2022 Paris World Challenge Cup","qual","Paris, France",11.7,11.1,NA,11.35,-1.56107553662377,-0.570804532616252,NA,-0.715742193655192,"France",FALSE,"Norway",FALSE
1911,"NEURAUTER","Mali","NOR","2022 Senior European Championships","qual","Munich, Germany",11.9,11.2,11.733,NA,-1.31099805987363,-0.50862484775884,0.00908138813288544,NA,"Germany",FALSE,"Norway",FALSE
1912,"NEURAUTER","Mali","NOR","2023 Cottbus World Cup","qual","Cottbus, Germany",NA,NA,12.366,NA,NA,NA,0.474927356955165,NA,"Germany",FALSE,"Norway",FALSE
1913,"NEURAUTER","Mali","NOR","2023 Senior European Championships","qual","Antalya, Turkey",NA,11.033,10.966,11.966,NA,-0.612464921470718,-0.555379683094112,-0.146806322381311,"Turkey",FALSE,"Norway",FALSE
1914,"NEURAUTER","Mali","NOR","2023 Varna World Challenge Cup","qual","Varna, Bulgaria",NA,8.966,NA,NA,NA,-1.89771900747342,NA,NA,"Bulgaria",FALSE,"Norway",FALSE
1915,"NEWMAN ACHEE","Annalise","TTO","2023 Central American and Caribbean Games","AAfinal","San Salvador, El Salvador",12.85,12.35,12.25,11.3,-0.123130045310515,0.206441528101396,0.389559059351082,-0.761922053336512,"El Salvador",FALSE,"Trinidad and Tobago",FALSE
1916,"NEWMAN ACHEE","Annalise","TTO","2023 Central American and Caribbean Games","final","San Salvador, El Salvador",NA,12.2,NA,NA,NA,0.113172000815278,NA,NA,"El Salvador",FALSE,"Trinidad and Tobago",FALSE
1917,"NEWMAN ACHEE","Annalise","TTO","2023 Central American and Caribbean Games","qual","San Salvador, El Salvador",13.1,12.85,11.45,10.75,0.189466800627148,0.517339952388455,-0.199187820677076,-1.26990050983105,"El Salvador",FALSE,"Trinidad and Tobago",FALSE
1918,"NEWMAN ACHEE","Annalise","TTO","BIRMINGHAM 2022 Commonwealth Games","qual","Birmingham, England",NA,5.3,9.45,11.25,NA,-4.17722625434614,-1.67105502074747,-0.808101913017834,"England",FALSE,"Trinidad and Tobago",FALSE
1919,"NEWMAN ACHEE","Annalise Becca","TTO","2022 51st FIG Artistic Gymnastics World Championships","qual","Liverpool, England",13,8.566,10.333,11.7,0.0644280622520831,-2.14643774690307,-1.02122565191639,-0.392483175885942,"England",FALSE,"Trinidad and Tobago",FALSE
1920,"NHLEKO","Buhle","RSA","2022 Osijek World Challenge Cup","qual","Osijek, Croatia",12.233,NA,8.366,NA,-0.894619061084666,NA,-2.46880704318563,NA,"Croatia",FALSE,"South Africa",FALSE
1921,"NHLEKO","Phiwe","RSA","2022 Koper World Challenge Cup","qual","Koper, Slovenia",11.75,NA,NA,9.85,-1.49855616743623,NA,NA,-2.10113798409484,"Slovenia",FALSE,"South Africa",FALSE
1922,"NIEMINEN","Viivi","FIN","2022 Mersin World Challenge Cup","final","Mersin, Turkey",12.5,NA,11.2,NA,-0.560765629623243,NA,-0.383171220685876,NA,"Turkey",FALSE,"Finland",FALSE
1923,"NIEMINEN","Viivi","FIN","2022 Mersin World Challenge Cup","qual","Mersin, Turkey",11.45,10.8,11.65,NA,-1.87367238256143,-0.757343587188487,-0.0520011006700361,NA,"Turkey",FALSE,"Finland",FALSE
1924,"NIEMINEN","Viivi","FIN","2023 Cairo World Cup","qual","Cairo, Egypt",12.233,10.4,7.933,11,-0.894619061084666,-1.00606232661813,-2.78746629200087,-1.03900121142444,"Egypt",FALSE,"Finland",FALSE
1925,"NIEMINEN","Viivi","FIN","2023 Cottbus World Cup","qual","Cottbus, Germany",11.7,NA,NA,NA,-1.56107553662377,NA,NA,NA,"Germany",FALSE,"Finland",FALSE
1926,"NORIEGA","Yurisaday Mercedes","CUB","2023 Artistic Gymnastics Senior Pan American Championships","TeamQual","Medellin, Colombia",NA,8.033,10.867,9.6,NA,-2.47785546719307,-0.628237109497595,-2.33203728250144,"Colombia",FALSE,"Cuba",FALSE
1927,"NORMANN","Camille","DEN","2022 Senior European Championships","qual","Munich, Germany",NA,10.266,10.166,9.133,NA,-1.08938310432707,-1.14412656312227,-2.76335717192499,"Germany",FALSE,"Denmark",FALSE
1928,"NYAMDORJ","Uyanga-Undrakh","MGL","2023 10th Senior Artistic Gymnastics Asian Championships","qual","Singapore",NA,NA,5.366,NA,NA,NA,-4.67660784329122,NA,"Singapore",FALSE,"Mongolia",FALSE
1929,"O DRISCOLL","Aberdeen","BEL","2023 Senior European Championships","qual","Antalya, Turkey",13.133,NA,NA,12.833,0.230729584290919,NA,NA,0.653952444492804,"Turkey",FALSE,"Belgium",FALSE
1930,"O FLAHERTY","Sophie","GBR","2023 British Gymnastics Championships","qual","Liverpool, England",NA,11.8,NA,NA,NA,-0.135546738614369,NA,NA,"England",FALSE,"England",TRUE
1931,"O HARA","Milli De","GBR","2023 British Gymnastics Championships","qual","Liverpool, England",11.6,11.25,10.05,11.25,-1.68611427499883,-0.477535005330134,-1.22949486072635,-0.808101913017834,"England",FALSE,"England",TRUE
1932,"O'DRISCOL","Aberdeen","BEL","EnBW DTB Pokal Team Challenge 2023","qual","Stuttgart, Germany",12.95,NA,10.1,12.85,0.00190869306454961,NA,-1.19269818072459,0.669653596784453,"Germany",FALSE,"Belgium",FALSE
1933,"OCHIRSUKH","Javzandolgor","MGL","2023 10th Senior Artistic Gymnastics Asian Championships","qual","Singapore",NA,9.766,11.166,11.333,NA,-1.40028152861413,-0.408192963087072,-0.731443345946841,"Singapore",FALSE,"Mongolia",FALSE
1934,"OGIEGLO","Ada","POL","2022 Baku World Cup","qual","Baku, Azerbaijan",NA,NA,9.166,11,NA,NA,-1.88006016315747,-1.03900121142444,"Azerbaijan",FALSE,"Poland",FALSE
1935,"OGIEGLO","Ada","POL","2022 Cottbus World Cup","final","Cottbus, Germany",NA,NA,NA,11.733,NA,NA,NA,-0.362004468496268,"Germany",FALSE,"Poland",FALSE
1936,"OGIEGLO","Ada","POL","2022 Cottbus World Cup","qual","Cottbus, Germany",NA,NA,NA,11.6,NA,NA,NA,-0.484842895248584,"Germany",FALSE,"Poland",FALSE
1937,"OGIEGLO","Ada","POL","2022 Szombathely World Challenge Cup","qual","Szombathely, Hungary",NA,NA,10.7,10.933,NA,NA,-0.751138020703475,-1.10088222339741,"Hungary",FALSE,"Poland",FALSE
1938,"OH","Soseon","KOR","HANGZHOU 2022 19th Asian Games","qual","Hangzhou, China",NA,10.4,11.433,11.9,NA,-1.00606232661813,-0.211698691877674,-0.207763737160655,"China",FALSE,"Korea, South",FALSE
1939,"OJALA","Rosanna","FIN","2023 Osijek World Challenge Cup","qual","Osijek, Croatia",NA,9.033,NA,NA,NA,-1.85605861861895,NA,NA,"Croatia",FALSE,"Finland",FALSE
1940,"OJALA","Rosanna","FIN","2023 Varna World Challenge Cup","qual","Varna, Bulgaria",NA,10.866,NA,NA,NA,-0.716304995182596,NA,NA,"Bulgaria",FALSE,"Finland",FALSE
1941,"OKAMURA","Mana","JPN","2023 Cottbus World Cup","final","Cottbus, Germany",NA,NA,14.133,NA,NA,NA,1.77532202821736,NA,"Germany",FALSE,"Japan",FALSE
1942,"OKAMURA","Mana","JPN","2023 Cottbus World Cup","qual","Cottbus, Germany",NA,12.3,13.666,NA,NA,0.175351685672691,1.43164103700092,NA,"Germany",FALSE,"Japan",FALSE
1943,"OKAMURA","Mana","JPN","HANGZHOU 2022 19th Asian Games","AAfinal","Hangzhou, China",12.866,13.033,13.933,13.066,-0.103123847170505,0.631128775677519,1.62813530821032,0.869150590607763,"China",FALSE,"Japan",FALSE
1944,"OKAMURA","Mana","JPN","HANGZHOU 2022 19th Asian Games","final","Hangzhou, China",NA,11.2,13.966,12.7,NA,-0.50862484775884,1.65242111701148,0.531114017740488,"China",FALSE,"Japan",FALSE
1945,"OKAMURA","Mana","JPN","HANGZHOU 2022 19th Asian Games","qual","Hangzhou, China",NA,12.933,13.366,13.133,NA,0.568949090820107,1.21086095699036,0.931031602580732,"China",FALSE,"Japan",FALSE
1946,"OLENOVA","Arina","LAT","2022 Senior European Championships","qual","Munich, Germany",12.166,8.166,9.466,11.433,-0.97839501579596,-2.39515648633272,-1.65928008314691,-0.639083626584198,"Germany",FALSE,"Latvia",FALSE
1947,"OLENOVA","Arina","LAT","2023 FISU World University Games","qual","Chengdu, China",12.2,9.066,9.266,11.033,-0.935881844748439,-1.83553932261601,-1.80646680315395,-1.00852250403477,"China",FALSE,"Latvia",FALSE
1948,"OLIVEIRA","Lorrane","BRA","2022 51st FIG Artistic Gymnastics World Championships","qual","Liverpool, England",12.666,13.233,NA,NA,-0.353201323920634,0.755488145392343,NA,NA,"England",FALSE,"Brazil",FALSE
1949,"OLIVEIRA","Lorrane","BRA","2022 51st FIG Artistic Gymnastics World Championships","TeamFinal","Liverpool, England",13.133,13.2,NA,NA,0.230729584290919,0.734968849389396,NA,NA,"England",FALSE,"Brazil",FALSE
1950,"OLIVEIRA","Lorrane","BRA","2022 Paris World Challenge Cup","final","Paris, France",NA,12.95,NA,NA,NA,0.579519637245867,NA,NA,"France",FALSE,"Brazil",FALSE
1951,"OLIVEIRA","Lorrane","BRA","2022 Paris World Challenge Cup","qual","Paris, France",NA,13.6,11.35,NA,NA,0.983687588819044,-0.272781180680596,NA,"France",FALSE,"Brazil",FALSE
1952,"OLIVEIRA","Lorrane","BRA","2023 52nd FIG Artistic Gymnastics World Championships","qual","Antwerp, Belgium",NA,12.033,NA,NA,NA,0.00933192710340031,NA,NA,"Belgium",FALSE,"Brazil",FALSE
1953,"OLIVEIRA","Lorrane","BRA","2023 52nd FIG Artistic Gymnastics World Championships","TeamFinal","Antwerp, Belgium",NA,13.166,NA,NA,NA,0.713827756537877,NA,NA,"Belgium",FALSE,"Brazil",FALSE
1954,"OLIVEIRA","Lorrane","BRA","2023 Osijek World Challenge Cup","final","Osijek, Croatia",NA,12.866,NA,NA,NA,0.527288701965641,NA,NA,"Croatia",FALSE,"Brazil",FALSE
1955,"OLIVEIRA","Lorrane","BRA","2023 Osijek World Challenge Cup","qual","Osijek, Croatia",NA,13.3,11.066,11.4,NA,0.797148534246809,-0.481786323090591,-0.66956233397387,"Croatia",FALSE,"Brazil",FALSE
1956,"OORSCHOT","Shade van","NED","2022 Varna World Challenge Cup","qual","Varna, Bulgaria",NA,NA,12.2,12.35,NA,NA,0.352762379349322,0.207854999971238,"Bulgaria",FALSE,"Netherlands",FALSE
1957,"ORTIZ ZABALA","Salme Stephanie","BOL","2023 Artistic Gymnastics Senior Pan American Championships","TeamQual","Medellin, Colombia",11.2,6.533,8.333,8.333,-2.18626922849909,-3.41055074005425,-2.49309285198679,-3.50223492682613,"Colombia",FALSE,"Bolivia",FALSE
1958,"OSIPOVA","Valeriia","UKR","2022 51st FIG Artistic Gymnastics World Championships","qual","Liverpool, England",13.066,10.6,11.566,12.166,0.146953629579627,-0.881702956903311,-0.113819523072992,0.0379131163439755,"England",FALSE,"Ukraine",FALSE
1959,"OSIPOVA","Valeriia","UKR","2022 Senior European Championships","qual","Munich, Germany",12.833,12.533,11.4,12.366,-0.144386630834276,0.32023035139046,-0.235984500678836,0.222632555069261,"Germany",FALSE,"Ukraine",FALSE
1960,"OSYSSEK","Morgane","FRA","2022 Varna World Challenge Cup","final","Varna, Bulgaria",NA,NA,NA,12.8,NA,NA,NA,0.623473737103132,"Bulgaria",FALSE,"France",FALSE
1961,"OSYSSEK","Morgane","FRA","2022 Varna World Challenge Cup","qual","Varna, Bulgaria",12.95,NA,NA,12.95,0.00190869306454961,NA,NA,0.762013316147095,"Bulgaria",FALSE,"France",FALSE
1962,"OSYSSEK","Morgane","FRA","2023 Tel Aviv World Challenge Cup","final","Tel Aviv, Israel",13.1,NA,NA,13.367,0.189466800627148,NA,NA,1.14715334588932,"Israel",FALSE,"France",FALSE
1963,"OSYSSEK","Morgane","FRA","2023 Tel Aviv World Challenge Cup","qual","Tel Aviv, Israel",13.333,11.633,NA,13.233,0.480807061041051,-0.239386812326247,NA,1.02339132194338,"Israel",FALSE,"France",FALSE
1964,"OSYSSEK","Morgane","FRA","EnBW DTB Pokal Team Challenge 2023","qual","Stuttgart, Germany",13.1,12.15,13.1,12.55,0.189466800627148,0.0820821583865727,1.015102619381,0.392574438696525,"Germany",FALSE,"France",FALSE
1965,"OSYSSEK REIMER","Morgane","FRA","2022 Senior European Championships","final","Munich, Germany",NA,NA,NA,12.666,NA,NA,NA,0.49971171315719,"Germany",FALSE,"France",FALSE
1966,"OSYSSEK REIMER","Morgane","FRA","2022 Senior European Championships","qual","Munich, Germany",13.3,10.433,12.466,13.2,0.43954427737728,-0.985543030615189,0.548520716958684,0.992912614553703,"Germany",FALSE,"France",FALSE
1967,"OSYSSEK REIMER","Morgane","FRA","2022 Senior European Championships","TeamFinal","Munich, Germany",12.033,NA,11.766,13.166,-1.1446965378348,NA,0.0333671969340466,0.961510309970405,"Germany",FALSE,"France",FALSE
1968,"OSYSSEK REIMER","Morgane","FRA","2023 52nd FIG Artistic Gymnastics World Championships","AAfinal","Antwerp, Belgium",13.2,13.1,13.366,13.133,0.314505539002213,0.672789164531985,1.21086095699036,0.931031602580732,"Belgium",FALSE,"France",FALSE
1969,"OSYSSEK REIMER","Morgane","FRA","2023 52nd FIG Artistic Gymnastics World Championships","qual","Antwerp, Belgium",13.333,12.033,13.033,13.433,0.480807061041051,0.00933192710340031,0.965795068178642,1.20811076066866,"Belgium",FALSE,"France",FALSE
1970,"OSYSSEK REIMER","Morgane","FRA","2023 52nd FIG Artistic Gymnastics World Championships","TeamFinal","Antwerp, Belgium",NA,NA,13.333,13.3,NA,NA,1.1865751481892,1.08527233391635,"Belgium",FALSE,"France",FALSE
1971,"OSYSSEK REIMER","Morgane","FRA","2023 Senior European Championships","AAfinal","Antalya, Turkey",13.2,12.8,12.633,12.3,0.314505539002213,0.48625010995975,0.671421628164562,0.161675140289917,"Turkey",FALSE,"France",FALSE
1972,"OSYSSEK REIMER","Morgane","FRA","2023 Senior European Championships","qual","Antalya, Turkey",13.4,10.566,12.8,12.633,0.564583015752344,-0.902844049754831,0.794322539370442,0.469233005767517,"Turkey",FALSE,"France",FALSE
1973,"OU","Yushan","CHN","2022 51st FIG Artistic Gymnastics World Championships","AAfinal","Liverpool, England",13.1,13.2,13.866,13.733,0.189466800627148,0.734968849389396,1.57882775700796,1.48518991875659,"England",FALSE,"China",FALSE
1974,"OU","Yushan","CHN","2022 51st FIG Artistic Gymnastics World Championships","final","Liverpool, England",NA,NA,13,NA,NA,NA,0.941509259377481,NA,"England",FALSE,"China",FALSE
1975,"OU","Yushan","CHN","2022 51st FIG Artistic Gymnastics World Championships","qual","Liverpool, England",13,14.166,13.9,13.4,0.0644280622520831,1.335624605112,1.60384949940916,1.17763205327899,"England",FALSE,"China",FALSE
1976,"OU","Yushan","CHN","2022 51st FIG Artistic Gymnastics World Championships","TeamFinal","Liverpool, England",13.133,NA,14.266,12.966,0.230729584290919,NA,1.87320119702204,0.776790871245118,"England",FALSE,"China",FALSE
1977,"OU","Yushan","CHN","2023 52nd FIG Artistic Gymnastics World Championships","qual","Antwerp, Belgium",13.1,14.1,14.066,13.366,0.189466800627148,1.2945860131061,1.726014477015,1.14622974869569,"Belgium",FALSE,"China",FALSE
1978,"OU","Yushan","CHN","2023 52nd FIG Artistic Gymnastics World Championships","TeamFinal","Antwerp, Belgium",NA,13.766,13.933,12.066,NA,1.08690586568235,1.62813530821032,-0.0544466030186671,"Belgium",FALSE,"China",FALSE
1979,"OU","Yushan","CHN","2023 FISU World University Games","AAfinal","Chengdu, China",12.933,13.833,14.166,13.566,-0.0193478924592108,1.12856625453681,1.79960783701852,1.33094918742098,"China",FALSE,"China",TRUE
1980,"OU","Yushan","CHN","2023 FISU World University Games","final","Chengdu, China",NA,NA,14.366,13.866,NA,NA,1.94679455702556,1.60802834550891,"China",FALSE,"China",TRUE
1981,"OU","Yushan","CHN","2023 FISU World University Games","qual","Chengdu, China",13.066,14.166,14.2,13.766,0.146953629579627,1.335624605112,1.82462957941972,1.51566862614626,"China",FALSE,"China",TRUE
1982,"PAGONI","Areti","GRE","2022 Cairo World Cup","qual","Cairo, Egypt",NA,8.7,9.2,10.2,NA,-2.06311696919414,-1.85503842075627,-1.77787896632559,"Egypt",FALSE,"Greece",FALSE
1983,"PAGONI","Areti","GRE","2022 Cottbus World Cup","qual","Cottbus, Germany",NA,6.466,9.8,9.1,NA,-3.45221112890872,-1.41347826073515,-2.79383587931466,"Germany",FALSE,"Greece",FALSE
1984,"PAGONI","Areti Paraskevi","GRE","2022 51st FIG Artistic Gymnastics World Championships","qual","Liverpool, England",NA,9.333,11.566,11.633,NA,-1.66951956404672,-0.113819523072992,-0.454364187858913,"England",FALSE,"Greece",FALSE
1985,"PAGONI","Areti Paraskevi","GRE","2022 Senior European Championships","qual","Munich, Germany",11.566,10.533,9.666,10.7,-1.72862744604635,-0.923363345757777,-1.51209336313987,-1.31608036951237,"Germany",FALSE,"Greece",FALSE
1986,"PAGONI","Areti Paraskevi","GRE","2023 Cottbus World Cup","qual","Cottbus, Germany",NA,10.833,11.433,11.466,NA,-0.736824291185541,-0.211698691877674,-0.608604919194526,"Germany",FALSE,"Greece",FALSE
1987,"PAGONI","Areti Paraskevi","GRE","2023 Senior European Championships","qual","Antalya, Turkey",11.9,11.866,8.6,11.7,-1.31099805987363,-0.0945081466084774,-2.29659858077739,-0.392483175885942,"Turkey",FALSE,"Greece",FALSE
1988,"PALICKA","Katrin","AUT","2023 Tel Aviv World Challenge Cup","qual","Tel Aviv, Israel",NA,11.267,8.933,12,NA,-0.466964458904374,-2.05153269196567,-0.115404017798012,"Israel",FALSE,"Austria",FALSE
1989,"PAMUNGKAS","Salsabila Hadi","INA","2023 10th Senior Artistic Gymnastics Asian Championships","qual","Singapore",11.6,9.2,10.133,10.333,-1.68611427499883,-1.75221854490708,-1.16841237192343,-1.65504053957327,"Singapore",FALSE,"Indonesia",FALSE
1990,"PARENTE","Mariana","POR","2022 51st FIG Artistic Gymnastics World Championships","qual","Liverpool, England",12.233,11.6,10.966,11.566,-0.894619061084666,-0.259906108329193,-0.555379683094112,-0.516245199831882,"England",FALSE,"Portugal",FALSE
1991,"PARENTE","Mariana","POR","2022 Senior European Championships","qual","Munich, Germany",12.3,11.533,11.2,11.7,-0.810843106373373,-0.301566497183659,-0.383171220685876,-0.392483175885942,"Germany",FALSE,"Portugal",FALSE
1992,"PARENTE","Mariana","POR","2023 52nd FIG Artistic Gymnastics World Championships","qual","Antwerp, Belgium",NA,NA,10.666,11.766,NA,NA,-0.776159763104671,-0.331525761106597,"Belgium",FALSE,"Portugal",FALSE
1993,"PARENTE","Mariana","POR","2023 Cottbus World Cup","qual","Cottbus, Germany",NA,10.266,12.533,11.833,NA,-1.08938310432707,0.597828268161043,-0.269644749133626,"Germany",FALSE,"Portugal",FALSE
1994,"PARENTE","Mariana","POR","2023 Senior European Championships","qual","Antalya, Turkey",12.2,10.166,9.2,10.566,-0.935881844748439,-1.15156278918448,-1.85503842075627,-1.43984239345831,"Turkey",FALSE,"Portugal",FALSE
1995,"PASCUCCI OSIROFF","Faustina","ARG","2023 FISU World University Games","qual","Chengdu, China",9.6,11,10.066,11.233,-4.18688904250013,-0.632984217473664,-1.21771992312579,-0.823803065309483,"China",FALSE,"Argentina",FALSE
1996,"PASS","Ruby","AUS","2023 52nd FIG Artistic Gymnastics World Championships","qual","Antwerp, Belgium",11.9,13.833,12.6,12.733,-1.31099805987363,1.12856625453681,0.647135819363401,0.561592725130161,"Belgium",FALSE,"Australia",FALSE
1997,"PASS","Ruby","AUS","2023 Baku World Cup","final","Baku, Azerbaijan",NA,13.633,11.066,12.466,NA,1.00420688482199,-0.481786323090591,0.314992274431903,"Azerbaijan",FALSE,"Australia",FALSE
1998,"PASS","Ruby","AUS","2023 Baku World Cup","qual","Baku, Azerbaijan",NA,13.366,13.1,12.9,NA,0.8381871262527,1.015102619381,0.715833456465775,"Azerbaijan",FALSE,"Australia",FALSE
1999,"PASS","Ruby","AUS","2023 Doha World Cup","final","Doha, Qatar",NA,NA,NA,12.433,NA,NA,NA,0.284513567042232,"Qatar",FALSE,"Australia",FALSE
2000,"PASS","Ruby","AUS","2023 Doha World Cup","qual","Doha, Qatar",NA,11.9,12.233,12.266,NA,-0.0733670537569569,0.377048188150484,0.130272835706618,"Qatar",FALSE,"Australia",FALSE
2001,"PATANAKUL","Ananya","THA","HANGZHOU 2022 19th Asian Games","AAfinal","Hangzhou, China",12.733,10.633,9.166,11.433,-0.26942536920934,-0.861183660900366,-1.88006016315747,-0.639083626584198,"China",FALSE,"Thailand",FALSE
2002,"PATANAKUL","Ananya Belle","THA","HANGZHOU 2022 19th Asian Games","qual","Hangzhou, China",12.366,9.433,9.066,11.466,-0.728317539045831,-1.60733987918931,-1.95365352316099,-0.608604919194526,"China",FALSE,"Thailand",FALSE
2003,"PATRICK","Ellie","GBR","2022 British Gymnastics Championships","qual","Liverpool, England",12.7,12.05,11.9,11.85,-0.310688152873113,0.0199024735291611,0.131982299338763,-0.253943596841977,"England",FALSE,"England",TRUE
2004,"PAULINO LOPEZ","Lucia","PAN","2023 Central American and Caribbean Games","qual","San Salvador, El Salvador",11.2,NA,10,NA,-2.18626922849909,NA,-1.26629154072811,NA,"El Salvador",FALSE,"Panama",FALSE
2005,"PAULINO LOPEZ","Lucia Carolina","PAN","2023 Artistic Gymnastics Senior Pan American Championships","TeamFinal","Medellin, Colombia",11.2,NA,10.467,11.433,-2.18626922849909,NA,-0.922610549511675,-0.639083626584198,"Colombia",FALSE,"Panama",FALSE
2006,"PAULSSON","Tonya","SWE","2022 51st FIG Artistic Gymnastics World Championships","qual","Liverpool, England",13.066,12.866,10.466,12.6,0.146953629579627,0.527288701965641,-0.923346483111711,0.438754298377845,"England",FALSE,"Sweden",FALSE
2007,"PAULSSON","Tonya","SWE","2022 Paris World Challenge Cup","qual","Paris, France",NA,NA,11.7,12.4,NA,NA,-0.015204420668277,0.25403485965256,"France",FALSE,"Sweden",FALSE
2008,"PAULSSON","Tonya","SWE","2022 Senior European Championships","qual","Munich, Germany",12.733,12.866,12.366,11.133,-0.26942536920934,0.527288701965641,0.474927356955165,-0.916162784672128,"Germany",FALSE,"Sweden",FALSE
2009,"PAULSSON","Tonya","SWE","2023 52nd FIG Artistic Gymnastics World Championships","qual","Antwerp, Belgium",13.4,12.866,10.933,12.6,0.564583015752344,0.527288701965641,-0.579665491895273,0.438754298377845,"Belgium",FALSE,"Sweden",FALSE
2010,"PAULSSON","Tonya","SWE","2023 Cottbus World Cup","qual","Cottbus, Germany",NA,12.466,12.366,12.233,NA,0.278569962535993,0.474927356955165,0.0997941283169464,"Germany",FALSE,"Sweden",FALSE
2011,"PAULSSON","Tonya","SWE","2023 Senior European Championships","AAfinal","Antalya, Turkey",13.266,12.933,12.433,12.166,0.397031106329757,0.568949090820107,0.524234908157523,0.0379131163439755,"Turkey",FALSE,"Sweden",FALSE
2012,"PAULSSON","Tonya","SWE","2023 Senior European Championships","qual","Antalya, Turkey",13.3,13.166,12.5,11.4,0.43954427737728,0.713827756537877,0.573542459359882,-0.66956233397387,"Turkey",FALSE,"Sweden",FALSE
2013,"PEAD","Meghan","RSA","2023 Osijek World Challenge Cup","qual","Osijek, Croatia",NA,10.966,11.4,11.366,NA,-0.654125310325184,-0.235984500678836,-0.700964638557169,"Croatia",FALSE,"South Africa",FALSE
2014,"PEDRICK","Denelle","CAN","2022 51st FIG Artistic Gymnastics World Championships","qual","Liverpool, England",13.9,NA,11.7,12.9,1.18977670762767,NA,-0.015204420668277,0.715833456465775,"England",FALSE,"Canada",FALSE
2015,"PEDRICK","Denelle","CAN","2022 51st FIG Artistic Gymnastics World Championships","TeamFinal","Liverpool, England",13.866,NA,NA,NA,1.14726353658015,NA,NA,NA,"England",FALSE,"Canada",FALSE
2016,"PEDRICK","Denelle","CAN","2022 Paris World Challenge Cup","final","Paris, France",NA,NA,11.15,NA,NA,NA,-0.419967900687635,NA,"France",FALSE,"Canada",FALSE
2017,"PEDRICK","Denelle","CAN","2022 Paris World Challenge Cup","qual","Paris, France",13.85,NA,12.75,12.35,1.12725733844014,NA,0.757525859368681,0.207854999971238,"France",FALSE,"Canada",FALSE
2018,"PEDRICK","Denelle","CAN","2023 Osijek World Challenge Cup","final","Osijek, Croatia",13.7,NA,NA,13.3,0.939699230877539,NA,NA,1.08527233391635,"Croatia",FALSE,"Canada",FALSE
2019,"PEDRICK","Denelle","CAN","2023 Osijek World Challenge Cup","qual","Osijek, Croatia",13.566,12.433,11.9,12.9,0.772147321454953,0.258050666533048,0.131982299338763,0.715833456465775,"Croatia",FALSE,"Canada",FALSE
2020,"PEDRO","Carolyne","BRA","2022 51st FIG Artistic Gymnastics World Championships","qual","Liverpool, England",12.933,12.8,11.4,12.833,-0.0193478924592108,0.48625010995975,-0.235984500678836,0.653952444492804,"England",FALSE,"Brazil",FALSE
2021,"PEDRO","Carolyne","BRA","2022 51st FIG Artistic Gymnastics World Championships","TeamFinal","Liverpool, England",13.166,NA,11.966,12.466,0.271992367954692,NA,0.180553916941086,0.314992274431903,"England",FALSE,"Brazil",FALSE
2022,"PEDRO","Carolyne","BRA","2022 Baku World Cup","final","Baku, Azerbaijan",NA,12.8,NA,NA,NA,0.48625010995975,NA,NA,"Azerbaijan",FALSE,"Brazil",FALSE
2023,"PEDRO","Carolyne","BRA","2022 Baku World Cup","qual","Baku, Azerbaijan",NA,12.766,12.033,NA,NA,0.465109017108229,0.229861468143444,NA,"Azerbaijan",FALSE,"Brazil",FALSE
2024,"PEDRO","Carolyne","BRA","EnBW DTB Pokal Team Challenge 2023","qual","Stuttgart, Germany",13,11.35,12.15,12,0.0644280622520831,-0.415355320472722,0.315965699347563,-0.115404017798012,"Germany",FALSE,"Brazil",FALSE
2025,"PEDRO","Carolyne","BRA","SANTIAGO 2023 XIX Pan American Games","qual","Santiago, Chile",NA,10.4,NA,12.3,NA,-1.00606232661813,NA,0.161675140289917,"Chile",FALSE,"Brazil",FALSE
2026,"PEGOLI","Macy","AUS","EnBW DTB Pokal Team Challenge 2023","qual","Stuttgart, Germany",13.25,11.95,12.35,11.65,0.377024908189746,-0.0422772113282516,0.463152419354602,-0.438663035567262,"Germany",FALSE,"Australia",FALSE
2027,"PENA","Yamilet","DOM","2023 Central American and Caribbean Games","final","San Salvador, El Salvador",13.05,NA,NA,NA,0.126947431439617,NA,NA,NA,"El Salvador",FALSE,"Dominican Republic",FALSE
2028,"PENA","Yamilet","DOM","2023 Central American and Caribbean Games","qual","San Salvador, El Salvador",13.25,9.15,10.25,10.75,0.377024908189746,-1.78330838733578,-1.08230814071931,-1.26990050983105,"El Salvador",FALSE,"Dominican Republic",FALSE
2029,"PENGKEREGO RAVENSCROFT","Leasha","GBR","2022 British Gymnastics Championships","qual","Liverpool, England",12.6,10.9,10.75,11.45,-0.435726891248178,-0.695163902331075,-0.714341340701714,-0.623382474292549,"England",FALSE,"England",TRUE
2030,"PENGKEREGO RAVENSCROFT","Leasha","GBR","2023 British Gymnastics Championships","qual","Liverpool, England",12.9,10.7,10.75,11.75,-0.0606106761229817,-0.8195232720459,-0.714341340701714,-0.34630331620462,"England",FALSE,"England",TRUE
2031,"PEREA","Alais","ECU","2022 51st FIG Artistic Gymnastics World Championships","qual","Liverpool, England",12.666,10.9,11.4,11.8,-0.353201323920634,-0.695163902331075,-0.235984500678836,-0.300123456523297,"England",FALSE,"Ecuador",FALSE
2032,"PEREA","Alais","ECU","2023 52nd FIG Artistic Gymnastics World Championships","qual","Antwerp, Belgium",12.7,11.766,10.3,11.633,-0.310688152873113,-0.156687831465889,-1.04551146071755,-0.454364187858913,"Belgium",FALSE,"Ecuador",FALSE
2033,"PEREA","Alais","ECU","SANTIAGO 2023 XIX Pan American Games","AAfinal","Santiago, Chile",12.866,11.566,11.2,11.633,-0.103123847170505,-0.281047201180712,-0.383171220685876,-0.454364187858913,"Chile",FALSE,"Ecuador",FALSE
2034,"PEREA","Alais","ECU","SANTIAGO 2023 XIX Pan American Games","qual","Santiago, Chile",12.633,11.7,10.833,11.533,-0.394464107584407,-0.197726423471781,-0.653258851898793,-0.546723907221555,"Chile",FALSE,"Ecuador",FALSE
2035,"PEREA PONCE","Alais Natasha","ECU","2023 Artistic Gymnastics Senior Pan American Championships","TeamQual","Medellin, Colombia",12.667,12.267,11.667,12.067,-0.351950936536884,0.154832389669744,-0.0394902294694381,-0.0535230058250412,"Colombia",FALSE,"Ecuador",FALSE
2036,"PERERA","Isuamy","CUB","2023 Artistic Gymnastics Senior Pan American Championships","TeamQual","Medellin, Colombia",11.133,9.467,8.7,10.4,-2.27004518321039,-1.58619878633779,-2.22300522077387,-1.5931595276003,"Colombia",FALSE,"Cuba",FALSE
2037,"PERERA","Isuamy","CUB","2023 Central American and Caribbean Games","AAfinal","San Salvador, El Salvador",12.45,11.95,11.25,10.85,-0.623284998810776,-0.0422772113282516,-0.346374540684115,-1.17754079046841,"El Salvador",FALSE,"Cuba",FALSE
2038,"PERERA","Isuamy","CUB","2023 Central American and Caribbean Games","final","San Salvador, El Salvador",12.95,NA,NA,NA,0.00190869306454961,NA,NA,NA,"El Salvador",FALSE,"Cuba",FALSE
2039,"PERERA","Isuamy","CUB","2023 Central American and Caribbean Games","qual","San Salvador, El Salvador",12.75,10.9,10.95,10.75,-0.24816878368558,-0.695163902331075,-0.567154620694675,-1.26990050983105,"El Salvador",FALSE,"Cuba",FALSE
2040,"PERESZTEGI","Nora","HUN","2022 Doha World Cup","final","Doha, Qatar",NA,NA,12.733,NA,NA,NA,0.745014988168083,NA,"Qatar",FALSE,"Hungary",FALSE
2041,"PERESZTEGI","Nora","HUN","2022 Doha World Cup","qual","Doha, Qatar",NA,NA,12.066,NA,NA,NA,0.254147276944606,NA,"Qatar",FALSE,"Hungary",FALSE
2042,"PEREZ","Ana","ESP","2023 52nd FIG Artistic Gymnastics World Championships","qual","Antwerp, Belgium",NA,12.933,12.966,12.333,NA,0.568949090820107,0.916487516976283,0.192153847679589,"Belgium",FALSE,"Spain",FALSE
2043,"PEREZ","Ana","ESP","2023 Senior European Championships","qual","Antalya, Turkey",NA,13.4,12.733,12.166,NA,0.859328219104221,0.745014988168083,0.0379131163439755,"Turkey",FALSE,"Spain",FALSE
2044,"PEREZ","Ana","ESP","2023 Tel Aviv World Challenge Cup","final","Tel Aviv, Israel",NA,NA,12.867,NA,NA,NA,0.8436300905728,NA,"Israel",FALSE,"Spain",FALSE
2045,"PEREZ","Ana","ESP","2023 Tel Aviv World Challenge Cup","qual","Tel Aviv, Israel",NA,11.533,13.133,NA,NA,-0.301566497183659,1.03938842818216,NA,"Israel",FALSE,"Spain",FALSE
2046,"PERRYMENT","Mia","GBR","2022 British Gymnastics Championships","qual","Liverpool, England",12.45,9.8,9.8,10.9,-0.623284998810776,-1.37914043576261,-1.41347826073515,-1.13136093078708,"England",FALSE,"England",TRUE
2047,"PERRYMENT","Mia","GBR","2023 British Gymnastics Championships","qual","Liverpool, England",12.45,10.75,12.15,11.2,-0.623284998810776,-0.788433429617193,0.315965699347563,-0.854281772699157,"England",FALSE,"England",TRUE
2048,"PETERKOVA","Klara","CZE","2022 51st FIG Artistic Gymnastics World Championships","qual","Liverpool, England",12.2,10.833,10.433,11.666,-0.935881844748439,-0.736824291185541,-0.947632291912872,-0.423885480469239,"England",FALSE,"Czech Republic",FALSE
2049,"PETERKOVA","Klara","CZE","2022 Senior European Championships","qual","Munich, Germany",12.2,11.333,11.766,12.1,-0.935881844748439,-0.425925866898482,0.0333671969340466,-0.0230442984353695,"Germany",FALSE,"Czech Republic",FALSE
2050,"PETERKOVA","Klara","CZE","2023 52nd FIG Artistic Gymnastics World Championships","qual","Antwerp, Belgium",12.5,11.233,NA,NA,-0.560765629623243,-0.488105551755894,NA,NA,"Belgium",FALSE,"Czech Republic",FALSE
2051,"PETERKOVA","Klara","CZE","2023 Baku World Cup","qual","Baku, Azerbaijan",NA,10.5,11.266,10.933,NA,-0.943882641760723,-0.334599603083552,-1.10088222339741,"Azerbaijan",FALSE,"Czech Republic",FALSE
2052,"PETERSEN","Freja","DEN","2022 51st FIG Artistic Gymnastics World Championships","qual","Liverpool, England",11.8,10.133,11.133,10.133,-1.4360367982487,-1.17208208518742,-0.432478771888234,-1.83975997829856,"England",FALSE,"Denmark",FALSE
2053,"PETERSEN","Freja","DEN","2022 Senior European Championships","qual","Munich, Germany",11.566,10.833,11.5,11.733,-1.72862744604635,-0.736824291185541,-0.162391140675316,-0.362004468496268,"Germany",FALSE,"Denmark",FALSE
2054,"PETISCO","Alba","ESP","2022 Cottbus World Cup","final","Cottbus, Germany",13.2,NA,11.9,12.9,0.314505539002213,NA,0.131982299338763,0.715833456465775,"Germany",FALSE,"Spain",FALSE
2055,"PETISCO","Alba","ESP","2022 Cottbus World Cup","qual","Cottbus, Germany",13.066,11.333,12.333,13.166,0.146953629579627,-0.425925866898482,0.450641548154004,0.961510309970405,"Germany",FALSE,"Spain",FALSE
2056,"PETISCO","Alba","ESP","2022 Koper World Challenge Cup","final","Koper, Slovenia",NA,11,NA,NA,NA,-0.632984217473664,NA,NA,"Slovenia",FALSE,"Spain",FALSE
2057,"PETISCO","Alba","ESP","2022 Koper World Challenge Cup","qual","Koper, Slovenia",NA,13.05,NA,NA,NA,0.64169932210328,NA,NA,"Slovenia",FALSE,"Spain",FALSE
2058,"PETISCO","Alba","ESP","2022 Senior European Championships","final","Munich, Germany",NA,NA,12.4,NA,NA,NA,0.499949099356362,NA,"Germany",FALSE,"Spain",FALSE
2059,"PETISCO","Alba","ESP","2022 Senior European Championships","qual","Munich, Germany",13.266,12.833,13.1,12.933,0.397031106329757,0.506769405962695,1.015102619381,0.746312163855447,"Germany",FALSE,"Spain",FALSE
2060,"PETISCO","Alba","ESP","2022 Senior European Championships","TeamFinal","Munich, Germany",13.166,13.133,12.7,12.933,0.271992367954692,0.69330846053493,0.720729179366921,0.746312163855447,"Germany",FALSE,"Spain",FALSE
2061,"PETISCO","Alba","ESP","2023 52nd FIG Artistic Gymnastics World Championships","qual","Antwerp, Belgium",13.633,12.666,11.566,13.1,0.855923276166245,0.402929332250818,-0.113819523072992,0.90055289519106,"Belgium",FALSE,"Spain",FALSE
2062,"PETISCO","Alba","ESP","2023 Senior European Championships","AAfinal","Antalya, Turkey",13.166,12.933,12.5,12.5,0.271992367954692,0.568949090820107,0.573542459359882,0.346394579015203,"Turkey",FALSE,"Spain",FALSE
2063,"PETISCO","Alba","ESP","2023 Senior European Championships","qual","Antalya, Turkey",13.033,13.1,11.466,12.733,0.105690845915854,0.672789164531985,-0.187412883076513,0.561592725130161,"Turkey",FALSE,"Spain",FALSE
2064,"PETISCO","Alba","ESP","2023 Tel Aviv World Challenge Cup","final","Tel Aviv, Israel",13,NA,12.133,13.167,0.0644280622520831,NA,0.303454828146963,0.962433907164031,"Israel",FALSE,"Spain",FALSE
2065,"PETISCO","Alba","ESP","2023 Tel Aviv World Challenge Cup","qual","Tel Aviv, Israel",13.067,NA,13.333,12.567,0.148204016963377,NA,1.1865751481892,0.408275590988174,"Israel",FALSE,"Spain",FALSE
2066,"PETIT","Sheyen","FRA","EnBW DTB Pokal Team Challenge 2023","qual","Stuttgart, Germany",12.3,13.1,12.5,NA,-0.810843106373373,0.672789164531985,0.573542459359882,NA,"Germany",FALSE,"France",FALSE
2067,"PETROVA","Marija","LAT","2023 Senior European Championships","qual","Antalya, Turkey",11.9,7.633,8.833,11.2,-1.31099805987363,-2.72657420662272,-2.12512605196919,-0.854281772699157,"Turkey",FALSE,"Latvia",FALSE
2069,"PHAM","Nhu Phuong","VIE","2022 Baku World Cup","qual","Baku, Azerbaijan",NA,11.8,11.533,10.9,NA,-0.135546738614369,-0.138105331874155,-1.13136093078708,"Azerbaijan",FALSE,"Vietnam",FALSE
2070,"PHAM","Nhu Phuong","VIE","2023 10th Senior Artistic Gymnastics Asian Championships","qual","Singapore",NA,11.633,10.933,11.1,NA,-0.239386812326247,-0.579665491895273,-0.946641492061799,"Singapore",FALSE,"Vietnam",FALSE
2071,"PHAM","Nhu Phuong","VIE","2023 Cairo World Cup","qual","Cairo, Egypt",NA,NA,9.633,NA,NA,NA,-1.53637917194103,NA,"Egypt",FALSE,"Vietnam",FALSE
2072,"PHAM","Nhu Phuong","VIE","HANGZHOU 2022 19th Asian Games","qual","Hangzhou, China",NA,NA,11.5,11.633,NA,NA,-0.162391140675316,-0.454364187858913,"China",FALSE,"Vietnam",FALSE
2073,"PIERAZZINI","Viola","ITA","2023 Baku World Cup","final","Baku, Azerbaijan",NA,NA,12.633,NA,NA,NA,0.671421628164562,NA,"Azerbaijan",FALSE,"Italy",FALSE
2074,"PIERAZZINI","Viola","ITA","2023 Baku World Cup","qual","Baku, Azerbaijan",NA,NA,12.866,11.466,NA,NA,0.842894156972764,-0.608604919194526,"Azerbaijan",FALSE,"Italy",FALSE
2075,"PIERSON","Brooke","USA","2022 U.S. Championships","final","Tampa, FL",13.5,13.1,11.7,10.7,0.689621754127409,0.672789164531985,-0.015204420668277,-1.31608036951237,"FL",FALSE,"United States",FALSE
2076,"PIERSON","Brooke","USA","2022 U.S. Championships","qual","Tampa, FL",13.7,13.05,12.05,11.95,0.939699230877539,0.64169932210328,0.242372339344043,-0.161583877479334,"FL",FALSE,"United States",FALSE
2077,"PIERSON","Brooke","USA","2022 U.S. Classic","AAfinal","West Valley City, Utah",13.8,13.35,12.65,11.65,1.06473796925261,0.828238376675514,0.683932499365162,-0.438663035567262,"Utah",TRUE,"United States",FALSE
2078,"PIERSON","Brooke","USA","2022 Winter Cup","AAfinal","Frisco, Texas",13.55,13.05,12,12.3,0.752141123314943,0.64169932210328,0.205575659342283,0.161675140289917,"Texas",TRUE,"United States",FALSE
2079,"PIERSON","Brooke","USA","2023 Core Hydration Classic","AAfinal","Hoffman Estates, Illinois",13,13.2,10.85,11.6,0.0644280622520831,0.734968849389396,-0.640747980698195,-0.484842895248584,"Illinois",TRUE,"United States",FALSE
2080,"PIERSON","Brooke","USA","2023 Winter Cup","AAfinal","Louisville, Kentucky",12.9,11.6,9.8,12.05,-0.0606106761229817,-0.259906108329193,-1.41347826073515,-0.06922415811669,"Kentucky",TRUE,"United States",FALSE
2081,"PIHAN KULESZA","Marta","POL","2023 52nd FIG Artistic Gymnastics World Championships","qual","Antwerp, Belgium",NA,NA,11.966,NA,NA,NA,0.180553916941086,NA,"Belgium",FALSE,"Poland",FALSE
2082,"PIHAN KULESZA","Marta","POL","2023 Cairo World Cup","final","Cairo, Egypt",NA,NA,11.6,NA,NA,NA,-0.0887977806717965,NA,"Egypt",FALSE,"Poland",FALSE
2083,"PIHAN KULESZA","Marta","POL","2023 Cairo World Cup","qual","Cairo, Egypt",NA,NA,12.4,NA,NA,NA,0.499949099356362,NA,"Egypt",FALSE,"Poland",FALSE
2084,"PILGRIM","Anya","BAR","2023 52nd FIG Artistic Gymnastics World Championships","qual","Antwerp, Belgium",13.1,10.7,11.3,11.4,0.189466800627148,-0.8195232720459,-0.309577860682355,-0.66956233397387,"Belgium",FALSE,"Barbados",FALSE
2085,"PILGRIM","Anya","BAR","SANTIAGO 2023 XIX Pan American Games","AAfinal","Santiago, Chile",12.9,10.733,10.5,11.633,-0.0606106761229817,-0.799003976042953,-0.898324740710514,-0.454364187858913,"Chile",FALSE,"Barbados",FALSE
2086,"PILGRIM","Anya","BAR","SANTIAGO 2023 XIX Pan American Games","qual","Santiago, Chile",12.8,9.9,11.4,11.266,-0.185649414498046,-1.31696075090519,-0.235984500678836,-0.793324357919812,"Chile",FALSE,"Barbados",FALSE
2087,"PILGRIM","Anya Kaelin","BAR","2023 Artistic Gymnastics Senior Pan American Championships","TeamQual","Medellin, Colombia",12.633,11.2,11.033,11.667,-0.394464107584407,-0.50862484775884,-0.506072131891754,-0.422961883275613,"Colombia",FALSE,"Barbados",FALSE
2088,"PINDER","Erin","BAR","BIRMINGHAM 2022 Commonwealth Games","qual","Birmingham, England",NA,7.5,6.8,8.35,NA,-2.80927318748308,-3.62127906084075,-3.48653377453448,"England",FALSE,"Barbados",FALSE
2089,"PINDER","Erin Gianna","BAR","2023 Artistic Gymnastics Senior Pan American Championships","TeamQual","Medellin, Colombia",10.3,3.533,7.467,9.033,-3.31161787387468,-5.27594128577661,-3.13041134961727,-2.85571689128763,"Colombia",FALSE,"Barbados",FALSE
2090,"PINEDA","Michelle","USA","2023 Core Hydration Classic","AAfinal","Hoffman Estates, Illinois",13.5,13.2,13.1,12.65,0.689621754127409,0.734968849389396,1.015102619381,0.484934158059167,"Illinois",TRUE,"United States",FALSE
2091,"PINEDA","Michelle","USA","2023 U.S. Championships","final","San Jose, CA",13.7,12.85,12.85,12.95,0.939699230877539,0.517339952388455,0.831119219372201,0.762013316147095,"California",TRUE,"United States",FALSE
2092,"PINEDA","Michelle","USA","2023 U.S. Championships","qual","San Jose, CA",13.55,12.8,12.7,12.4,0.752141123314943,0.48625010995975,0.720729179366921,0.25403485965256,"California",TRUE,"United States",FALSE
2093,"PINEDA","Michelle","USA","2023 Winter Cup","AAfinal","Louisville, Kentucky",13.05,11.5,11.65,12.85,0.126947431439617,-0.322085793186604,-0.0520011006700361,0.669653596784453,"Kentucky",TRUE,"United States",FALSE
2094,"PINILLA","Sara","ESP","2023 52nd FIG Artistic Gymnastics World Championships","qual","Antwerp, Belgium",12.8,NA,NA,NA,-0.185649414498046,NA,NA,NA,"Belgium",FALSE,"Spain",FALSE
2095,"PINTO ADASME","Makarena","CHI","2023 52nd FIG Artistic Gymnastics World Championships","qual","Antwerp, Belgium",12.866,9.366,10.933,11.2,-0.103123847170505,-1.64900026804377,-0.579665491895273,-0.854281772699157,"Belgium",FALSE,"Chile",FALSE
2096,"PINTO ADASME","Makarena","CHI","SANTIAGO 2023 XIX Pan American Games","AAfinal","Santiago, Chile",12.566,11.5,11.233,11.833,-0.478240062295699,-0.322085793186604,-0.358885411884713,-0.269644749133626,"Chile",FALSE,"Chile",TRUE
2097,"PINTO ADASME","Makarena","CHI","SANTIAGO 2023 XIX Pan American Games","final","Santiago, Chile",12.5,NA,NA,NA,-0.560765629623243,NA,NA,NA,"Chile",FALSE,"Chile",TRUE
2098,"PINTO ADASME","Makarena","CHI","SANTIAGO 2023 XIX Pan American Games","qual","Santiago, Chile",12.766,11.133,9.866,12.033,-0.228162585545569,-0.550285236613307,-1.36490664313283,-0.0849253104083405,"Chile",FALSE,"Chile",TRUE
2099,"PINTO ADASME","Makarena Daisy","CHI","2023 Artistic Gymnastics Senior Pan American Championships","TeamQual","Medellin, Colombia",12.867,11.4,11.033,12.4,-0.101873459786753,-0.384265478044016,-0.506072131891754,0.25403485965256,"Colombia",FALSE,"Chile",FALSE
2100,"PINXTEN","Erika","BEL","2023 52nd FIG Artistic Gymnastics World Championships","qual","Antwerp, Belgium",12.966,11.833,12.7,12.333,0.0219148912045601,-0.115027442611423,0.720729179366921,0.192153847679589,"Belgium",FALSE,"Belgium",TRUE
2101,"PINXTEN","Erika","BEL","2023 Cairo World Cup","final","Cairo, Egypt",NA,13.233,13.033,NA,NA,0.755488145392343,0.965795068178642,NA,"Egypt",FALSE,"Belgium",FALSE
2102,"PINXTEN","Erika","BEL","2023 Cairo World Cup","qual","Cairo, Egypt",NA,12.933,12.666,NA,NA,0.568949090820107,0.695707436965725,NA,"Egypt",FALSE,"Belgium",FALSE
2103,"PINXTEN","Erika","BEL","EnBW DTB Pokal Team Challenge 2023","qual","Stuttgart, Germany",11.75,7.9,NA,11.85,-1.49855616743623,-2.56055444805343,NA,-0.253943596841977,"Germany",FALSE,"Belgium",FALSE
2104,"POGHOSYAN","Mane","ARM","2023 Osijek World Challenge Cup","qual","Osijek, Croatia",11.4,10.033,10.466,11.4,-1.93619175174896,-1.23426177004484,-0.923346483111711,-0.66956233397387,"Croatia",FALSE,"Armenia",FALSE
2105,"POH","Shandy","SGP","BIRMINGHAM 2022 Commonwealth Games","qual","Birmingham, England",NA,9.95,9.2,10.3,NA,-1.28587090847649,-1.85503842075627,-1.68551924696294,"England",FALSE,"Singapore",FALSE
2106,"POH","Shandy","SIN","2023 10th Senior Artistic Gymnastics Asian Championships","qual","Singapore",NA,11.4,10.9,11.733,NA,-0.384265478044016,-0.603951300696434,-0.362004468496268,"Singapore",FALSE,"Singapore",TRUE
2107,"POH","Zi Xuan Shandy","SGP","HANGZHOU 2022 19th Asian Games","AAfinal","Hangzhou, China",11.566,8.433,10.833,11.266,-1.72862744604635,-2.22913672776343,-0.653258851898793,-0.793324357919812,"China",FALSE,"Singapore",FALSE
2108,"POH","Zi Xuan Shandy","SGP","HANGZHOU 2022 19th Asian Games","qual","Hangzhou, China",NA,9.9,11.266,11.1,NA,-1.31696075090519,-0.334599603083552,-0.946641492061799,"China",FALSE,"Singapore",FALSE
2109,"POL","Vera","NED","2023 52nd FIG Artistic Gymnastics World Championships","qual","Antwerp, Belgium",13.6,13.066,10.866,13.066,0.814660492502474,0.651648071680465,-0.628973043097632,0.869150590607763,"Belgium",FALSE,"Netherlands",FALSE
2110,"POL","Vera","NED","2023 52nd FIG Artistic Gymnastics World Championships","TeamFinal","Antwerp, Belgium",13.4,NA,NA,12.9,0.564583015752344,NA,NA,0.715833456465775,"Belgium",FALSE,"Netherlands",FALSE
2111,"POL","Vera van","NED","2022 Baku World Cup","final","Baku, Azerbaijan",NA,12.966,NA,NA,NA,0.589468386823053,NA,NA,"Azerbaijan",FALSE,"Netherlands",FALSE
2112,"POL","Vera van","NED","2022 Baku World Cup","qual","Baku, Azerbaijan",NA,13,NA,12.2,NA,0.610609479674573,NA,0.0693154209272731,"Azerbaijan",FALSE,"Netherlands",FALSE
2113,"POLANCO VIDAL","Karla Marie","DOM","2023 Artistic Gymnastics Senior Pan American Championships","TeamQual","Medellin, Colombia",NA,10.033,7.967,9.333,NA,-1.23426177004484,-2.76244454959967,-2.5786377331997,"Colombia",FALSE,"Dominican Republic",FALSE
2114,"PONCE","Angelissa","CUB","2023 Central American and Caribbean Games","qual","San Salvador, El Salvador",11.75,NA,9.95,11.9,-1.49855616743623,NA,-1.30308822072987,-0.207763737160655,"El Salvador",FALSE,"Cuba",FALSE
2115,"PONCE VILLALPANDO","Angelissa","CUB","2023 Artistic Gymnastics Senior Pan American Championships","TeamQual","Medellin, Colombia",11.967,NA,8.5,10.633,-1.22722210516234,NA,-2.37019194078091,-1.37796138148534,"Colombia",FALSE,"Cuba",FALSE
2116,"PONIZILOVA","Dominika","CZE","2022 Koper World Challenge Cup","final","Koper, Slovenia",12.95,NA,NA,NA,0.00190869306454961,NA,NA,NA,"Slovenia",FALSE,"Czech Republic",FALSE
2117,"PONIZILOVA","Dominika","CZE","2022 Koper World Challenge Cup","qual","Koper, Slovenia",13,NA,NA,NA,0.0644280622520831,NA,NA,NA,"Slovenia",FALSE,"Czech Republic",FALSE
2118,"PONIZILOVA","Dominika","CZE","2022 Osijek World Challenge Cup","final","Osijek, Croatia",13.166,NA,NA,NA,0.271992367954692,NA,NA,NA,"Croatia",FALSE,"Czech Republic",FALSE
2119,"PONIZILOVA","Dominika","CZE","2022 Osijek World Challenge Cup","qual","Osijek, Croatia",13.133,NA,NA,11.6,0.230729584290919,NA,NA,-0.484842895248584,"Croatia",FALSE,"Czech Republic",FALSE
2120,"PONIZILOVA","Dominika","CZE","2022 Senior European Championships","qual","Munich, Germany",12.933,10.4,11.966,12.066,-0.0193478924592108,-1.00606232661813,0.180553916941086,-0.0544466030186671,"Germany",FALSE,"Czech Republic",FALSE
2121,"PONIZILOVA","Dominika","CZE","2023 52nd FIG Artistic Gymnastics World Championships","qual","Antwerp, Belgium",13.1,10.433,12.3,11.866,0.189466800627148,-0.985543030615189,0.426355739352843,-0.239166041743954,"Belgium",FALSE,"Czech Republic",FALSE
2122,"PONIZILOVA","Dominika","CZE","2023 Baku World Cup","qual","Baku, Azerbaijan",10.233,NA,NA,12.166,-3.39539382858597,NA,NA,0.0379131163439755,"Azerbaijan",FALSE,"Czech Republic",FALSE
2123,"PONIZILOVA","Dominika","CZE","2023 FISU World University Games","AAfinal","Chengdu, China",13,12.033,12.233,12,0.0644280622520831,0.00933192710340031,0.377048188150484,-0.115404017798012,"China",FALSE,"Czech Republic",FALSE
2124,"PONIZILOVA","Dominika","CZE","2023 FISU World University Games","final","Chengdu, China",13.233,NA,NA,NA,0.355768322665986,NA,NA,NA,"China",FALSE,"Czech Republic",FALSE
2125,"PONIZILOVA","Dominika","CZE","2023 FISU World University Games","qual","Chengdu, China",13.2,10.766,11.8,12.066,0.314505539002213,-0.778484680040007,0.0583889393352438,-0.0544466030186671,"China",FALSE,"Czech Republic",FALSE
2126,"PONIZILOVA","Dominika","CZE","2023 Senior European Championships","qual","Antalya, Turkey",13.066,12.233,NA,NA,0.146953629579627,0.133691296818225,NA,NA,"Turkey",FALSE,"Czech Republic",FALSE
2127,"POPOVICH","Christiane","USA","2023 Winter Cup","AAfinal","Louisville, Kentucky",12.75,12.05,10.6,12.3,-0.24816878368558,0.0199024735291611,-0.824731380706994,0.161675140289917,"Kentucky",TRUE,"United States",FALSE
2128,"PRANATI","Das","VIE","2023 10th Senior Artistic Gymnastics Asian Championships","qual","Singapore",NA,9.233,NA,NA,NA,-1.73169924890413,NA,NA,"Singapore",FALSE,"Vietnam",FALSE
2129,"PRATLEY","Kacey","GBR","2022 British Gymnastics Championships","qual","Liverpool, England",12.1,11.4,8.95,11.65,-1.0609205831235,-0.384265478044016,-2.03902182076507,-0.438663035567262,"England",FALSE,"England",TRUE
2130,"PRATLEY","Kacey","GBR","2023 British Gymnastics Championships","qual","Liverpool, England",11.9,11.95,11.85,11.75,-1.31099805987363,-0.0422772113282516,0.0951856193370029,-0.34630331620462,"England",FALSE,"England",TRUE
2131,"PREDA","Andreea","ROU","2022 51st FIG Artistic Gymnastics World Championships","qual","Liverpool, England",12.8,10.666,11.966,12.666,-0.185649414498046,-0.840664364897419,0.180553916941086,0.49971171315719,"England",FALSE,"Romania",FALSE
2132,"PREDA","Andreea","ROU","2022 Mersin World Challenge Cup","final","Mersin, Turkey",NA,12.25,12.6,12.65,NA,0.144261843243984,0.647135819363401,0.484934158059167,"Turkey",FALSE,"Romania",FALSE
2133,"PREDA","Andreea","ROU","2022 Mersin World Challenge Cup","qual","Mersin, Turkey",NA,12.55,12.85,12.9,NA,0.33080089781622,0.831119219372201,0.715833456465775,"Turkey",FALSE,"Romania",FALSE
2134,"PREDA","Andreea","ROU","2022 Osijek World Challenge Cup","qual","Osijek, Croatia",12.833,NA,NA,11.3,-0.144386630834276,NA,NA,-0.761922053336512,"Croatia",FALSE,"Romania",FALSE
2135,"PREDA","Andreea","ROU","2022 Senior European Championships","qual","Munich, Germany",12.6,12.1,12.466,12.733,-0.435726891248178,0.0509923159578664,0.548520716958684,0.561592725130161,"Germany",FALSE,"Romania",FALSE
2136,"PREDA","Andreea","ROU","2023 52nd FIG Artistic Gymnastics World Championships","qual","Antwerp, Belgium",12.966,12.733,11.966,12.3,0.0219148912045601,0.444589721105284,0.180553916941086,0.161675140289917,"Belgium",FALSE,"Romania",FALSE
2137,"PREDA","Andreea","ROU","2023 Senior European Championships","qual","Antalya, Turkey",NA,NA,12.1,11.5,NA,NA,0.279169019345802,-0.577202614611227,"Turkey",FALSE,"Romania",FALSE
2138,"PROCHAZKOVA","Sara","CZE","2022 Paris World Challenge Cup","qual","Paris, France",NA,8.45,11.3,10.2,NA,-2.21856618133767,-0.309577860682355,-1.77787896632559,"France",FALSE,"Czech Republic",FALSE
2139,"PUREVSUREN","Baasansuren","MGL","2023 10th Senior Artistic Gymnastics Asian Championships","qual","Singapore",12.033,9,9.133,10.433,-1.1446965378348,-1.8765779146219,-1.90434597195863,-1.56268082021063,"Singapore",FALSE,"Mongolia",FALSE
2140,"QIU","Qiyuan","CHN","2023 10th Senior Artistic Gymnastics Asian Championships","final","Singapore",NA,14.333,NA,12.133,NA,1.43946467882387,NA,0.00743440895430216,"Singapore",FALSE,"China",FALSE
2141,"QIU","Qiyuan","CHN","2023 10th Senior Artistic Gymnastics Asian Championships","qual","Singapore",NA,15.233,13.833,13.1,NA,1.99908184254058,1.5545419482068,0.90055289519106,"Singapore",FALSE,"China",FALSE
2142,"QIU","Qiyuan","CHN","2023 52nd FIG Artistic Gymnastics World Championships","AAfinal","Antwerp, Belgium",13.2,14.7,13.733,13.166,0.314505539002213,1.66766412225057,1.48094858820328,0.961510309970405,"Belgium",FALSE,"China",FALSE
2143,"QIU","Qiyuan","CHN","2023 52nd FIG Artistic Gymnastics World Championships","final","Antwerp, Belgium",NA,15.1,NA,NA,NA,1.91638286168022,NA,NA,"Belgium",FALSE,"China",FALSE
2144,"QIU","Qiyuan","CHN","2023 52nd FIG Artistic Gymnastics World Championships","qual","Antwerp, Belgium",13.133,14.9,13.8,12.833,0.230729584290919,1.7920234919654,1.53025613940564,0.653952444492804,"Belgium",FALSE,"China",FALSE
2145,"QIU","Qiyuan","CHN","2023 52nd FIG Artistic Gymnastics World Championships","TeamFinal","Antwerp, Belgium",13.1,14.733,NA,13.4,0.189466800627148,1.68818341825352,NA,1.17763205327899,"Belgium",FALSE,"China",FALSE
2146,"QIU","Qiyuan","CHN","2023 Baku World Cup","final","Baku, Azerbaijan",NA,14.7,NA,NA,NA,1.66766412225057,NA,NA,"Azerbaijan",FALSE,"China",FALSE
2147,"QIU","Qiyuan","CHN","2023 Baku World Cup","qual","Baku, Azerbaijan",NA,14.766,12.7,NA,NA,1.70870271425647,0.720729179366921,NA,"Azerbaijan",FALSE,"China",FALSE
2148,"QIU","Qiyuan","CHN","2023 Doha World Cup","final","Doha, Qatar",NA,11.633,12.233,NA,NA,-0.239386812326247,0.377048188150484,NA,"Qatar",FALSE,"China",FALSE
2149,"QIU","Qiyuan","CHN","2023 Doha World Cup","qual","Doha, Qatar",NA,14.766,13.266,NA,NA,1.70870271425647,1.13726759698684,NA,"Qatar",FALSE,"China",FALSE
2151,"QUAAS","Lea Marie","GER","2022 51st FIG Artistic Gymnastics World Championships","qual","Liverpool, England",13.3,NA,11.6,12.233,0.43954427737728,NA,-0.0887977806717965,0.0997941283169464,"England",FALSE,"Germany",FALSE
2152,"QUAAS","Lea Marie","GER","2022 Baku World Cup","final","Baku, Azerbaijan",NA,11.333,NA,NA,NA,-0.425925866898482,NA,NA,"Azerbaijan",FALSE,"Germany",FALSE
2153,"QUAAS","Lea Marie","GER","2022 Baku World Cup","qual","Baku, Azerbaijan",NA,12.466,12.533,11.533,NA,0.278569962535993,0.597828268161043,-0.546723907221555,"Azerbaijan",FALSE,"Germany",FALSE
2154,"QUAAS","Lea Marie","GER","2022 Cottbus World Cup","final","Cottbus, Germany",NA,12.433,NA,NA,NA,0.258050666533048,NA,NA,"Germany",FALSE,"Germany",TRUE
2155,"QUAAS","Lea Marie","GER","2022 Cottbus World Cup","qual","Cottbus, Germany",NA,12.1,11.666,10.9,NA,0.0509923159578664,-0.0402261630694729,-1.13136093078708,"Germany",FALSE,"Germany",TRUE
2156,"QUAAS","Lea Marie","GER","2023 52nd FIG Artistic Gymnastics World Championships","qual","Antwerp, Belgium",NA,NA,12.566,12.7,NA,NA,0.622114076962205,0.531114017740488,"Belgium",FALSE,"Germany",FALSE
2157,"QUAAS","Lea Marie","GER","2023 Doha World Cup","qual","Doha, Qatar",NA,NA,11.4,11.666,NA,NA,-0.235984500678836,-0.423885480469239,"Qatar",FALSE,"Germany",FALSE
2158,"QUAAS","Lea Marie","GER","2023 Senior European Championships","qual","Antalya, Turkey",12.966,12.7,11.1,12.1,0.0219148912045601,0.424070425102337,-0.456764580689395,-0.0230442984353695,"Turkey",FALSE,"Germany",FALSE
2159,"RAKPHU","Senam","THA","2022 9th Senior Artistic Gymnastics Asian Championships","qual","Doha, Qatar",11,6.233,7.667,11.1,-2.43634670524922,-3.59708979462649,-2.98322462961023,-0.946641492061799,"Qatar",FALSE,"Thailand",FALSE
2160,"RAMPONO","Kirsten","RSA","2022 Koper World Challenge Cup","qual","Koper, Slovenia",12.25,8.9,NA,NA,-0.873362475560906,-1.93875759947931,NA,NA,"Slovenia",FALSE,"South Africa",FALSE
2161,"RAMPONO","Kirsten","RSA","2023 Tel Aviv World Challenge Cup","qual","Tel Aviv, Israel",11.233,10.367,NA,NA,-2.14500644483532,-1.02658162262108,NA,NA,"Israel",FALSE,"South Africa",FALSE
2162,"RANKOE","Mammule","RSA","BIRMINGHAM 2022 Commonwealth Games","qual","Birmingham, England",NA,10.9,11.95,NA,NA,-0.695163902331075,0.168778979340522,NA,"England",FALSE,"South Africa",FALSE
2163,"RAPOSO","Clara","CAN","2023 Osijek World Challenge Cup","final","Osijek, Croatia",NA,NA,NA,12.666,NA,NA,NA,0.49971171315719,"Croatia",FALSE,"Canada",FALSE
2164,"RAPOSO","Clara","CAN","2023 Osijek World Challenge Cup","qual","Osijek, Croatia",NA,11.7,12.333,12.6,NA,-0.197726423471781,0.450641548154004,0.438754298377845,"Croatia",FALSE,"Canada",FALSE
2165,"RASMUSSEN","Camille","DEN","2022 51st FIG Artistic Gymnastics World Championships","qual","Liverpool, England",13.733,12.066,11.5,12.6,0.980962014541312,0.029851223106347,-0.162391140675316,0.438754298377845,"England",FALSE,"Denmark",FALSE
2166,"RASMUSSEN","Camille","DEN","2022 Senior European Championships","final","Munich, Germany",13.766,NA,NA,NA,1.02222479820508,NA,NA,NA,"Germany",FALSE,"Denmark",FALSE
2167,"RASMUSSEN","Camille","DEN","2022 Senior European Championships","qual","Munich, Germany",13.733,11.966,11.533,12.533,0.980962014541312,-0.0323284617510657,-0.138105331874155,0.376873286404874,"Germany",FALSE,"Denmark",FALSE
2168,"RASMUSSEN","Camille","DEN","2022 Varna World Challenge Cup","final","Varna, Bulgaria",13.75,NA,NA,NA,1.00221860006507,NA,NA,NA,"Bulgaria",FALSE,"Denmark",FALSE
2169,"RASMUSSEN","Camille","DEN","2022 Varna World Challenge Cup","qual","Varna, Bulgaria",13.9,NA,10.4,NA,1.18977670762767,NA,-0.971918100714033,NA,"Bulgaria",FALSE,"Denmark",FALSE
2170,"RASMUSSEN","Camille","DEN","2023 52nd FIG Artistic Gymnastics World Championships","qual","Antwerp, Belgium",13.366,11.833,11.2,10.966,0.522069844704821,-0.115027442611423,-0.383171220685876,-1.07040351600774,"Belgium",FALSE,"Denmark",FALSE
2171,"RASMUSSEN","Camille","DEN","2023 Cairo World Cup","final","Cairo, Egypt",13.866,NA,NA,NA,1.14726353658015,NA,NA,NA,"Egypt",FALSE,"Denmark",FALSE
2172,"RASMUSSEN","Camille","DEN","2023 Cairo World Cup","qual","Cairo, Egypt",13.666,NA,11.366,NA,0.897186059830018,NA,-0.261006243080033,NA,"Egypt",FALSE,"Denmark",FALSE
2173,"RASMUSSEN","Camille","DEN","2023 Doha World Cup","final","Doha, Qatar",13.7,NA,NA,NA,0.939699230877539,NA,NA,NA,"Qatar",FALSE,"Denmark",FALSE
2174,"RASMUSSEN","Camille","DEN","2023 Doha World Cup","qual","Doha, Qatar",13.733,NA,12.266,NA,0.980962014541312,NA,0.401333996951645,NA,"Qatar",FALSE,"Denmark",FALSE
2175,"RASMUSSEN","Camille","DEN","2023 Senior European Championships","final","Antalya, Turkey",11.533,NA,NA,NA,-1.76989022971012,NA,NA,NA,"Turkey",FALSE,"Denmark",FALSE
2176,"RASMUSSEN","Camille","DEN","2023 Senior European Championships","qual","Antalya, Turkey",13.7,11.533,11.166,11.9,0.939699230877539,-0.301566497183659,-0.408192963087072,-0.207763737160655,"Turkey",FALSE,"Denmark",FALSE
2177,"RATOBILSKA","Valerija","LAT","2023 52nd FIG Artistic Gymnastics World Championships","qual","Antwerp, Belgium",12.033,10.033,11.4,11.8,-1.1446965378348,-1.23426177004484,-0.235984500678836,-0.300123456523297,"Belgium",FALSE,"Latvia",FALSE
2178,"RATOBILSKA","Valerija","LAT","2023 Baku World Cup","qual","Baku, Azerbaijan",NA,NA,10.266,11.633,NA,NA,-1.07053320311875,-0.454364187858913,"Azerbaijan",FALSE,"Latvia",FALSE
2179,"RATOBILSKA","Valerija","LAT","2023 Cairo World Cup","qual","Cairo, Egypt",12.2,NA,9.366,11.266,-0.935881844748439,NA,-1.73287344315043,-0.793324357919812,"Egypt",FALSE,"Latvia",FALSE
2180,"RATOBILSKA","Valerija","LAT","2023 Cottbus World Cup","qual","Cottbus, Germany",NA,NA,11.466,11.533,NA,NA,-0.187412883076513,-0.546723907221555,"Germany",FALSE,"Latvia",FALSE
2181,"RATOBILSKA","Valerija","LAT","2023 Osijek World Challenge Cup","qual","Osijek, Croatia",12.166,NA,9.366,9.9,-0.97839501579596,NA,-1.73287344315043,-2.05495812441351,"Croatia",FALSE,"Latvia",FALSE
2182,"RATOBILSKA","Valerija","LAT","2023 Senior European Championships","qual","Antalya, Turkey",12.2,10.233,10.866,11.933,-0.935881844748439,-1.10990240033001,-0.628973043097632,-0.177285029770983,"Turkey",FALSE,"Latvia",FALSE
2183,"RAYA","Paula","ESP","2022 51st FIG Artistic Gymnastics World Championships","qual","Liverpool, England",12.766,10.566,11.033,12.566,-0.228162585545569,-0.902844049754831,-0.506072131891754,0.407351993794548,"England",FALSE,"Spain",FALSE
2184,"RAYA I ARTIGAS","Paula","ESP","2022 Senior European Championships","qual","Munich, Germany",NA,12.7,NA,NA,NA,0.424070425102337,NA,NA,"Germany",FALSE,"Spain",FALSE
2185,"RAYA I ARTIGAS","Paula","ESP","2022 Senior European Championships","TeamFinal","Munich, Germany",NA,12.466,NA,NA,NA,0.278569962535993,NA,NA,"Germany",FALSE,"Spain",FALSE
2186,"RAZ","Lihie","ISR","2022 51st FIG Artistic Gymnastics World Championships","final","Liverpool, England",12.133,NA,NA,NA,-1.01965779945973,NA,NA,NA,"England",FALSE,"Israel",FALSE
2187,"RAZ","Lihie","ISR","2022 51st FIG Artistic Gymnastics World Championships","qual","Liverpool, England",13.7,10.266,12.633,12.833,0.939699230877539,-1.08938310432707,0.671421628164562,0.653952444492804,"England",FALSE,"Israel",FALSE
2188,"RAZ","Lihie","ISR","2022 Baku World Cup","qual","Baku, Azerbaijan",12.9,12.266,12.266,11.433,-0.0606106761229817,0.15421059282117,0.401333996951645,-0.639083626584198,"Azerbaijan",FALSE,"Israel",FALSE
2189,"RAZ","Lihie","ISR","2022 Koper World Challenge Cup","final","Koper, Slovenia",NA,12.1,10.65,12.35,NA,0.0509923159578664,-0.787934700705234,0.207854999971238,"Slovenia",FALSE,"Israel",FALSE
2190,"RAZ","Lihie","ISR","2022 Koper World Challenge Cup","qual","Koper, Slovenia",12.95,12.5,12.65,12.05,0.00190869306454961,0.299711055387514,0.683932499365162,-0.06922415811669,"Slovenia",FALSE,"Israel",FALSE
2191,"RAZ","Lihie","ISR","2022 Paris World Challenge Cup","qual","Paris, France",NA,11.6,10.1,12.3,NA,-0.259906108329193,-1.19269818072459,0.161675140289917,"France",FALSE,"Israel",FALSE
2192,"RAZ","Lihie","ISR","2022 Senior European Championships","final","Munich, Germany",13.333,NA,NA,NA,0.480807061041051,NA,NA,NA,"Germany",FALSE,"Israel",FALSE
2193,"RAZ","Lihie","ISR","2022 Senior European Championships","qual","Munich, Germany",13.5,12.333,11.733,12.6,0.689621754127409,0.195870981675636,0.00908138813288544,0.438754298377845,"Germany",FALSE,"Israel",FALSE
2194,"RAZ","Lihie","ISR","2022 Varna World Challenge Cup","final","Varna, Bulgaria",13.1,NA,11.5,NA,0.189466800627148,NA,-0.162391140675316,NA,"Bulgaria",FALSE,"Israel",FALSE
2195,"RAZ","Lihie","ISR","2022 Varna World Challenge Cup","qual","Varna, Bulgaria",13.2,11.55,12.55,12.3,0.314505539002213,-0.290995950757898,0.610339139361642,0.161675140289917,"Bulgaria",FALSE,"Israel",FALSE
2196,"RAZ","Lihie","ISR","2023 52nd FIG Artistic Gymnastics World Championships","qual","Antwerp, Belgium",13.033,12.4,12.033,12.533,0.105690845915854,0.237531370530102,0.229861468143444,0.376873286404874,"Belgium",FALSE,"Israel",FALSE
2197,"RAZ","Lihie","ISR","2023 Baku World Cup","qual","Baku, Azerbaijan",12.9,11.533,10.366,12.2,-0.0606106761229817,-0.301566497183659,-0.99693984311523,0.0693154209272731,"Azerbaijan",FALSE,"Israel",FALSE
2198,"RAZ","Lihie","ISR","2023 Senior European Championships","qual","Antalya, Turkey",12.933,11.233,9.7,12.1,-0.0193478924592108,-0.488105551755894,-1.48707162073867,-0.0230442984353695,"Turkey",FALSE,"Israel",FALSE
2199,"RAZ","Lihie","ISR","2023 Tel Aviv World Challenge Cup","final","Tel Aviv, Israel",12.9,NA,10.367,12.767,-0.0606106761229817,NA,-0.996203909515194,0.592995029713459,"Israel",FALSE,"Israel",TRUE
2200,"RAZ","Lihie","ISR","2023 Tel Aviv World Challenge Cup","qual","Tel Aviv, Israel",13.033,11.167,12.667,12.6,0.105690845915854,-0.529144143761786,0.69644337056576,0.438754298377845,"Israel",FALSE,"Israel",TRUE
2201,"REDDY","Aruna Budda","IND","2022 Cairo World Cup","qual","Cairo, Egypt",12.633,NA,NA,11.4,-0.394464107584407,NA,NA,-0.66956233397387,"Egypt",FALSE,"India",FALSE
2202,"REGGANIS","Larasati","INA","2023 10th Senior Artistic Gymnastics Asian Championships","qual","Singapore",NA,8.866,NA,NA,NA,-1.95989869233083,NA,NA,"Singapore",FALSE,"Indonesia",FALSE
2203,"RENGGANIS","Larasati","INA","2023 10th Senior Artistic Gymnastics Asian Championships","qual","Singapore",NA,NA,7.266,10.933,NA,NA,-3.27833400322434,-1.10088222339741,"Singapore",FALSE,"Indonesia",FALSE
2204,"REZAGUI","Malek","ALG","2023 Cairo World Cup","qual","Cairo, Egypt",12.333,NA,NA,11.033,-0.769580322709602,NA,NA,-1.00852250403477,"Egypt",FALSE,"Algeria",FALSE
2205,"RICHARDS","Danyella","JAM","BIRMINGHAM 2022 Commonwealth Games","qual","Birmingham, England",NA,9.9,10.25,11.15,NA,-1.31696075090519,-1.08230814071931,-0.900461632380477,"England",FALSE,"Jamaica",FALSE
2206,"RICHARDSON","Camryn","USA","2022 Winter Cup","AAfinal","Frisco, Texas",14.25,NA,NA,11.65,1.6274122919404,NA,NA,-0.438663035567262,"Texas",TRUE,"United States",FALSE
2207,"RICHMON","Kiara Aiesha Victoria","JAM","2023 Artistic Gymnastics Senior Pan American Championships","TeamQual","Medellin, Colombia",11.1,10.233,10.4,11.133,-2.31130796687416,-1.10990240033001,-0.971918100714033,-0.916162784672128,"Colombia",FALSE,"Jamaica",FALSE
2208,"ROBERSON","Joscelyn","USA","2022 U.S. Championships","final","Tampa, FL",13.8,11.2,11.95,12.95,1.06473796925261,-0.50862484775884,0.168778979340522,0.762013316147095,"FL",FALSE,"United States",FALSE
2209,"ROBERSON","Joscelyn","USA","2022 U.S. Championships","qual","Tampa, FL",13.75,10.9,13.25,12.85,1.00221860006507,-0.695163902331075,1.12549265938628,0.669653596784453,"FL",FALSE,"United States",FALSE
2210,"ROBERSON","Joscelyn","USA","2022 U.S. Classic","AAfinal","West Valley City, Utah",14,10.55,12.3,12.7,1.31481544600274,-0.912792799332017,0.426355739352843,0.531114017740488,"Utah",TRUE,"United States",FALSE
2211,"ROBERSON","Joscelyn","USA","2022 Winter Cup","AAfinal","Frisco, Texas",12.9,9.75,13.4,12.65,-0.0606106761229817,-1.41023027819131,1.23588269939156,0.484934158059167,"Texas",TRUE,"United States",FALSE
2212,"ROBERSON","Joscelyn","USA","2023 52nd FIG Artistic Gymnastics World Championships","qual","Antwerp, Belgium",14.466,NA,NA,13.633,1.89749596683054,NA,NA,1.39283019939395,"Belgium",FALSE,"United States",FALSE
2213,"ROBERSON","Joscelyn","USA","2023 Cairo World Cup","final","Cairo, Egypt",14.033,NA,13.233,13.7,1.35607822966651,NA,1.11298178818568,1.45471121136692,"Egypt",FALSE,"United States",FALSE
2214,"ROBERSON","Joscelyn","USA","2023 Cairo World Cup","qual","Cairo, Egypt",14.066,11.4,12.833,14.066,1.39734101333028,-0.384265478044016,0.818608348171603,1.79274778423419,"Egypt",FALSE,"United States",FALSE
2215,"ROBERSON","Joscelyn","USA","2023 Core Hydration Classic","AAfinal","Hoffman Estates, Illinois",14.65,11.1,14.3,14,2.12756724544066,-0.570804532616252,1.89822293942324,1.73179036945485,"Illinois",TRUE,"United States",FALSE
2216,"ROBERSON","Joscelyn","USA","2023 U.S. Championships","final","San Jose, CA",14.55,11.8,13.2,13.6,2.00252850706559,-0.135546738614369,1.08869597938452,1.36235149200427,"California",TRUE,"United States",FALSE
2217,"ROBERSON","Joscelyn","USA","2023 U.S. Championships","qual","San Jose, CA",14.65,11.8,13.2,13.3,2.12756724544066,-0.135546738614369,1.08869597938452,1.08527233391635,"California",TRUE,"United States",FALSE
2218,"ROBERSON","Joscelyn","USA","2023 Winter Cup","AAfinal","Louisville, Kentucky",14,10.85,13.3,13.55,1.31481544600274,-0.726253744759782,1.16228933938804,1.31617163232295,"Kentucky",TRUE,"United States",FALSE
2219,"ROBERSON","Joscelyn","USA","EnBW DTB Pokal Team Challenge 2023","final","Stuttgart, Germany",14.233,NA,NA,13.3,1.60615570641664,NA,NA,1.08527233391635,"Germany",FALSE,"United States",FALSE
2220,"ROBERSON","Joscelyn","USA","EnBW DTB Pokal Team Challenge 2023","qual","Stuttgart, Germany",14.2,13,12.5,14.15,1.56489292275286,0.610609479674573,0.573542459359882,1.87032994849881,"Germany",FALSE,"United States",FALSE
2221,"ROBERSON","Joscelyn Michelle","USA","2023 Artistic Gymnastics Senior Pan American Championships","TeamFinal","Medellin, Colombia",13.8,NA,13.733,14.067,1.06473796925261,NA,1.48094858820328,1.79367138142782,"Colombia",FALSE,"United States",FALSE
2222,"ROBERSON","Joscelyn Michelle","USA","2023 Artistic Gymnastics Senior Pan American Championships","TeamQual","Medellin, Colombia",13.733,NA,13.267,14.1,0.980962014541312,NA,1.13800353058688,1.82415008881749,"Colombia",FALSE,"United States",FALSE
2223,"ROBINSON","Ella","GBR","2022 British Gymnastics Championships","qual","Liverpool, England",11.95,8.3,10.8,11.6,-1.2484786906861,-2.31183570862378,-0.677544660699954,-0.484842895248584,"England",FALSE,"England",TRUE
2224,"ROBINSON","Ella","GBR","2023 British Gymnastics Championships","qual","Liverpool, England",12.05,10.75,11.65,11.15,-1.12343995231104,-0.788433429617193,-0.0520011006700361,-0.900461632380477,"England",FALSE,"England",TRUE
2225,"ROBINSON","Lucy","GBR","2022 British Gymnastics Championships","qual","Liverpool, England",11.55,9.3,9.05,10.2,-1.74863364418636,-1.69003886004966,-1.96542846076155,-1.77787896632559,"England",FALSE,"England",TRUE
2226,"RODRIGUEZ","Anelena","CRC","2023 Central American and Caribbean Games","qual","San Salvador, El Salvador",12.5,12.05,11.15,11.35,-0.560765629623243,0.0199024735291611,-0.419967900687635,-0.715742193655192,"El Salvador",FALSE,"Costa Rica",FALSE
2227,"RODRIGUEZ","Rachel","CRC","2023 Central American and Caribbean Games","AAfinal","San Salvador, El Salvador",11.75,12.3,11.4,10.75,-1.49855616743623,0.175351685672691,-0.235984500678836,-1.26990050983105,"El Salvador",FALSE,"Costa Rica",FALSE
2228,"RODRIGUEZ","Rachel","CRC","2023 Central American and Caribbean Games","qual","San Salvador, El Salvador",12.7,11.95,11.05,11.6,-0.310688152873113,-0.0422772113282516,-0.493561260691154,-0.484842895248584,"El Salvador",FALSE,"Costa Rica",FALSE
2229,"RODRÍGUEZ GARCÍA","Sarai","CUB","2023 Artistic Gymnastics Senior Pan American Championships","TeamQual","Medellin, Colombia",NA,4.9,9.467,9.633,NA,-4.42594499377579,-1.65854414954687,-2.30155857511177,"Colombia",FALSE,"Cuba",FALSE
2230,"RODRIGUEZ JOHANNING","Anelena","CRC","2023 Artistic Gymnastics Senior Pan American Championships","TeamQual","Medellin, Colombia",12.3,11.9,9.467,11.733,-0.810843106373373,-0.0733670537569569,-1.65854414954687,-0.362004468496268,"Colombia",FALSE,"Costa Rica",FALSE
2231,"RODRIGUEZ JOHANNING","Anelena","CRC","SANTIAGO 2023 XIX Pan American Games","qual","Santiago, Chile",12.333,11.533,9.166,10.833,-0.769580322709602,-0.301566497183659,-1.88006016315747,-1.19324194276006,"Chile",FALSE,"Costa Rica",FALSE
2232,"RODRIGUEZ MIRANDA","Rachel","CRC","2023 Artistic Gymnastics Senior Pan American Championships","TeamQual","Medellin, Colombia",10.667,11.633,10.3,10.9,-2.85272570403819,-0.239386812326247,-1.04551146071755,-1.13136093078708,"Colombia",FALSE,"Costa Rica",FALSE
2233,"ROENBECK","Marie","NOR","2023 52nd FIG Artistic Gymnastics World Championships","qual","Antwerp, Belgium",NA,NA,10.533,10.933,NA,NA,-0.874038931909353,-1.10088222339741,"Belgium",FALSE,"Norway",FALSE
2234,"ROENBECK","Marie","NOR","2023 Cairo World Cup","final","Cairo, Egypt",NA,NA,12.1,NA,NA,NA,0.279169019345802,NA,"Egypt",FALSE,"Norway",FALSE
2235,"ROENBECK","Marie","NOR","2023 Cairo World Cup","qual","Cairo, Egypt",NA,NA,12.266,12,NA,NA,0.401333996951645,-0.115404017798012,"Egypt",FALSE,"Norway",FALSE
2236,"ROENBECK","Marie","NOR","2023 Senior European Championships","qual","Antalya, Turkey",12.5,NA,11,11.1,-0.560765629623243,NA,-0.530357940692915,-0.946641492061799,"Turkey",FALSE,"Norway",FALSE
2237,"ROENBECK","Marie","NOR","2023 Varna World Challenge Cup","final","Varna, Bulgaria",NA,NA,NA,12.233,NA,NA,NA,0.0997941283169464,"Bulgaria",FALSE,"Norway",FALSE
2238,"ROENBECK","Marie","NOR","2023 Varna World Challenge Cup","qual","Varna, Bulgaria",NA,11.466,10.7,12.066,NA,-0.343226886038125,-0.751138020703475,-0.0544466030186671,"Bulgaria",FALSE,"Norway",FALSE
2239,"ROLSTON LARKING","Keira","NZL","2022 51st FIG Artistic Gymnastics World Championships","qual","Liverpool, England",11.733,10.833,10.966,11.833,-1.51981275295999,-0.736824291185541,-0.555379683094112,-0.269644749133626,"England",FALSE,"New Zealand",FALSE
2240,"ROLSTON-LARKING","Keira","NZL","2022 Cottbus World Cup","final","Cottbus, Germany",12.5,NA,NA,NA,-0.560765629623243,NA,NA,NA,"Germany",FALSE,"New Zealand",FALSE
2241,"ROLSTON-LARKING","Keira","NZL","2022 Cottbus World Cup","qual","Cottbus, Germany",12.466,NA,8.666,11.133,-0.603278800670766,NA,-2.24802696317507,-0.916162784672128,"Germany",FALSE,"New Zealand",FALSE
2242,"ROLSTON-LARKING","Keira","NZL","2022 Doha World Cup","qual","Doha, Qatar",12.333,NA,10.066,11.8,-0.769580322709602,NA,-1.21771992312579,-0.300123456523297,"Qatar",FALSE,"New Zealand",FALSE
2243,"ROOSKRANTZ","Caitlin","RSA","2022 51st FIG Artistic Gymnastics World Championships","qual","Liverpool, England",12.6,13.1,11.3,12.2,-0.435726891248178,0.672789164531985,-0.309577860682355,0.0693154209272731,"England",FALSE,"South Africa",FALSE
2244,"ROOSKRANTZ","Caitlin","RSA","2022 Cairo World Cup","final","Cairo, Egypt",NA,12.3,11.366,NA,NA,0.175351685672691,-0.261006243080033,NA,"Egypt",FALSE,"South Africa",FALSE
2245,"ROOSKRANTZ","Caitlin","RSA","2022 Cairo World Cup","qual","Cairo, Egypt",NA,12.066,11.8,10.666,NA,0.029851223106347,0.0583889393352438,-1.34748267409567,"Egypt",FALSE,"South Africa",FALSE
2246,"ROOSKRANTZ","Caitlin","RSA","2022 Varna World Challenge Cup","qual","Varna, Bulgaria",NA,12.35,11.95,12.25,NA,0.206441528101396,0.168778979340522,0.115495280608595,"Bulgaria",FALSE,"South Africa",FALSE
2247,"ROOSKRANTZ","Caitlin","RSA","2023 52nd FIG Artistic Gymnastics World Championships","qual","Antwerp, Belgium",13.066,12.9,11.7,12.433,0.146953629579627,0.548429794817161,-0.015204420668277,0.284513567042232,"Belgium",FALSE,"South Africa",FALSE
2248,"ROOSKRANTZ","Caitlin","RSA","BIRMINGHAM 2022 Commonwealth Games","AAfinal","Birmingham, England",12.85,12.15,10.85,12.5,-0.123130045310515,0.0820821583865727,-0.640747980698195,0.346394579015203,"England",FALSE,"South Africa",FALSE
2249,"ROOSKRANTZ","Caitlin","RSA","BIRMINGHAM 2022 Commonwealth Games","final","Birmingham, England",NA,13.433,NA,NA,NA,0.879847515107166,NA,NA,"England",FALSE,"South Africa",FALSE
2250,"ROOSKRANTZ","Caitlin","RSA","BIRMINGHAM 2022 Commonwealth Games","qual","Birmingham, England",NA,13.35,11.1,12.5,NA,0.828238376675514,-0.456764580689395,0.346394579015203,"England",FALSE,"South Africa",FALSE
2251,"ROPER","Abigail","GBR","2022 British Gymnastics Championships","qual","Liverpool, England",12.65,10.85,11.35,11.6,-0.373207522060645,-0.726253744759782,-0.272781180680596,-0.484842895248584,"England",FALSE,"England",TRUE
2252,"ROPER","Abigail","GBR","2023 British Gymnastics Championships","final","Liverpool, England",12.95,NA,NA,NA,0.00190869306454961,NA,NA,NA,"England",FALSE,"England",TRUE
2253,"ROPER","Abigail","GBR","2023 British Gymnastics Championships","qual","Liverpool, England",13.05,10.6,11.7,11.55,0.126947431439617,-0.881702956903311,-0.015204420668277,-0.531022754929905,"England",FALSE,"England",TRUE
2254,"ROPER","Emily","GBR","2022 British Gymnastics Championships","final","Liverpool, England",13.3,NA,NA,NA,0.43954427737728,NA,NA,NA,"England",FALSE,"England",TRUE
2255,"ROPER","Emily","GBR","2022 British Gymnastics Championships","qual","Liverpool, England",13.05,11.4,11.2,12.35,0.126947431439617,-0.384265478044016,-0.383171220685876,0.207854999971238,"England",FALSE,"England",TRUE
2256,"ROPER","Emily","GBR","2023 British Gymnastics Championships","final","Liverpool, England",13.45,NA,11.85,NA,0.627102384939876,NA,0.0951856193370029,NA,"England",FALSE,"England",TRUE
2257,"ROPER","Emily","GBR","2023 British Gymnastics Championships","qual","Liverpool, England",13.5,12.1,12.35,12.3,0.689621754127409,0.0509923159578664,0.463152419354602,0.161675140289917,"England",FALSE,"England",TRUE
2258,"ROSEN","Katelyn","USA","2022 U.S. Championships","final","Tampa, FL",13.4,12.75,12.4,11.6,0.564583015752344,0.455160267531044,0.499949099356362,-0.484842895248584,"FL",FALSE,"United States",FALSE
2259,"ROSEN","Katelyn","USA","2022 U.S. Championships","qual","Tampa, FL",13.65,13.05,12.65,13.55,0.877179861690008,0.64169932210328,0.683932499365162,1.31617163232295,"FL",FALSE,"United States",FALSE
2260,"ROSEN","Katelyn","USA","2022 U.S. Classic","AAfinal","West Valley City, Utah",13.85,12.8,12.15,13.7,1.12725733844014,0.48625010995975,0.315965699347563,1.45471121136692,"Utah",TRUE,"United States",FALSE
2261,"ROSEN","Katelyn","USA","2022 Winter Cup","AAfinal","Frisco, Texas",13.6,11.6,12.3,13,0.814660492502474,-0.259906108329193,0.426355739352843,0.808193175828418,"Texas",TRUE,"United States",FALSE
2262,"ROSEN","Katelyn","USA","2023 Winter Cup","AAfinal","Louisville, Kentucky",13.6,12.55,11.9,12.7,0.814660492502474,0.33080089781622,0.131982299338763,0.531114017740488,"Kentucky",TRUE,"United States",FALSE
2263,"ROSS","Emma","AUS","2023 Tel Aviv World Challenge Cup","qual","Tel Aviv, Israel",NA,NA,10.633,12.133,NA,NA,-0.800445571905833,0.00743440895430216,"Israel",FALSE,"Australia",FALSE
2264,"ROSS","Emma","AUS","2023 Varna World Challenge Cup","final","Varna, Bulgaria",NA,NA,NA,12.566,NA,NA,NA,0.407351993794548,"Bulgaria",FALSE,"Australia",FALSE
2265,"ROSS","Emma","AUS","2023 Varna World Challenge Cup","qual","Varna, Bulgaria",NA,9.233,12.133,12.7,NA,-1.73169924890413,0.303454828146963,0.531114017740488,"Bulgaria",FALSE,"Australia",FALSE
2266,"RUANO","Paola","ESA","2023 Central American and Caribbean Games","AAfinal","San Salvador, El Salvador",12.15,11,11.95,11.4,-0.998401213935971,-0.632984217473664,0.168778979340522,-0.66956233397387,"El Salvador",FALSE,"El Salvador",TRUE
2267,"RUANO","Paola","ESA","2023 Central American and Caribbean Games","qual","San Salvador, El Salvador",12.2,11.1,11.1,11.45,-0.935881844748439,-0.570804532616252,-0.456764580689395,-0.623382474292549,"El Salvador",FALSE,"El Salvador",TRUE
2268,"RUANO BARAHONA","Paola Massiel","ESA","2023 Artistic Gymnastics Senior Pan American Championships","TeamQual","Medellin, Colombia",11.367,8.6,11.467,10.533,-1.97745453541273,-2.12529665405155,-0.186676949476477,-1.47032110084799,"Colombia",FALSE,"El Salvador",FALSE
2269,"RUECKER","Thantida Sophia","THA","HANGZHOU 2022 19th Asian Games","qual","Hangzhou, China",11.433,7.266,8.3,10.4,-1.89492896808519,-2.95477365004942,-2.51737866078795,-1.5931595276003,"China",FALSE,"Thailand",FALSE
2270,"RUITER","Eve","NED","2022 51st FIG Artistic Gymnastics World Championships","qual","Liverpool, England",13,NA,11.233,11.9,0.0644280622520831,NA,-0.358885411884713,-0.207763737160655,"England",FALSE,"Netherlands",FALSE
2271,"RUIZ RODRIGUEZ","Cinthia","MEX","2022 51st FIG Artistic Gymnastics World Championships","qual","Liverpool, England",12.1,12.833,NA,NA,-1.0609205831235,0.506769405962695,NA,NA,"England",FALSE,"Mexico",FALSE
2272,"RUSHTON","Hayley","GBR","2023 British Gymnastics Championships","qual","Liverpool, England",11.65,10.8,11.35,11.3,-1.6235949058113,-0.757343587188487,-0.272781180680596,-0.761922053336512,"England",FALSE,"England",TRUE
2273,"RUSSELL","Ellie","GBR","2022 British Gymnastics Championships","qual","Liverpool, England",12.7,11.85,NA,11.8,-0.310688152873113,-0.104456896185663,NA,-0.300123456523297,"England",FALSE,"England",TRUE
2274,"RYLKO","Adelina","BLR","2022 Cottbus World Cup","final","Cottbus, Germany",NA,11.733,NA,NA,NA,-0.177207127468835,NA,NA,"Germany",FALSE,"Belarus",FALSE
2275,"RYLKO","Adelina","BLR","2022 Cottbus World Cup","qual","Cottbus, Germany",NA,12.533,8.8,9.966,NA,0.32023035139046,-2.14941186077035,-1.99400070963417,"Germany",FALSE,"Belarus",FALSE
2276,"SABIC","Nina","SRB","2022 Mersin World Challenge Cup","qual","Mersin, Turkey",NA,NA,NA,11.3,NA,NA,NA,-0.761922053336512,"Turkey",FALSE,"Serbia",FALSE
2277,"SABIC","Nina","SRB","2022 Osijek World Challenge Cup","qual","Osijek, Croatia",NA,NA,NA,11,NA,NA,NA,-1.03900121142444,"Croatia",FALSE,"Serbia",FALSE
2278,"SABIC","Nina","SRB","2023 Osijek World Challenge Cup","qual","Osijek, Croatia",12.466,NA,NA,NA,-0.603278800670766,NA,NA,NA,"Croatia",FALSE,"Serbia",FALSE
2279,"SABIC","Nina","SRB","2023 Senior European Championships","qual","Antalya, Turkey",12.066,9.933,9.266,10.533,-1.10343375417103,-1.29644145490225,-1.80646680315395,-1.47032110084799,"Turkey",FALSE,"Serbia",FALSE
2280,"SABIC","Nina","SRB","2023 Varna World Challenge Cup","qual","Varna, Bulgaria",11.1,NA,NA,NA,-2.31130796687416,NA,NA,NA,"Bulgaria",FALSE,"Serbia",FALSE
2281,"SADUN CHAVEZ","Fabiana Valentina","ECU","2023 Artistic Gymnastics Senior Pan American Championships","TeamQual","Medellin, Colombia",12,11.4,10.667,11.933,-1.18595932149857,-0.384265478044016,-0.775423829504636,-0.177285029770983,"Colombia",FALSE,"Ecuador",FALSE
2282,"SAFKEN","Finja","GER","2023 FISU World University Games","qual","Chengdu, China",12.3,NA,NA,11,-0.810843106373373,NA,NA,-1.03900121142444,"China",FALSE,"Germany",FALSE
2283,"SAHIN","Ilayda","TUR","2023 FISU World University Games","AAfinal","Chengdu, China",12.9,12.166,11.666,11.533,-0.0606106761229817,0.0920309079637586,-0.0402261630694729,-0.546723907221555,"China",FALSE,"Turkey",FALSE
2284,"SAHIN","Ilayda","TUR","2023 FISU World University Games","qual","Chengdu, China",12.5,12.133,10.066,11.666,-0.560765629623243,0.0715116119608119,-1.21771992312579,-0.423885480469239,"China",FALSE,"Turkey",FALSE
2285,"SAKAGUCHI","Ayaka","JPN","2022 51st FIG Artistic Gymnastics World Championships","qual","Liverpool, England",14,NA,13.466,13.066,1.31481544600274,NA,1.28445431699388,0.869150590607763,"England",FALSE,"Japan",FALSE
2286,"SAKAGUCHI","Ayaka","JPN","2022 51st FIG Artistic Gymnastics World Championships","TeamFinal","Liverpool, England",14.2,NA,13,13.2,1.56489292275286,NA,0.941509259377481,0.992912614553703,"England",FALSE,"Japan",FALSE
2287,"SAKAGUCHI","Ayaka","JPN","2023 Baku World Cup","final","Baku, Azerbaijan",NA,NA,13.366,12.433,NA,NA,1.21086095699036,0.284513567042232,"Azerbaijan",FALSE,"Japan",FALSE
2288,"SAKAGUCHI","Ayaka","JPN","2023 Baku World Cup","qual","Baku, Azerbaijan",NA,11.4,12.733,12.733,NA,-0.384265478044016,0.745014988168083,0.561592725130161,"Azerbaijan",FALSE,"Japan",FALSE
2289,"SAKAGUCHI","Ayaka","JPN","2023 FISU World University Games","AAfinal","Chengdu, China",13.766,13.133,13.2,13.066,1.02222479820508,0.69330846053493,1.08869597938452,0.869150590607763,"China",FALSE,"Japan",FALSE
2290,"SAKAGUCHI","Ayaka","JPN","2023 FISU World University Games","final","Chengdu, China",13.833,12.9,13.466,13.333,1.10600075291638,0.548429794817161,1.28445431699388,1.11575104130602,"China",FALSE,"Japan",FALSE
2291,"SAKAGUCHI","Ayaka","JPN","2023 FISU World University Games","qual","Chengdu, China",14.066,13.2,13.666,13.266,1.39734101333028,0.734968849389396,1.43164103700092,1.05387002933305,"China",FALSE,"Japan",FALSE
2292,"SALAMA","Jasmin","EGY","2023 Cairo World Cup","qual","Cairo, Egypt",NA,NA,NA,11.633,NA,NA,NA,-0.454364187858913,"Egypt",FALSE,"Egypt",TRUE
2293,"SALEM","Lahna","ALG","2022 51st FIG Artistic Gymnastics World Championships","qual","Liverpool, England",12.033,10.466,10.233,10.733,-1.1446965378348,-0.965023734612243,-1.09481901191991,-1.2856016621227,"England",FALSE,"Algeria",FALSE
2294,"SALEM","Lahna","ALG","2022 Cairo World Cup","qual","Cairo, Egypt",NA,11.033,NA,11.1,NA,-0.612464921470718,NA,-0.946641492061799,"Egypt",FALSE,"Algeria",FALSE
2295,"SALEM","Lahna","ALG","2022 Doha World Cup","final","Doha, Qatar",NA,10.533,NA,NA,NA,-0.923363345757777,NA,NA,"Qatar",FALSE,"Algeria",FALSE
2296,"SALEM","Lahna","ALG","2022 Doha World Cup","qual","Doha, Qatar",NA,9.5,NA,NA,NA,-1.56567949033484,NA,NA,"Qatar",FALSE,"Algeria",FALSE
2297,"SALEM","Lahna","ALG","2023 52nd FIG Artistic Gymnastics World Championships","qual","Antwerp, Belgium",12.266,10.266,10.166,9.833,-0.853356277420896,-1.08938310432707,-1.14412656312227,-2.11683913638649,"Belgium",FALSE,"Algeria",FALSE
2298,"SALEM","Lahna","ALG","2023 Doha World Cup","qual","Doha, Qatar",NA,10.333,10.766,NA,NA,-1.0477227154726,-0.702566403101151,NA,"Qatar",FALSE,"Algeria",FALSE
2299,"SALMINA","Deborah","VEN","2023 Central American and Caribbean Games","AAfinal","San Salvador, El Salvador",12.75,12.05,11.75,12.4,-0.24816878368558,0.0199024735291611,0.0215922593334834,0.25403485965256,"El Salvador",FALSE,"Venezuela",FALSE
2300,"SALMINA","Deborah","VEN","2023 Central American and Caribbean Games","final","San Salvador, El Salvador",NA,NA,NA,12.2,NA,NA,NA,0.0693154209272731,"El Salvador",FALSE,"Venezuela",FALSE
2301,"SALMINA","Deborah","VEN","2023 Central American and Caribbean Games","qual","San Salvador, El Salvador",12.8,12,10.45,12.65,-0.185649414498046,-0.0111873688995453,-0.935121420712274,0.484934158059167,"El Salvador",FALSE,"Venezuela",FALSE
2302,"SALMINA","Deborah","VEN","SANTIAGO 2023 XIX Pan American Games","AAfinal","Santiago, Chile",12.633,10.8,10.033,11.466,-0.394464107584407,-0.757343587188487,-1.24200573192695,-0.608604919194526,"Chile",FALSE,"Venezuela",FALSE
2303,"SALMINA","Deborah","VEN","SANTIAGO 2023 XIX Pan American Games","qual","Santiago, Chile",12.533,10.733,9.633,11.733,-0.519502845959472,-0.799003976042953,-1.53637917194103,-0.362004468496268,"Chile",FALSE,"Venezuela",FALSE
2304,"SALMINA ARROYO","Deborah Mersedes","VEN","2023 Artistic Gymnastics Senior Pan American Championships","TeamQual","Medellin, Colombia",12.767,12,10,11.6,-0.22691219816182,-0.0111873688995453,-1.26629154072811,-0.484842895248584,"Colombia",FALSE,"Venezuela",FALSE
2305,"SALOMON KALIL","Kenny Grace","ESA","2023 Artistic Gymnastics Senior Pan American Championships","TeamQual","Medellin, Colombia",10.133,10.6,10.033,11.133,-3.52043256696104,-0.881702956903311,-1.24200573192695,-0.916162784672128,"Colombia",FALSE,"El Salvador",FALSE
2306,"SAMANTA","Protistha","IND","2022 51st FIG Artistic Gymnastics World Championships","qual","Liverpool, England",12.333,NA,NA,NA,-0.769580322709602,NA,NA,NA,"England",FALSE,"India",FALSE
2307,"SAMANTA","Protistha","IND","2022 Baku World Cup","qual","Baku, Azerbaijan",12.633,NA,NA,NA,-0.394464107584407,NA,NA,NA,"Azerbaijan",FALSE,"India",FALSE
2308,"SAMANTA","Protistha","IND","2022 Cairo World Cup","final","Cairo, Egypt",12.7,NA,NA,NA,-0.310688152873113,NA,NA,NA,"Egypt",FALSE,"India",FALSE
2309,"SAMANTA","Protistha","IND","2022 Cairo World Cup","qual","Cairo, Egypt",12.6,NA,8.766,NA,-0.435726891248178,NA,-2.17443360317155,NA,"Egypt",FALSE,"India",FALSE
2310,"SAMANTA","Protistha","IND","2022 Osijek World Challenge Cup","qual","Osijek, Croatia",11.8,NA,NA,NA,-1.4360367982487,NA,NA,NA,"Croatia",FALSE,"India",FALSE
2311,"SAMANTA","Protistha","IND","BIRMINGHAM 2022 Commonwealth Games","qual","Birmingham, England",12.9,NA,NA,NA,-0.0606106761229817,NA,NA,NA,"England",FALSE,"India",FALSE
2312,"SANDOVAL","Ahtziri","MEX","2022 51st FIG Artistic Gymnastics World Championships","qual","Liverpool, England",13.633,13.4,10.5,12.033,0.855923276166245,0.859328219104221,-0.898324740710514,-0.0849253104083405,"England",FALSE,"Mexico",FALSE
2313,"SANDOVAL","Ahtziri","MEX","2023 52nd FIG Artistic Gymnastics World Championships","qual","Antwerp, Belgium",13.933,13.366,NA,11.866,1.23103949129144,0.8381871262527,NA,-0.239166041743954,"Belgium",FALSE,"Mexico",FALSE
2314,"SANDOVAL","Ahtziri","MEX","2023 Central American and Caribbean Games","final","San Salvador, El Salvador",13.7,NA,NA,NA,0.939699230877539,NA,NA,NA,"El Salvador",FALSE,"Mexico",FALSE
2315,"SANDOVAL","Ahtziri","MEX","2023 Central American and Caribbean Games","qual","San Salvador, El Salvador",13.9,12.5,NA,12.25,1.18977670762767,0.299711055387514,NA,0.115495280608595,"El Salvador",FALSE,"Mexico",FALSE
2316,"SANDOVAL","Ahtziri","MEX","SANTIAGO 2023 XIX Pan American Games","AAfinal","Santiago, Chile",13.9,12.933,11.2,11.933,1.18977670762767,0.568949090820107,-0.383171220685876,-0.177285029770983,"Chile",FALSE,"Mexico",FALSE
2317,"SANDOVAL","Ahtziri","MEX","SANTIAGO 2023 XIX Pan American Games","final","Santiago, Chile",13.833,13.466,NA,NA,1.10600075291638,0.900366811110112,NA,NA,"Chile",FALSE,"Mexico",FALSE
2318,"SANDOVAL","Ahtziri","MEX","SANTIAGO 2023 XIX Pan American Games","qual","Santiago, Chile",13.866,13.333,11.866,11.9,1.14726353658015,0.817667830249755,0.106960556937566,-0.207763737160655,"Chile",FALSE,"Mexico",FALSE
2319,"SANDOVAL","Ahtziri Viridiana","MEX","2023 Artistic Gymnastics Senior Pan American Championships","TeamFinal","Medellin, Colombia",13.733,13.033,NA,NA,0.980962014541312,0.631128775677519,NA,NA,"Colombia",FALSE,"Mexico",FALSE
2320,"SANDOVAL","Ahtziri Viridiana","MEX","2023 Artistic Gymnastics Senior Pan American Championships","TeamQual","Medellin, Colombia",13.4,13.5,NA,12.167,0.564583015752344,0.921507903961632,NA,0.0388367135376014,"Colombia",FALSE,"Mexico",FALSE
2321,"SANLI","Göksu Üctas","TUR","2022 Baku World Cup","qual","Baku, Azerbaijan",NA,NA,10.666,12.366,NA,NA,-0.776159763104671,0.222632555069261,"Azerbaijan",FALSE,"Turkey",FALSE
2322,"SANLI","Göksu Üctas","TUR","2022 Osijek World Challenge Cup","final","Osijek, Croatia",NA,NA,NA,12.8,NA,NA,NA,0.623473737103132,"Croatia",FALSE,"Turkey",FALSE
2323,"SANLI","Göksu Üctas","TUR","2022 Osijek World Challenge Cup","qual","Osijek, Croatia",NA,NA,10.933,12.666,NA,NA,-0.579665491895273,0.49971171315719,"Croatia",FALSE,"Turkey",FALSE
2324,"SANTI","Franchesca","CHI","2022 51st FIG Artistic Gymnastics World Championships","qual","Liverpool, England",13.666,10.333,8.833,12.2,0.897186059830018,-1.0477227154726,-2.12512605196919,0.0693154209272731,"England",FALSE,"Chile",FALSE
2325,"SANTI","Franchesca","CHI","2022 Osijek World Challenge Cup","final","Osijek, Croatia",13.566,NA,NA,11.5,0.772147321454953,NA,NA,-0.577202614611227,"Croatia",FALSE,"Chile",FALSE
2326,"SANTI","Franchesca","CHI","2022 Osijek World Challenge Cup","qual","Osijek, Croatia",13.7,NA,8.666,12.366,0.939699230877539,NA,-2.24802696317507,0.222632555069261,"Croatia",FALSE,"Chile",FALSE
2327,"SANTI","Franchesca","CHI","2023 52nd FIG Artistic Gymnastics World Championships","qual","Antwerp, Belgium",12.4,11.1,NA,NA,-0.685804367998308,-0.570804532616252,NA,NA,"Belgium",FALSE,"Chile",FALSE
2328,"SANTI","Franchesca","CHI","SANTIAGO 2023 XIX Pan American Games","final","Santiago, Chile",12.2,NA,NA,NA,-0.935881844748439,NA,NA,NA,"Chile",FALSE,"Chile",TRUE
2329,"SANTI","Franchesca","CHI","SANTIAGO 2023 XIX Pan American Games","qual","Santiago, Chile",12.633,NA,NA,NA,-0.394464107584407,NA,NA,NA,"Chile",FALSE,"Chile",TRUE
2330,"SANTI","Franchesca Antonella","CHI","2023 Artistic Gymnastics Senior Pan American Championships","TeamQual","Medellin, Colombia",13.133,10.833,11.2,12.067,0.230729584290919,-0.736824291185541,-0.383171220685876,-0.0535230058250412,"Colombia",FALSE,"Chile",FALSE
2331,"SANTOS","Mélanie De Jesus Dos","FRA","2022 Paris World Challenge Cup","final","Paris, France",NA,NA,12.65,NA,NA,NA,0.683932499365162,NA,"France",FALSE,"France",TRUE
2332,"SANTOS","Mélanie De Jesus Dos","FRA","2022 Paris World Challenge Cup","qual","Paris, France",NA,10.9,13.25,NA,NA,-0.695163902331075,1.12549265938628,NA,"France",FALSE,"France",TRUE
2333,"SAPORITA","Sofia","GBR","2022 British Gymnastics Championships","qual","Liverpool, England",11.6,9.6,11.45,9.3,-1.68611427499883,-1.50349980547743,-0.199187820677076,-2.60911644058937,"England",FALSE,"England",TRUE
2334,"SARAIVA","Flavia","BRA","2022 51st FIG Artistic Gymnastics World Championships","qual","Liverpool, England",13.833,13.2,12.9,14.2,1.10600075291638,0.734968849389396,0.867915899373961,1.91650980818013,"England",FALSE,"Brazil",FALSE
2335,"SARAIVA","Flavia","BRA","2022 51st FIG Artistic Gymnastics World Championships","TeamFinal","Liverpool, England",NA,13.666,NA,NA,NA,1.02472618082494,NA,NA,"England",FALSE,"Brazil",FALSE
2336,"SARAIVA","Flavia","BRA","2022 Paris World Challenge Cup","final","Paris, France",NA,NA,NA,12.75,NA,NA,NA,0.57729387742181,"France",FALSE,"Brazil",FALSE
2337,"SARAIVA","Flavia","BRA","2022 Paris World Challenge Cup","qual","Paris, France",NA,NA,11.6,13.8,NA,NA,-0.0887977806717965,1.54707093072956,"France",FALSE,"Brazil",FALSE
2338,"SARAIVA","Flavia","BRA","2023 52nd FIG Artistic Gymnastics World Championships","AAfinal","Antwerp, Belgium",13.833,12.633,14.033,12.2,1.10600075291638,0.382410036247871,1.70172866821384,0.0693154209272731,"Belgium",FALSE,"Brazil",FALSE
2339,"SARAIVA","Flavia","BRA","2023 52nd FIG Artistic Gymnastics World Championships","final","Antwerp, Belgium",NA,NA,NA,13.966,NA,NA,NA,1.70038806487155,"Belgium",FALSE,"Brazil",FALSE
2340,"SARAIVA","Flavia","BRA","2023 52nd FIG Artistic Gymnastics World Championships","qual","Antwerp, Belgium",13.866,13.6,13.4,13.833,1.14726353658015,0.983687588819044,1.23588269939156,1.57754963811923,"Belgium",FALSE,"Brazil",FALSE
2341,"SARAIVA","Flavia","BRA","2023 52nd FIG Artistic Gymnastics World Championships","TeamFinal","Antwerp, Belgium",13.833,13.733,14.066,13.9,1.10600075291638,1.0663865696794,1.726014477015,1.6394306500922,"Belgium",FALSE,"Brazil",FALSE
2342,"SARAIVA","Flavia","BRA","SANTIAGO 2023 XIX Pan American Games","AAfinal","Santiago, Chile",13.966,13.533,14.166,12.9,1.27230227495521,0.942027199964578,1.79960783701852,0.715833456465775,"Chile",FALSE,"Brazil",FALSE
2343,"SARAIVA","Flavia","BRA","SANTIAGO 2023 XIX Pan American Games","final","Santiago, Chile",NA,13.733,14.033,13.733,NA,1.0663865696794,1.70172866821384,1.48518991875659,"Chile",FALSE,"Brazil",FALSE
2344,"SARAIVA","Flavia","BRA","SANTIAGO 2023 XIX Pan American Games","qual","Santiago, Chile",14,13.633,13.433,13.4,1.31481544600274,1.00420688482199,1.26016850819272,1.17763205327899,"Chile",FALSE,"Brazil",FALSE
2345,"SAUCEDO","Rocio","ARG","2022 51st FIG Artistic Gymnastics World Championships","qual","Liverpool, England",12.8,12.133,11.833,12.633,-0.185649414498046,0.0715116119608119,0.0826747481364049,0.469233005767517,"England",FALSE,"Argentina",FALSE
2346,"SAUCEDO","Rocio","ARG","2022 Paris World Challenge Cup","qual","Paris, France",NA,11.75,9.25,11.85,NA,-0.166636581043075,-1.81824174075451,-0.253943596841977,"France",FALSE,"Argentina",FALSE
2347,"SAUCEDO","Rocio Selene","ARG","2023 Artistic Gymnastics Senior Pan American Championships","TeamFinal","Medellin, Colombia",NA,12.8,12.167,NA,NA,0.48625010995975,0.328476570548161,NA,"Colombia",FALSE,"Argentina",FALSE
2348,"SAUCEDO","Rocio Selene","ARG","2023 Artistic Gymnastics Senior Pan American Championships","TeamQual","Medellin, Colombia",NA,12.733,11.367,11.9,NA,0.444589721105284,-0.260270309479997,-0.207763737160655,"Colombia",FALSE,"Argentina",FALSE
2349,"SAVELIEVA","Diana","UKR","2022 51st FIG Artistic Gymnastics World Championships","qual","Liverpool, England",NA,NA,10.2,11.733,NA,NA,-1.11910482072107,-0.362004468496268,"England",FALSE,"Ukraine",FALSE
2350,"SAVELIEVA","Diana","UKR","2022 Senior European Championships","qual","Munich, Germany",NA,NA,10.3,11.666,NA,NA,-1.04551146071755,-0.423885480469239,"Germany",FALSE,"Ukraine",FALSE
2351,"SAVELIEVA","Diana","UKR","2023 Senior European Championships","qual","Antalya, Turkey",NA,NA,8.1,11.633,NA,NA,-2.66456538079499,-0.454364187858913,"Turkey",FALSE,"Ukraine",FALSE
2352,"SAVRANBASI","Nazli","TUR","2022 Senior European Championships","qual","Munich, Germany",NA,10.333,NA,NA,NA,-1.0477227154726,NA,NA,"Germany",FALSE,"Turkey",FALSE
2353,"SAYER","Kate","AUS","EnBW DTB Pokal Team Challenge 2023","qual","Stuttgart, Germany",13.25,12.1,NA,12.15,0.377024908189746,0.0509923159578664,NA,0.0231355612459526,"Germany",FALSE,"Australia",FALSE
2354,"SCHAEFER BETZ","Pauline","GER","2022 Senior European Championships","final","Munich, Germany",NA,NA,13.2,NA,NA,NA,1.08869597938452,NA,"Germany",FALSE,"Germany",TRUE
2355,"SCHAEFER BETZ","Pauline","GER","2022 Senior European Championships","qual","Munich, Germany",NA,NA,13.166,12.766,NA,NA,1.06367423698332,0.592071432519833,"Germany",FALSE,"Germany",TRUE
2356,"SCHAEFER BETZ","Pauline","GER","2022 Senior European Championships","TeamFinal","Munich, Germany",NA,NA,13.733,12.433,NA,NA,1.48094858820328,0.284513567042232,"Germany",FALSE,"Germany",TRUE
2357,"SCHAEFER BETZ","Pauline","GER","2023 52nd FIG Artistic Gymnastics World Championships","AAfinal","Antwerp, Belgium",12.733,12.933,13.566,10.7,-0.26942536920934,0.568949090820107,1.3580476769974,-1.31608036951237,"Belgium",FALSE,"Germany",FALSE
2358,"SCHAEFER BETZ","Pauline","GER","2023 52nd FIG Artistic Gymnastics World Championships","final","Antwerp, Belgium",NA,NA,12.8,NA,NA,NA,0.794322539370442,NA,"Belgium",FALSE,"Germany",FALSE
2359,"SCHAEFER BETZ","Pauline","GER","2023 52nd FIG Artistic Gymnastics World Championships","qual","Antwerp, Belgium",12.966,12.966,14.066,12.733,0.0219148912045601,0.589468386823053,1.726014477015,0.561592725130161,"Belgium",FALSE,"Germany",FALSE
2360,"SCHÄFER","Pauline","GER","2022 Osijek World Challenge Cup","final","Osijek, Croatia",NA,NA,13.366,NA,NA,NA,1.21086095699036,NA,"Croatia",FALSE,"Germany",FALSE
2361,"SCHÄFER","Pauline","GER","2022 Osijek World Challenge Cup","qual","Osijek, Croatia",NA,NA,12.066,NA,NA,NA,0.254147276944606,NA,"Croatia",FALSE,"Germany",FALSE
2362,"SCHEDER","Sophie Celina","GER","2023 FISU World University Games","final","Chengdu, China",NA,13.433,NA,NA,NA,0.879847515107166,NA,NA,"China",FALSE,"Germany",FALSE
2363,"SCHEDER","Sophie Celina","GER","2023 FISU World University Games","qual","Chengdu, China",NA,13.733,9.333,NA,NA,1.0663865696794,-1.75715925195159,NA,"China",FALSE,"Germany",FALSE
2364,"SCHERMANN","Bianka","HUN","2022 Baku World Cup","final","Baku, Azerbaijan",NA,NA,11.866,11.633,NA,NA,0.106960556937566,-0.454364187858913,"Azerbaijan",FALSE,"Hungary",FALSE
2365,"SCHERMANN","Bianka","HUN","2022 Baku World Cup","qual","Baku, Azerbaijan",12.933,NA,12.633,12.5,-0.0193478924592108,NA,0.671421628164562,0.346394579015203,"Azerbaijan",FALSE,"Hungary",FALSE
2366,"SCHERMANN","Bianka","HUN","2022 Cairo World Cup","final","Cairo, Egypt",12.9,NA,NA,NA,-0.0606106761229817,NA,NA,NA,"Egypt",FALSE,"Hungary",FALSE
2367,"SCHERMANN","Bianka","HUN","2022 Cairo World Cup","qual","Cairo, Egypt",12.033,NA,NA,10.3,-1.1446965378348,NA,NA,-1.68551924696294,"Egypt",FALSE,"Hungary",FALSE
2368,"SCHERMANN","Bianka","HUN","2022 Doha World Cup","final","Doha, Qatar",NA,10.633,NA,12.166,NA,-0.861183660900366,NA,0.0379131163439755,"Qatar",FALSE,"Hungary",FALSE
2369,"SCHERMANN","Bianka","HUN","2022 Doha World Cup","qual","Doha, Qatar",NA,11.066,NA,11.966,NA,-0.591945625467771,NA,-0.146806322381311,"Qatar",FALSE,"Hungary",FALSE
2370,"SCHERMANN","Bianka","HUN","2022 Varna World Challenge Cup","qual","Varna, Bulgaria",NA,NA,NA,10.8,NA,NA,NA,-1.22372065014973,"Bulgaria",FALSE,"Hungary",FALSE
2372,"SCHLEGEL","Jessica","GER","EnBW DTB Pokal Team Challenge 2023","final","Stuttgart, Germany",NA,NA,13.433,NA,NA,NA,1.26016850819272,NA,"Germany",FALSE,"Germany",TRUE
2373,"SCHLEGEL","Jessica","GER","EnBW DTB Pokal Team Challenge 2023","qual","Stuttgart, Germany",NA,NA,13.45,NA,NA,NA,1.27267937939332,NA,"Germany",FALSE,"Germany",TRUE
2374,"SCHOENMAIER","Karina","GER","2022 51st FIG Artistic Gymnastics World Championships","AAfinal","Liverpool, England",13.066,12.133,11.666,12.566,0.146953629579627,0.0715116119608119,-0.0402261630694729,0.407351993794548,"England",FALSE,"Germany",FALSE
2375,"SCHOENMAIER","Karina","GER","2022 51st FIG Artistic Gymnastics World Championships","qual","Liverpool, England",13.4,12.7,11.933,12.6,0.564583015752344,0.424070425102337,0.156268108139924,0.438754298377845,"England",FALSE,"Germany",FALSE
2376,"SCHOENMAIER","Karina","GER","2023 52nd FIG Artistic Gymnastics World Championships","qual","Antwerp, Belgium",13.133,12.933,11.966,12.266,0.230729584290919,0.568949090820107,0.180553916941086,0.130272835706618,"Belgium",FALSE,"Germany",FALSE
2378,"SCHÖNMAIER","Karina","GER","EnBW DTB Pokal Team Challenge 2023","final","Stuttgart, Germany",13.233,NA,NA,NA,0.355768322665986,NA,NA,NA,"Germany",FALSE,"Germany",TRUE
2379,"SCHÖNMAIER","Karina","GER","EnBW DTB Pokal Team Challenge 2023","qual","Stuttgart, Germany",NA,NA,12.1,NA,NA,NA,0.279169019345802,NA,"Germany",FALSE,"Germany",TRUE
2380,"SCHWANINGER","Berta","AUT","2022 51st FIG Artistic Gymnastics World Championships","qual","Liverpool, England",12.7,NA,NA,NA,-0.310688152873113,NA,NA,NA,"England",FALSE,"Austria",FALSE
2381,"SCOTT","Breanna","AUS","2022 51st FIG Artistic Gymnastics World Championships","qual","Liverpool, England",13.333,NA,11.966,12.066,0.480807061041051,NA,0.180553916941086,-0.0544466030186671,"England",FALSE,"Australia",FALSE
2382,"SCOTT","Breanna","AUS","2022 Doha World Cup","qual","Doha, Qatar",NA,NA,9.7,NA,NA,NA,-1.48707162073867,NA,"Qatar",FALSE,"Australia",FALSE
2383,"SCOTT","Breanna","AUS","2023 52nd FIG Artistic Gymnastics World Championships","qual","Antwerp, Belgium",13.1,NA,13.6,12.633,0.189466800627148,NA,1.3830694193986,0.469233005767517,"Belgium",FALSE,"Australia",FALSE
2384,"SCOTT","Breanna","AUS","2023 Baku World Cup","qual","Baku, Azerbaijan",NA,NA,12.666,11.5,NA,NA,0.695707436965725,-0.577202614611227,"Azerbaijan",FALSE,"Australia",FALSE
2385,"SCOTT","Breanna","AUS","2023 Doha World Cup","final","Doha, Qatar",NA,NA,NA,12.8,NA,NA,NA,0.623473737103132,"Qatar",FALSE,"Australia",FALSE
2386,"SCOTT","Breanna","AUS","2023 Doha World Cup","qual","Doha, Qatar",NA,NA,12.333,12.233,NA,NA,0.450641548154004,0.0997941283169464,"Qatar",FALSE,"Australia",FALSE
2387,"SCOTT","Breanna","AUS","BIRMINGHAM 2022 Commonwealth Games","qual","Birmingham, England",NA,NA,12.45,12.6,NA,NA,0.536745779358121,0.438754298377845,"England",FALSE,"Australia",FALSE
2388,"SEDHANE","Rihab Sidra","ALG","2023 Cairo World Cup","qual","Cairo, Egypt",NA,10.4,NA,NA,NA,-1.00606232661813,NA,NA,"Egypt",FALSE,"Algeria",FALSE
2389,"SEITZ","Elisabeth","GER","2022 51st FIG Artistic Gymnastics World Championships","final","Liverpool, England",NA,14.366,NA,NA,NA,1.45998397482682,NA,NA,"England",FALSE,"Germany",FALSE
2390,"SEITZ","Elisabeth","GER","2022 51st FIG Artistic Gymnastics World Championships","qual","Liverpool, England",13.466,14.4,NA,NA,0.647108583079886,1.48112506767834,NA,NA,"England",FALSE,"Germany",FALSE
2391,"SEITZ","Elisabeth","GER","2022 Senior European Championships","final","Munich, Germany",NA,14.433,NA,NA,NA,1.50164436368128,NA,NA,"Germany",FALSE,"Germany",TRUE
2392,"SEITZ","Elisabeth","GER","2022 Senior European Championships","qual","Munich, Germany",13.1,14.2,NA,NA,0.189466800627148,1.35676569796351,NA,NA,"Germany",FALSE,"Germany",TRUE
2393,"SEITZ","Elisabeth","GER","2022 Senior European Championships","TeamFinal","Munich, Germany",13.333,14.3,NA,NA,0.480807061041051,1.41894538282093,NA,NA,"Germany",FALSE,"Germany",TRUE
2394,"SEITZ","Elisabeth","GER","2023 Cottbus World Cup","final","Cottbus, Germany",NA,12.066,NA,NA,NA,0.029851223106347,NA,NA,"Germany",FALSE,"Germany",TRUE
2395,"SEITZ","Elisabeth","GER","2023 Cottbus World Cup","qual","Cottbus, Germany",NA,14.1,NA,NA,NA,1.2945860131061,NA,NA,"Germany",FALSE,"Germany",TRUE
2396,"SEITZ","Elisabeth","GER","2023 Senior European Championships","final","Antalya, Turkey",NA,14.2,NA,NA,NA,1.35676569796351,NA,NA,"Turkey",FALSE,"Germany",FALSE
2397,"SEITZ","Elisabeth","GER","2023 Senior European Championships","qual","Antalya, Turkey",13.333,14.4,10.3,NA,0.480807061041051,1.48112506767834,-1.04551146071755,NA,"Turkey",FALSE,"Germany",FALSE
2398,"SEMUKHINA","Arina","RUS","2022 Doha World Cup","final","Doha, Qatar",12.966,NA,NA,NA,0.0219148912045601,NA,NA,NA,"Qatar",FALSE,"Russia",FALSE
2399,"SEMUKHINA","Arina","RUS","2022 Doha World Cup","qual","Doha, Qatar",12.9,NA,NA,NA,-0.0606106761229817,NA,NA,NA,"Qatar",FALSE,"Russia",FALSE
2400,"SERBER","Celia","FRA","2022 Varna World Challenge Cup","final","Varna, Bulgaria",NA,13.35,10.95,NA,NA,0.828238376675514,-0.567154620694675,NA,"Bulgaria",FALSE,"France",FALSE
2401,"SERBER","Celia","FRA","2022 Varna World Challenge Cup","qual","Varna, Bulgaria",NA,13.5,13.15,NA,NA,0.921507903961632,1.05189929938276,NA,"Bulgaria",FALSE,"France",FALSE
2402,"SERITA","Mikako","JPN","2023 Doha World Cup","final","Doha, Qatar",NA,13.233,NA,NA,NA,0.755488145392343,NA,NA,"Qatar",FALSE,"Japan",FALSE
2403,"SERITA","Mikako","JPN","2023 Doha World Cup","qual","Doha, Qatar",12.8,13.633,NA,NA,-0.185649414498046,1.00420688482199,NA,NA,"Qatar",FALSE,"Japan",FALSE
2404,"SERITA","Mikako","JPN","HANGZHOU 2022 19th Asian Games","final","Hangzhou, China",NA,13.933,NA,NA,NA,1.19074593939423,NA,NA,"China",FALSE,"Japan",FALSE
2405,"SERITA","Mikako","JPN","HANGZHOU 2022 19th Asian Games","qual","Hangzhou, China",NA,13.533,12.1,10.966,NA,0.942027199964578,0.279169019345802,-1.07040351600774,"China",FALSE,"Japan",FALSE
2406,"SFIRINGU","Silviana","ROU","2022 Osijek World Challenge Cup","final","Osijek, Croatia",NA,12.466,11.8,NA,NA,0.278569962535993,0.0583889393352438,NA,"Croatia",FALSE,"Romania",FALSE
2407,"SFIRINGU","Silviana","ROU","2022 Osijek World Challenge Cup","qual","Osijek, Croatia",NA,12.633,12.266,NA,NA,0.382410036247871,0.401333996951645,NA,"Croatia",FALSE,"Romania",FALSE
2408,"SFIRINGU","Silviana","ROU","2022 Senior European Championships","qual","Munich, Germany",12.866,11.133,12.533,10.066,-0.103123847170505,-0.550285236613307,0.597828268161043,-1.90164099027153,"Germany",FALSE,"Romania",FALSE
2409,"SGARBOSSA","Frederique","CAN","SANTIAGO 2023 XIX Pan American Games","qual","Santiago, Chile",13.033,12.1,NA,NA,0.105690845915854,0.0509923159578664,NA,NA,"Chile",FALSE,"Canada",FALSE
2410,"SHAABAN","Maya","EGY","2022 Mersin World Challenge Cup","qual","Mersin, Turkey",NA,NA,8.65,NA,NA,NA,-2.25980190077563,NA,"Turkey",FALSE,"Egypt",FALSE
2411,"SHALIT","Noga","ISR","2022 Senior European Championships","qual","Munich, Germany",12.266,NA,10.466,11.5,-0.853356277420896,NA,-0.923346483111711,-0.577202614611227,"Germany",FALSE,"Israel",FALSE
2412,"SHALIT","Noga","ISR","2022 Varna World Challenge Cup","qual","Varna, Bulgaria",NA,NA,10.2,11.85,NA,NA,-1.11910482072107,-0.253943596841977,"Bulgaria",FALSE,"Israel",FALSE
2413,"SHAMETKO","Alexandra","KAZ","2022 9th Senior Artistic Gymnastics Asian Championships","qual","Doha, Qatar",NA,10.1,11.6,11.233,NA,-1.19260138119037,-0.0887977806717965,-0.823803065309483,"Qatar",FALSE,"Kazakhstan",FALSE
2414,"SHAMETKO","Alexandra","KAZ","2022 Doha World Cup","qual","Doha, Qatar",NA,8.366,NA,NA,NA,-2.27079711661789,NA,NA,"Qatar",FALSE,"Kazakhstan",FALSE
2415,"SHAMSHITDINOVA","Ayazhan","KAZ","2022 9th Senior Artistic Gymnastics Asian Championships","qual","Doha, Qatar",NA,10.467,10.267,NA,NA,-0.964401937763668,-1.06979726951872,NA,"Qatar",FALSE,"Kazakhstan",FALSE
2416,"SHAMSHITDINOVA","Ayazhan","KAZ","2023 Cairo World Cup","qual","Cairo, Egypt",NA,10.066,9.6,NA,NA,-1.21374247404189,-1.56066498074219,NA,"Egypt",FALSE,"Kazakhstan",FALSE
2417,"SHARAF","Zeina","EGY","2022 51st FIG Artistic Gymnastics World Championships","qual","Liverpool, England",12.766,12,12.033,12,-0.228162585545569,-0.0111873688995453,0.229861468143444,-0.115404017798012,"England",FALSE,"Egypt",FALSE
2418,"SHEPHERD","Maggie May","GBR","2023 British Gymnastics Championships","qual","Liverpool, England",12.35,9.15,10.3,11.3,-0.748323737185841,-1.78330838733578,-1.04551146071755,-0.761922053336512,"England",FALSE,"England",TRUE
2419,"SHIN","Solyi","KOR","2022 51st FIG Artistic Gymnastics World Championships","qual","Liverpool, England",NA,12.8,NA,NA,NA,0.48625010995975,NA,NA,"England",FALSE,"Korea, South",FALSE
2420,"SHIN","Solyi","KOR","2022 9th Senior Artistic Gymnastics Asian Championships","final","Doha, Qatar",NA,11.867,12.733,NA,NA,-0.0938863497599025,0.745014988168083,NA,"Qatar",FALSE,"Korea, South",FALSE
2421,"SHIN","Solyi","KOR","2022 9th Senior Artistic Gymnastics Asian Championships","qual","Doha, Qatar",NA,13.233,12.833,12.767,NA,0.755488145392343,0.818608348171603,0.592995029713459,"Qatar",FALSE,"Korea, South",FALSE
2422,"SHIN","Solyi","KOR","2023 10th Senior Artistic Gymnastics Asian Championships","final","Singapore",13.066,13.6,11.433,13.066,0.146953629579627,0.983687588819044,-0.211698691877674,0.869150590607763,"Singapore",FALSE,"Korea, South",FALSE
2423,"SHIN","Solyi","KOR","2023 10th Senior Artistic Gymnastics Asian Championships","qual","Singapore",13.2,13.566,13.5,13.233,0.314505539002213,0.962546495967525,1.30947605939508,1.02339132194338,"Singapore",FALSE,"Korea, South",FALSE
2424,"SHIN","Solyi","KOR","2023 52nd FIG Artistic Gymnastics World Championships","qual","Antwerp, Belgium",13.5,12.8,11.8,12.5,0.689621754127409,0.48625010995975,0.0583889393352438,0.346394579015203,"Belgium",FALSE,"Korea, South",FALSE
2425,"SIEGENTHALER","Stefanie","SUI","2022 Senior European Championships","qual","Munich, Germany",NA,12.833,7.633,12.333,NA,0.506769405962695,-3.00824637201143,0.192153847679589,"Germany",FALSE,"Switzerland",FALSE
2426,"SIEGENTHALER","Stefanie","SUI","2023 Senior European Championships","qual","Antalya, Turkey",12.166,NA,NA,11.633,-0.97839501579596,NA,NA,-0.454364187858913,"Turkey",FALSE,"Switzerland",FALSE
2427,"SIIKALA","Adeliina","FIN","2023 52nd FIG Artistic Gymnastics World Championships","qual","Antwerp, Belgium",12.766,NA,11.3,10.5,-0.228162585545569,NA,-0.309577860682355,-1.50079980823766,"Belgium",FALSE,"Finland",FALSE
2428,"SIIKALA","Adeliina","FIN","2023 Tel Aviv World Challenge Cup","final","Tel Aviv, Israel",12.8,NA,NA,NA,-0.185649414498046,NA,NA,NA,"Israel",FALSE,"Finland",FALSE
2429,"SIIKALA","Adeliina","FIN","2023 Tel Aviv World Challenge Cup","qual","Tel Aviv, Israel",12.867,6.533,10.8,11.133,-0.101873459786753,-3.41055074005425,-0.677544660699954,-0.916162784672128,"Israel",FALSE,"Finland",FALSE
2430,"SILVA","Josiany","BRA","EnBW DTB Pokal Team Challenge 2023","qual","Stuttgart, Germany",NA,12.75,11.65,NA,NA,0.455160267531044,-0.0520011006700361,NA,"Germany",FALSE,"Brazil",FALSE
2431,"SILVA E BEZERRA","Christal","BRA","2023 Artistic Gymnastics Senior Pan American Championships","TeamFinal","Medellin, Colombia",12.8,NA,NA,NA,-0.185649414498046,NA,NA,NA,"Colombia",FALSE,"Brazil",FALSE
2432,"SILVA E BEZERRA","Christal","BRA","2023 Artistic Gymnastics Senior Pan American Championships","TeamQual","Medellin, Colombia",NA,11.2,12.1,NA,NA,-0.50862484775884,0.279169019345802,NA,"Colombia",FALSE,"Brazil",FALSE
2433,"SIM","Haewon","PRK","HANGZHOU 2022 19th Asian Games","qual","Hangzhou, China",NA,11.9,11.466,10.1,NA,-0.0733670537569569,-0.187412883076513,-1.87023868568823,"China",FALSE,"Korea, North",FALSE
2434,"SIMM","Kelly","ENG","BIRMINGHAM 2022 Commonwealth Games","qual","Birmingham, England",NA,11.8,NA,NA,NA,-0.135546738614369,NA,NA,"England",FALSE,"England",TRUE
2435,"SIMM","Kelly","GBR","2022 British Gymnastics Championships","final","Liverpool, England",NA,12.55,NA,12.8,NA,0.33080089781622,NA,0.623473737103132,"England",FALSE,"England",TRUE
2436,"SIMM","Kelly","GBR","2022 British Gymnastics Championships","qual","Liverpool, England",12.75,13.75,10.9,12.95,-0.24816878368558,1.07695711610516,-0.603951300696434,0.762013316147095,"England",FALSE,"England",TRUE
2437,"SIMM","Kelly","GBR","2022 Varna World Challenge Cup","final","Varna, Bulgaria",NA,NA,11.75,12.8,NA,NA,0.0215922593334834,0.623473737103132,"Bulgaria",FALSE,"England",FALSE
2438,"SIMM","Kelly","GBR","2022 Varna World Challenge Cup","qual","Varna, Bulgaria",NA,12.25,12.55,12.7,NA,0.144261843243984,0.610339139361642,0.531114017740488,"Bulgaria",FALSE,"England",FALSE
2439,"SKALSKA","Kaja","POL","2022 Cottbus World Cup","qual","Cottbus, Germany",NA,NA,11.133,NA,NA,NA,-0.432478771888234,NA,"Germany",FALSE,"Poland",FALSE
2440,"SKALSKA","Kaja","POL","2023 52nd FIG Artistic Gymnastics World Championships","qual","Antwerp, Belgium",12.166,10.866,10.9,11.6,-0.97839501579596,-0.716304995182596,-0.603951300696434,-0.484842895248584,"Belgium",FALSE,"Poland",FALSE
2441,"SKALSKA","Kaja","POL","2023 Cottbus World Cup","qual","Cottbus, Germany",11.066,10.633,12.066,10.1,-2.35382113792168,-0.861183660900366,0.254147276944606,-1.87023868568823,"Germany",FALSE,"Poland",FALSE
2442,"SKALSKA","Kaja","POL","2023 Senior European Championships","qual","Antalya, Turkey",12.233,11.233,10.166,11.266,-0.894619061084666,-0.488105551755894,-1.14412656312227,-0.793324357919812,"Turkey",FALSE,"Poland",FALSE
2443,"SLEVIN","Emma","IRL","2022 51st FIG Artistic Gymnastics World Championships","qual","Liverpool, England",12.833,11.733,11.533,11.2,-0.144386630834276,-0.177207127468835,-0.138105331874155,-0.854281772699157,"England",FALSE,"Ireland",FALSE
2444,"SLEVIN","Emma","IRL","2022 Paris World Challenge Cup","qual","Paris, France",NA,NA,10.75,NA,NA,NA,-0.714341340701714,NA,"France",FALSE,"Ireland",FALSE
2445,"SLEVIN","Emma","IRL","2022 Senior European Championships","qual","Munich, Germany",12.933,10.133,12.3,11.766,-0.0193478924592108,-1.17208208518742,0.426355739352843,-0.331525761106597,"Germany",FALSE,"Ireland",FALSE
2446,"SLEVIN","Emma","IRL","2023 52nd FIG Artistic Gymnastics World Championships","qual","Antwerp, Belgium",12.1,11.9,12.066,12.1,-1.0609205831235,-0.0733670537569569,0.254147276944606,-0.0230442984353695,"Belgium",FALSE,"Ireland",FALSE
2447,"SLEVIN","Emma","IRL","2023 Baku World Cup","qual","Baku, Azerbaijan",NA,NA,10.333,10.733,NA,NA,-1.02122565191639,-1.2856016621227,"Azerbaijan",FALSE,"Ireland",FALSE
2448,"SLEVIN","Emma","IRL","2023 Senior European Championships","qual","Antalya, Turkey",13,11.833,11.8,12.233,0.0644280622520831,-0.115027442611423,0.0583889393352438,0.0997941283169464,"Turkey",FALSE,"Ireland",FALSE
2449,"SLIPPENS","Mara","NED","2022 Varna World Challenge Cup","final","Varna, Bulgaria",13.25,NA,NA,NA,0.377024908189746,NA,NA,NA,"Bulgaria",FALSE,"Netherlands",FALSE
2450,"SLIPPENS","Mara","NED","2022 Varna World Challenge Cup","qual","Varna, Bulgaria",13.3,NA,11.95,NA,0.43954427737728,NA,0.168778979340522,NA,"Bulgaria",FALSE,"Netherlands",FALSE
2451,"SLOOFF","Floor","NED","2023 Osijek World Challenge Cup","final","Osijek, Croatia",13.133,NA,NA,12.733,0.230729584290919,NA,NA,0.561592725130161,"Croatia",FALSE,"Netherlands",FALSE
2452,"SLOOFF","Floor","NED","2023 Osijek World Challenge Cup","qual","Osijek, Croatia",12.966,12.1,NA,12.866,0.0219148912045601,0.0509923159578664,NA,0.684431151882476,"Croatia",FALSE,"Netherlands",FALSE
2453,"SLOOFF","Floor","NED","2023 Varna World Challenge Cup","final","Varna, Bulgaria",13.166,NA,11.9,NA,0.271992367954692,NA,0.131982299338763,NA,"Bulgaria",FALSE,"Netherlands",FALSE
2454,"SLOOFF","Floor","NED","2023 Varna World Challenge Cup","qual","Varna, Bulgaria",12.933,NA,12.566,11.566,-0.0193478924592108,NA,0.622114076962205,-0.516245199831882,"Bulgaria",FALSE,"Netherlands",FALSE
2455,"SMANTSAR","Anastasiya","BLR","2022 Cottbus World Cup","final","Cottbus, Germany",NA,13.1,12.666,12.4,NA,0.672789164531985,0.695707436965725,0.25403485965256,"Germany",FALSE,"Belarus",FALSE
2456,"SMANTSAR","Anastasiya","BLR","2022 Cottbus World Cup","qual","Cottbus, Germany",NA,12.933,12.433,11.833,NA,0.568949090820107,0.524234908157523,-0.269644749133626,"Germany",FALSE,"Belarus",FALSE
2457,"SMANTSAR","Anastasiya","BLR","2022 Doha World Cup","final","Doha, Qatar",NA,10.633,12.066,11.366,NA,-0.861183660900366,0.254147276944606,-0.700964638557169,"Qatar",FALSE,"Belarus",FALSE
2458,"SMANTSAR","Anastasiya","BLR","2022 Doha World Cup","qual","Doha, Qatar",NA,12.2,12.033,12.566,NA,0.113172000815278,0.229861468143444,0.407351993794548,"Qatar",FALSE,"Belarus",FALSE
2459,"SMITH","Lottie","GBR","2022 British Gymnastics Championships","qual","Liverpool, England",12.85,11.7,11.3,NA,-0.123130045310515,-0.197726423471781,-0.309577860682355,NA,"England",FALSE,"England",TRUE
2460,"SMITH","Lottie","GBR","2023 British Gymnastics Championships","qual","Liverpool, England",12.75,11.85,11.9,11.85,-0.24816878368558,-0.104456896185663,0.131982299338763,-0.253943596841977,"England",FALSE,"England",TRUE
2461,"SOARES","Julia","BRA","2022 51st FIG Artistic Gymnastics World Championships","qual","Liverpool, England",NA,NA,12.466,13.466,NA,NA,0.548520716958684,1.23858946805833,"England",FALSE,"Brazil",FALSE
2462,"SOARES","Julia","BRA","2022 51st FIG Artistic Gymnastics World Championships","TeamFinal","Liverpool, England",NA,NA,12.533,12.833,NA,NA,0.597828268161043,0.653952444492804,"England",FALSE,"Brazil",FALSE
2463,"SOARES","Julia","BRA","2022 Baku World Cup","final","Baku, Azerbaijan",NA,NA,NA,13.433,NA,NA,NA,1.20811076066866,"Azerbaijan",FALSE,"Brazil",FALSE
2464,"SOARES","Julia","BRA","2022 Baku World Cup","qual","Baku, Azerbaijan",NA,12,11.966,13.233,NA,-0.0111873688995453,0.180553916941086,1.02339132194338,"Azerbaijan",FALSE,"Brazil",FALSE
2465,"SOARES","Julia","BRA","2023 52nd FIG Artistic Gymnastics World Championships","qual","Antwerp, Belgium",12.866,NA,13.2,13.2,-0.103123847170505,NA,1.08869597938452,0.992912614553703,"Belgium",FALSE,"Brazil",FALSE
2466,"SOARES","Julia","BRA","2023 52nd FIG Artistic Gymnastics World Championships","TeamFinal","Antwerp, Belgium",NA,NA,12.2,13.6,NA,NA,0.352762379349322,1.36235149200427,"Belgium",FALSE,"Brazil",FALSE
2467,"SOARES","Julia","BRA","EnBW DTB Pokal Team Challenge 2023","final","Stuttgart, Germany",NA,NA,12.633,13.3,NA,NA,0.671421628164562,1.08527233391635,"Germany",FALSE,"Brazil",FALSE
2468,"SOARES","Julia","BRA","EnBW DTB Pokal Team Challenge 2023","qual","Stuttgart, Germany",12.75,12.05,13.05,12.75,-0.24816878368558,0.0199024735291611,0.978305939379241,0.57729387742181,"Germany",FALSE,"Brazil",FALSE
2469,"SOARES","Julia","BRA","SANTIAGO 2023 XIX Pan American Games","final","Santiago, Chile",NA,NA,NA,13.633,NA,NA,NA,1.39283019939395,"Chile",FALSE,"Brazil",FALSE
2470,"SOARES","Julia","BRA","SANTIAGO 2023 XIX Pan American Games","qual","Santiago, Chile",NA,NA,12.666,13.4,NA,NA,0.695707436965725,1.17763205327899,"Chile",FALSE,"Brazil",FALSE
2471,"SOBRAL","Lia","POR","2022 Senior European Championships","qual","Munich, Germany",12.066,10.633,8.733,11.7,-1.10343375417103,-0.861183660900366,-2.19871941197271,-0.392483175885942,"Germany",FALSE,"Portugal",FALSE
2472,"SOERENSEN","Josephine","DEN","2022 Senior European Championships","qual","Munich, Germany",11.733,NA,10.2,11.3,-1.51981275295999,NA,-1.11910482072107,-0.761922053336512,"Germany",FALSE,"Denmark",FALSE
2473,"SONEZAKI","Shizuku","JPN","2023 Doha World Cup","qual","Doha, Qatar",13,NA,NA,11.833,0.0644280622520831,NA,NA,-0.269644749133626,"Qatar",FALSE,"Japan",FALSE
2474,"SPEERS","Lara","GBR","2023 British Gymnastics Championships","qual","Liverpool, England",12.5,10.8,9.5,10.85,-0.560765629623243,-0.757343587188487,-1.63425834074571,-1.17754079046841,"England",FALSE,"England",TRUE
2475,"SPENCE","Emma","CAN","2022 51st FIG Artistic Gymnastics World Championships","qual","Liverpool, England",13.633,12.8,12.533,NA,0.855923276166245,0.48625010995975,0.597828268161043,NA,"England",FALSE,"Canada",FALSE
2476,"SPENCE","Emma","CAN","2022 51st FIG Artistic Gymnastics World Championships","TeamFinal","Liverpool, England",13.633,12.433,12.233,NA,0.855923276166245,0.258050666533048,0.377048188150484,NA,"England",FALSE,"Canada",FALSE
2477,"SPENCE","Emma","CAN","BIRMINGHAM 2022 Commonwealth Games","AAfinal","Birmingham, England",13.55,12.95,13.05,12.8,0.752141123314943,0.579519637245867,0.978305939379241,0.623473737103132,"England",FALSE,"Canada",FALSE
2478,"SPENCE","Emma","CAN","BIRMINGHAM 2022 Commonwealth Games","final","Birmingham, England",13.5,12.733,13.066,12.966,0.689621754127409,0.444589721105284,0.990080876979804,0.776790871245118,"England",FALSE,"Canada",FALSE
2479,"SPENCE","Emma","CAN","BIRMINGHAM 2022 Commonwealth Games","qual","Birmingham, England",13.4,12.55,12.15,12.75,0.564583015752344,0.33080089781622,0.315965699347563,0.57729387742181,"England",FALSE,"Canada",FALSE
2480,"STAAHL","Maya","SWE","2023 Senior European Championships","qual","Antalya, Turkey",NA,NA,9.5,11.7,NA,NA,-1.63425834074571,-0.392483175885942,"Turkey",FALSE,"Sweden",FALSE
2481,"STACEY","Ruby","GBR","2022 Koper World Challenge Cup","final","Koper, Slovenia",NA,13.35,NA,NA,NA,0.828238376675514,NA,NA,"Slovenia",FALSE,"England",FALSE
2482,"STACEY","Ruby","GBR","2022 Koper World Challenge Cup","qual","Koper, Slovenia",NA,13,11.4,NA,NA,0.610609479674573,-0.235984500678836,NA,"Slovenia",FALSE,"England",FALSE
2483,"STACEY","Ruby","GBR","2022 Mersin World Challenge Cup","final","Mersin, Turkey",NA,NA,NA,12.3,NA,NA,NA,0.161675140289917,"Turkey",FALSE,"England",FALSE
2484,"STACEY","Ruby","GBR","2022 Mersin World Challenge Cup","qual","Mersin, Turkey",NA,11.95,9.7,11.5,NA,-0.0422772113282516,-1.48707162073867,-0.577202614611227,"Turkey",FALSE,"England",FALSE
2485,"STACEY","Ruby","GBR","2023 British Gymnastics Championships","qual","Liverpool, England",13.1,12.25,NA,NA,0.189466800627148,0.144261843243984,NA,NA,"England",FALSE,"England",TRUE
2486,"STACEY","Ruby","GBR","2023 Doha World Cup","final","Doha, Qatar",12.166,NA,NA,12.233,-0.97839501579596,NA,NA,0.0997941283169464,"Qatar",FALSE,"England",FALSE
2487,"STACEY","Ruby","GBR","2023 Doha World Cup","qual","Doha, Qatar",13.133,10.733,12.3,12.366,0.230729584290919,-0.799003976042953,0.426355739352843,0.222632555069261,"Qatar",FALSE,"England",FALSE
2488,"STANCIULESCU","Ioana","ROU","2022 Baku World Cup","final","Baku, Azerbaijan",12.966,12.166,12.033,NA,0.0219148912045601,0.0920309079637586,0.229861468143444,NA,"Azerbaijan",FALSE,"Romania",FALSE
2489,"STANCIULESCU","Ioana","ROU","2022 Baku World Cup","qual","Baku, Azerbaijan",12.966,13.266,13.133,11.433,0.0219148912045601,0.776007441395289,1.03938842818216,-0.639083626584198,"Azerbaijan",FALSE,"Romania",FALSE
2490,"STANCIULESCU","Ioana","ROU","2022 Varna World Challenge Cup","final","Varna, Bulgaria",NA,12.9,12.2,NA,NA,0.548429794817161,0.352762379349322,NA,"Bulgaria",FALSE,"Romania",FALSE
2491,"STANCIULESCU","Ioana","ROU","2022 Varna World Challenge Cup","qual","Varna, Bulgaria",NA,13.25,12.95,NA,NA,0.766058691818103,0.90471257937572,NA,"Bulgaria",FALSE,"Romania",FALSE
2492,"STEFANOVIC","Tara","SRB","2023 Osijek World Challenge Cup","qual","Osijek, Croatia",12.3,NA,4.8,9.8,-0.810843106373373,NA,-5.09314626091114,-2.14731784377616,"Croatia",FALSE,"Serbia",FALSE
2493,"STEFANOVIC","Tara","SRB","2023 Varna World Challenge Cup","qual","Varna, Bulgaria",12.233,NA,4.966,10.233,-0.894619061084666,NA,-4.9709812833053,-1.74740025893591,"Bulgaria",FALSE,"Serbia",FALSE
2494,"STEWART","Ava","CAN","2023 52nd FIG Artistic Gymnastics World Championships","qual","Antwerp, Belgium",13.466,12.8,NA,12.733,0.647108583079886,0.48625010995975,NA,0.561592725130161,"Belgium",FALSE,"Canada",FALSE
2495,"STEWART","Ava","CAN","2023 Cairo World Cup","final","Cairo, Egypt",NA,12.933,NA,NA,NA,0.568949090820107,NA,NA,"Egypt",FALSE,"Canada",FALSE
2496,"STEWART","Ava","CAN","2023 Cairo World Cup","qual","Cairo, Egypt",13.3,13.033,10.166,12.1,0.43954427737728,0.631128775677519,-1.14412656312227,-0.0230442984353695,"Egypt",FALSE,"Canada",FALSE
2497,"STEWART","Ava","CAN","EnBW DTB Pokal Team Challenge 2023","qual","Stuttgart, Germany",13.35,12.4,NA,NA,0.502063646564811,0.237531370530102,NA,NA,"Germany",FALSE,"Canada",FALSE
2498,"STEWART","Ava","CAN","SANTIAGO 2023 XIX Pan American Games","AAfinal","Santiago, Chile",13.333,13.433,13.266,12.466,0.480807061041051,0.879847515107166,1.13726759698684,0.314992274431903,"Chile",FALSE,"Canada",FALSE
2499,"STEWART","Ava","CAN","SANTIAGO 2023 XIX Pan American Games","final","Santiago, Chile",NA,13.1,13.9,NA,NA,0.672789164531985,1.60384949940916,NA,"Chile",FALSE,"Canada",FALSE
2500,"STEWART","Ava","CAN","SANTIAGO 2023 XIX Pan American Games","qual","Santiago, Chile",13.3,12.4,13.666,12.466,0.43954427737728,0.237531370530102,1.43164103700092,0.314992274431903,"Chile",FALSE,"Canada",FALSE
2501,"STICKLER","Poppy","GBR","2022 Koper World Challenge Cup","final","Koper, Slovenia",NA,NA,NA,12.75,NA,NA,NA,0.57729387742181,"Slovenia",FALSE,"England",FALSE
2502,"STICKLER","Poppy","GBR","2022 Koper World Challenge Cup","qual","Koper, Slovenia",NA,12.45,10.9,13,NA,0.268621212958808,-0.603951300696434,0.808193175828418,"Slovenia",FALSE,"England",FALSE
2503,"STICKLER","Poppy","GBR","2022 Paris World Challenge Cup","final","Paris, France",NA,NA,NA,12.65,NA,NA,NA,0.484934158059167,"France",FALSE,"England",FALSE
2504,"STICKLER","Poppy","GBR","2022 Paris World Challenge Cup","qual","Paris, France",12.75,10.55,12.35,12.6,-0.24816878368558,-0.912792799332017,0.463152419354602,0.438754298377845,"France",FALSE,"England",FALSE
2505,"STICKLER","Poppy","GBR","2023 Osijek World Challenge Cup","final","Osijek, Croatia",13.166,11.033,12.6,NA,0.271992367954692,-0.612464921470718,0.647135819363401,NA,"Croatia",FALSE,"England",FALSE
2506,"STICKLER","Poppy","GBR","2023 Osijek World Challenge Cup","qual","Osijek, Croatia",13,13.233,12.633,11.9,0.0644280622520831,0.755488145392343,0.671421628164562,-0.207763737160655,"Croatia",FALSE,"England",FALSE
2507,"STICKLER","Poppy Grace","GBR","2022 British Gymnastics Championships","final","Liverpool, England",NA,NA,NA,13.4,NA,NA,NA,1.17763205327899,"England",FALSE,"England",TRUE
2508,"STICKLER","Poppy Grace","GBR","2022 British Gymnastics Championships","qual","Liverpool, England",13,11.55,11.7,12.75,0.0644280622520831,-0.290995950757898,-0.015204420668277,0.57729387742181,"England",FALSE,"England",TRUE
2509,"STICKLER","Poppy Grace","GBR","2023 British Gymnastics Championships","final","Liverpool, England",NA,NA,12.35,13.75,NA,NA,0.463152419354602,1.50089107104824,"England",FALSE,"England",TRUE
2510,"STICKLER","Poppy Grace","GBR","2023 British Gymnastics Championships","qual","Liverpool, England",13.15,11.85,12.65,13.4,0.251986169814681,-0.104456896185663,0.683932499365162,1.17763205327899,"England",FALSE,"England",TRUE
2511,"STICKLER","Poppy Grace","GBR","2023 Cottbus World Cup","final","Cottbus, Germany",NA,NA,NA,12.5,NA,NA,NA,0.346394579015203,"Germany",FALSE,"England",FALSE
2512,"STICKLER","Poppy Grace","GBR","2023 Cottbus World Cup","qual","Cottbus, Germany",13.366,9.766,11.566,13.066,0.522069844704821,-1.40028152861413,-0.113819523072992,0.869150590607763,"Germany",FALSE,"England",FALSE
2516,"STOIMENOVA","Nikol","BUL","2023 Osijek World Challenge Cup","qual","Osijek, Croatia",10.4,10.333,12.133,NA,-3.18657913549961,-1.0477227154726,0.303454828146963,NA,"Croatia",FALSE,"Bulgaria",FALSE
2517,"STOIMENOVA","Nikol","BUL","2023 Senior European Championships","qual","Antalya, Turkey",11.8,10.233,11.266,10.933,-1.4360367982487,-1.10990240033001,-0.334599603083552,-1.10088222339741,"Turkey",FALSE,"Bulgaria",FALSE
2518,"STOIMENOVA","Nikol","BUL","2023 Varna World Challenge Cup","final","Varna, Bulgaria",NA,NA,10.566,NA,NA,NA,-0.84975312310819,NA,"Bulgaria",FALSE,"Bulgaria",TRUE
2519,"STOIMENOVA","Nikol","BUL","2023 Varna World Challenge Cup","qual","Varna, Bulgaria",11.666,10.3,12.233,11.2,-1.60358870767128,-1.06824201147555,0.377048188150484,-0.854281772699157,"Bulgaria",FALSE,"Bulgaria",TRUE
2520,"STOTT","Elisha","GBR","2022 British Gymnastics Championships","qual","Liverpool, England",10.6,8.75,8.7,10.6,-2.93650165874948,-2.03202712676543,-2.22300522077387,-1.40844008887501,"England",FALSE,"England",TRUE
2521,"SULEKIC","Sara","CRO","2022 Mersin World Challenge Cup","final","Mersin, Turkey",NA,12.85,NA,NA,NA,0.517339952388455,NA,NA,"Turkey",FALSE,"Croatia",FALSE
2522,"SULEKIC","Sara","CRO","2022 Mersin World Challenge Cup","qual","Mersin, Turkey",NA,12.7,NA,NA,NA,0.424070425102337,NA,NA,"Turkey",FALSE,"Croatia",FALSE
2523,"SULEKIC","Sara","CRO","2022 Paris World Challenge Cup","qual","Paris, France",NA,12.05,NA,NA,NA,0.0199024735291611,NA,NA,"France",FALSE,"Croatia",FALSE
2524,"SULEKIC","Sara","CRO","2022 Senior European Championships","qual","Munich, Germany",11.833,10.4,9.8,11.433,-1.39477401458493,-1.00606232661813,-1.41347826073515,-0.639083626584198,"Germany",FALSE,"Croatia",FALSE
2525,"SULEKIC","Sara","CRO","2022 Szombathely World Challenge Cup","final","Szombathely, Hungary",NA,12.566,NA,NA,NA,0.340749647393406,NA,NA,"Hungary",FALSE,"Croatia",FALSE
2526,"SULEKIC","Sara","CRO","2022 Szombathely World Challenge Cup","qual","Szombathely, Hungary",NA,12.5,NA,NA,NA,0.299711055387514,NA,NA,"Hungary",FALSE,"Croatia",FALSE
2527,"SULEKIC","Sara","CRO","2023 Osijek World Challenge Cup","qual","Osijek, Croatia",NA,12.466,NA,NA,NA,0.278569962535993,NA,NA,"Croatia",FALSE,"Croatia",TRUE
2528,"SULEKIC","Sara","CRO","2023 Senior European Championships","qual","Antalya, Turkey",11.233,12.366,9.166,11.633,-2.14500644483532,0.216390277678582,-1.88006016315747,-0.454364187858913,"Turkey",FALSE,"Croatia",FALSE
2529,"SULEKIC","Sara","CRO","2023 Varna World Challenge Cup","qual","Varna, Bulgaria",NA,8.9,NA,NA,NA,-1.93875759947931,NA,NA,"Bulgaria",FALSE,"Croatia",FALSE
2530,"SULLIVAN","Ashlee","USA","2022 Winter Cup","AAfinal","Frisco, Texas",13.9,12.6,13.5,12.85,1.18977670762767,0.361890740244926,1.30947605939508,0.669653596784453,"Texas",TRUE,"United States",FALSE
2531,"SULLIVAN","Ashlee","USA","2023 U.S. Championships","final","San Jose, CA",13.4,9.95,12.85,13.35,0.564583015752344,-1.28587090847649,0.831119219372201,1.13145219359767,"California",TRUE,"United States",FALSE
2532,"SULLIVAN","Ashlee","USA","2023 U.S. Championships","qual","San Jose, CA",13.2,12.95,12.2,13.1,0.314505539002213,0.579519637245867,0.352762379349322,0.90055289519106,"California",TRUE,"United States",FALSE
2533,"SULLIVAN","Ashlee","USA","2023 Winter Cup","AAfinal","Louisville, Kentucky",13.6,12.6,13.2,13.35,0.814660492502474,0.361890740244926,1.08869597938452,1.13145219359767,"Kentucky",TRUE,"United States",FALSE
2534,"SULLIVAN","Ashlee","USA","EnBW DTB Pokal Team Challenge 2023","final","Stuttgart, Germany",NA,NA,12.4,NA,NA,NA,0.499949099356362,NA,"Germany",FALSE,"United States",FALSE
2535,"SULLIVAN","Ashlee","USA","EnBW DTB Pokal Team Challenge 2023","qual","Stuttgart, Germany",13.1,12.55,13.8,12.65,0.189466800627148,0.33080089781622,1.53025613940564,0.484934158059167,"Germany",FALSE,"United States",FALSE
2536,"SUMANASEKERA","Tiana","USA","2023 Artistic Gymnastics Senior Pan American Championships","TeamFinal","Medellin, Colombia",14.233,NA,13.967,13.7,1.60615570641664,NA,1.65315705061152,1.45471121136692,"Colombia",FALSE,"United States",FALSE
2537,"SUMANASEKERA","Tiana","USA","2023 Artistic Gymnastics Senior Pan American Championships","TeamQual","Medellin, Colombia",13.933,12.633,13.767,13.567,1.23103949129144,0.382410036247871,1.50597033060448,1.3318727846146,"Colombia",FALSE,"United States",FALSE
2538,"SUMANASEKERA","Tiana","USA","2023 Core Hydration Classic","AAfinal","Hoffman Estates, Illinois",14.15,11.55,13.5,12.9,1.50237355356533,-0.290995950757898,1.30947605939508,0.715833456465775,"Illinois",TRUE,"United States",FALSE
2539,"SUMANASEKERA","Tiana","USA","2023 U.S. Championships","final","San Jose, CA",14.1,12.8,13.3,12.95,1.4398541843778,0.48625010995975,1.16228933938804,0.762013316147095,"California",TRUE,"United States",FALSE
2540,"SUMANASEKERA","Tiana","USA","2023 U.S. Championships","qual","San Jose, CA",14.2,11.55,13.85,13.15,1.56489292275286,-0.290995950757898,1.5670528194074,0.946732754872382,"California",TRUE,"United States",FALSE
2541,"SUMANASEKERA","Tiana","USA","2023 Winter Cup","AAfinal","Louisville, Kentucky",NA,12.9,12.6,NA,NA,0.548429794817161,0.647135819363401,NA,"Kentucky",TRUE,"United States",FALSE
2542,"SUMANASEKERA","Tiana","USA","SANTIAGO 2023 XIX Pan American Games","qual","Santiago, Chile",14.1,12.9,13.066,13,1.4398541843778,0.548429794817161,0.990080876979804,0.808193175828418,"Chile",FALSE,"United States",FALSE
2543,"SUN","Xinyi","CHN","2022 9th Senior Artistic Gymnastics Asian Championships","qual","Doha, Qatar",NA,NA,14.1,13,NA,NA,1.7510362194162,0.808193175828418,"Qatar",FALSE,"China",FALSE
2544,"SURMANOVA","Sara","SVK","2022 Mersin World Challenge Cup","final","Mersin, Turkey",11.5,NA,NA,NA,-1.8111530133739,NA,NA,NA,"Turkey",FALSE,"Slovakia",FALSE
2545,"SURMANOVA","Sara","SVK","2022 Mersin World Challenge Cup","qual","Mersin, Turkey",12.85,11.75,11.05,NA,-0.123130045310515,-0.166636581043075,-0.493561260691154,NA,"Turkey",FALSE,"Slovakia",FALSE
2546,"SURMANOVA","Sara","SVK","2022 Paris World Challenge Cup","qual","Paris, France",NA,11.25,11.55,NA,NA,-0.477535005330134,-0.125594460673556,NA,"France",FALSE,"Slovakia",FALSE
2547,"SURMANOVA","Sara","SVK","2022 Senior European Championships","qual","Munich, Germany",12.533,9.933,9.433,11.466,-0.519502845959472,-1.29644145490225,-1.68356589194807,-0.608604919194526,"Germany",FALSE,"Slovakia",FALSE
2548,"SURMANOVA","Sara","SVK","2022 Szombathely World Challenge Cup","final","Szombathely, Hungary",12.666,NA,NA,NA,-0.353201323920634,NA,NA,NA,"Hungary",FALSE,"Slovakia",FALSE
2549,"SURMANOVA","Sara","SVK","2022 Szombathely World Challenge Cup","qual","Szombathely, Hungary",12.7,11.266,11.4,NA,-0.310688152873113,-0.467586255752948,-0.235984500678836,NA,"Hungary",FALSE,"Slovakia",FALSE
2550,"SURMANOVA","Sara","SVK","2023 Cottbus World Cup","qual","Cottbus, Germany",NA,NA,11.033,NA,NA,NA,-0.506072131891754,NA,"Germany",FALSE,"Slovakia",FALSE
2551,"SURMANOVA","Sara","SVK","2023 Senior European Championships","qual","Antalya, Turkey",10.9,9.833,10.933,11.5,-2.56138544362429,-1.35862113975966,-0.579665491895273,-0.577202614611227,"Turkey",FALSE,"Slovakia",FALSE
2552,"SURTEES","Jamie Leigh","GBR","2022 British Gymnastics Championships","qual","Liverpool, England",11.75,9.75,9.95,NA,-1.49855616743623,-1.41023027819131,-1.30308822072987,NA,"England",FALSE,"England",TRUE
2553,"SUTO","Agnes","ISL","2022 Senior European Championships","qual","Munich, Germany",11.566,10.5,7.933,11.666,-1.72862744604635,-0.943882641760723,-2.78746629200087,-0.423885480469239,"Germany",FALSE,"Iceland",FALSE
2554,"SUTO","Agnes","ISL","2023 Senior European Championships","qual","Antalya, Turkey",13.033,9.133,10.366,11.2,0.105690845915854,-1.79387893376154,-0.99693984311523,-0.854281772699157,"Turkey",FALSE,"Iceland",FALSE
2555,"SZEKELY","Zoja","HUN","2022 51st FIG Artistic Gymnastics World Championships","qual","Liverpool, England",NA,13.766,NA,NA,NA,1.08690586568235,NA,NA,"England",FALSE,"Hungary",FALSE
2556,"SZEKELY","Zoja","HUN","2022 Koper World Challenge Cup","final","Koper, Slovenia",NA,13.65,NA,12,NA,1.01477743124775,NA,-0.115404017798012,"Slovenia",FALSE,"Hungary",FALSE
2557,"SZEKELY","Zoja","HUN","2022 Koper World Challenge Cup","qual","Koper, Slovenia",NA,13.75,NA,11.9,NA,1.07695711610516,NA,-0.207763737160655,"Slovenia",FALSE,"Hungary",FALSE
2558,"SZEKELY","Zoja","HUN","2022 Osijek World Challenge Cup","final","Osijek, Croatia",NA,13.8,NA,NA,NA,1.10804695853387,NA,NA,"Croatia",FALSE,"Hungary",FALSE
2559,"SZEKELY","Zoja","HUN","2022 Osijek World Challenge Cup","qual","Osijek, Croatia",NA,13.6,10.866,12.333,NA,0.983687588819044,-0.628973043097632,0.192153847679589,"Croatia",FALSE,"Hungary",FALSE
2560,"SZEKELY","Zoja","HUN","2022 Paris World Challenge Cup","final","Paris, France",NA,12.25,NA,NA,NA,0.144261843243984,NA,NA,"France",FALSE,"Hungary",FALSE
2561,"SZEKELY","Zoja","HUN","2022 Paris World Challenge Cup","qual","Paris, France",NA,13.5,NA,NA,NA,0.921507903961632,NA,NA,"France",FALSE,"Hungary",FALSE
2562,"SZEKELY","Zoja","HUN","2022 Senior European Championships","qual","Munich, Germany",NA,12.466,NA,NA,NA,0.278569962535993,NA,NA,"Germany",FALSE,"Hungary",FALSE
2563,"SZEKELY","Zoja","HUN","2022 Senior European Championships","TeamFinal","Munich, Germany",NA,12.666,NA,NA,NA,0.402929332250818,NA,NA,"Germany",FALSE,"Hungary",FALSE
2564,"SZEKELY","Zoja","HUN","2022 Szombathely World Challenge Cup","final","Szombathely, Hungary",NA,13.733,NA,NA,NA,1.0663865696794,NA,NA,"Hungary",FALSE,"Hungary",TRUE
2565,"SZEKELY","Zoja","HUN","2022 Szombathely World Challenge Cup","qual","Szombathely, Hungary",NA,13.333,NA,NA,NA,0.817667830249755,NA,NA,"Hungary",FALSE,"Hungary",TRUE
2566,"SZEKELY","Zoja","HUN","2023 52nd FIG Artistic Gymnastics World Championships","qual","Antwerp, Belgium",13.033,13.866,12.166,12.2,0.105690845915854,1.14908555053976,0.327740636948126,0.0693154209272731,"Belgium",FALSE,"Hungary",FALSE
2567,"SZEKELY","Zoja","HUN","2023 Osijek World Challenge Cup","qual","Osijek, Croatia",NA,12,12.3,NA,NA,-0.0111873688995453,0.426355739352843,NA,"Croatia",FALSE,"Hungary",FALSE
2568,"SZEKELY","Zoja","HUN","2023 Senior European Championships","AAfinal","Antalya, Turkey",13,13.433,10.666,12.233,0.0644280622520831,0.879847515107166,-0.776159763104671,0.0997941283169464,"Turkey",FALSE,"Hungary",FALSE
2569,"SZEKELY","Zoja","HUN","2023 Senior European Championships","final","Antalya, Turkey",NA,13.833,NA,NA,NA,1.12856625453681,NA,NA,"Turkey",FALSE,"Hungary",FALSE
2570,"SZEKELY","Zoja","HUN","2023 Senior European Championships","qual","Antalya, Turkey",12.866,14.066,11.766,12.233,-0.103123847170505,1.27344492025458,0.0333671969340466,0.0997941283169464,"Turkey",FALSE,"Hungary",FALSE
2571,"SZILAGYI","Nikolett","HUN","2022 51st FIG Artistic Gymnastics World Championships","qual","Liverpool, England",12.733,11.633,12.133,12.266,-0.26942536920934,-0.239386812326247,0.303454828146963,0.130272835706618,"England",FALSE,"Hungary",FALSE
2572,"SZILAGYI","Nikolett","HUN","2022 Baku World Cup","final","Baku, Azerbaijan",NA,NA,9.4,NA,NA,NA,-1.70785170074923,NA,"Azerbaijan",FALSE,"Hungary",FALSE
2573,"SZILAGYI","Nikolett","HUN","2022 Baku World Cup","qual","Baku, Azerbaijan",NA,11.933,12.8,NA,NA,-0.0528477577540113,0.794322539370442,NA,"Azerbaijan",FALSE,"Hungary",FALSE
2574,"SZILAGYI","Nikolett","HUN","2022 Paris World Challenge Cup","final","Paris, France",NA,NA,12.55,NA,NA,NA,0.610339139361642,NA,"France",FALSE,"Hungary",FALSE
2575,"SZILAGYI","Nikolett","HUN","2022 Paris World Challenge Cup","qual","Paris, France",12.65,NA,12.75,11.6,-0.373207522060645,NA,0.757525859368681,-0.484842895248584,"France",FALSE,"Hungary",FALSE
2576,"SZILAGYI","Nikolett","HUN","2022 Varna World Challenge Cup","qual","Varna, Bulgaria",NA,11.9,11.5,NA,NA,-0.0733670537569569,-0.162391140675316,NA,"Bulgaria",FALSE,"Hungary",FALSE
2577,"SZILAGYI","Nikolett","HUN","2023 52nd FIG Artistic Gymnastics World Championships","qual","Antwerp, Belgium",NA,NA,12.4,12.066,NA,NA,0.499949099356362,-0.0544466030186671,"Belgium",FALSE,"Hungary",FALSE
2578,"SZILAGYI","Nikolett","HUN","2023 Osijek World Challenge Cup","final","Osijek, Croatia",NA,NA,12,NA,NA,NA,0.205575659342283,NA,"Croatia",FALSE,"Hungary",FALSE
2579,"SZILAGYI","Nikolett","HUN","2023 Osijek World Challenge Cup","qual","Osijek, Croatia",12.366,NA,12.466,12.166,-0.728317539045831,NA,0.548520716958684,0.0379131163439755,"Croatia",FALSE,"Hungary",FALSE
2580,"SZILAGYI","Nikolett","HUN","2023 Tel Aviv World Challenge Cup","qual","Tel Aviv, Israel",12.4,NA,10.233,12,-0.685804367998308,NA,-1.09481901191991,-0.115404017798012,"Israel",FALSE,"Hungary",FALSE
2581,"SZUJO","Hanna","HUN","2022 Osijek World Challenge Cup","final","Osijek, Croatia",NA,NA,NA,12.5,NA,NA,NA,0.346394579015203,"Croatia",FALSE,"Hungary",FALSE
2582,"SZUJO","Hanna","HUN","2022 Osijek World Challenge Cup","qual","Osijek, Croatia",12.566,NA,NA,12.533,-0.478240062295699,NA,NA,0.376873286404874,"Croatia",FALSE,"Hungary",FALSE
2583,"TALEKAR","Shraddha","IND","2022 Baku World Cup","qual","Baku, Azerbaijan",NA,NA,NA,10.433,NA,NA,NA,-1.56268082021063,"Azerbaijan",FALSE,"India",FALSE
2584,"TAMAN","Nancy","EGY","2022 51st FIG Artistic Gymnastics World Championships","qual","Liverpool, England",13.733,NA,NA,NA,0.980962014541312,NA,NA,NA,"England",FALSE,"Egypt",FALSE
2585,"TAMAN","Nancy","EGY","2022 Cairo World Cup","final","Cairo, Egypt",12.333,NA,NA,NA,-0.769580322709602,NA,NA,NA,"Egypt",FALSE,"Egypt",TRUE
2586,"TAMAN","Nancy","EGY","2022 Cairo World Cup","qual","Cairo, Egypt",12.466,NA,NA,NA,-0.603278800670766,NA,NA,NA,"Egypt",FALSE,"Egypt",TRUE
2587,"TAMAN","Nancy","EGY","2022 Paris World Challenge Cup","final","Paris, France",13.4,NA,NA,NA,0.564583015752344,NA,NA,NA,"France",FALSE,"Egypt",FALSE
2588,"TAMAN","Nancy","EGY","2022 Paris World Challenge Cup","qual","Paris, France",13,NA,NA,NA,0.0644280622520831,NA,NA,NA,"France",FALSE,"Egypt",FALSE
2589,"TAMAN","Nancy","EGY","2023 Baku World Cup","final","Baku, Azerbaijan",13.066,NA,NA,NA,0.146953629579627,NA,NA,NA,"Azerbaijan",FALSE,"Egypt",FALSE
2590,"TAMAN","Nancy","EGY","2023 Baku World Cup","qual","Baku, Azerbaijan",12.866,NA,NA,NA,-0.103123847170505,NA,NA,NA,"Azerbaijan",FALSE,"Egypt",FALSE
2591,"TAMAN","Nancy","EGY","2023 Cairo World Cup","qual","Cairo, Egypt",12.866,NA,NA,NA,-0.103123847170505,NA,NA,NA,"Egypt",FALSE,"Egypt",TRUE
2592,"TAMAN","Nancy","EGY","2023 Doha World Cup","qual","Doha, Qatar",13.566,NA,NA,NA,0.772147321454953,NA,NA,NA,"Qatar",FALSE,"Egypt",FALSE
2593,"TANG","Xijing","CHN","2022 51st FIG Artistic Gymnastics World Championships","qual","Liverpool, England",13,14.333,12.466,13.066,0.0644280622520831,1.43946467882387,0.548520716958684,0.869150590607763,"England",FALSE,"China",FALSE
2594,"TANG","Xijing","CHN","2022 51st FIG Artistic Gymnastics World Championships","TeamFinal","Liverpool, England",13.133,12.833,10.7,12.166,0.230729584290919,0.506769405962695,-0.751138020703475,0.0379131163439755,"England",FALSE,"China",FALSE
2595,"TANG","Xijing","CHN","2022 9th Senior Artistic Gymnastics Asian Championships","final","Doha, Qatar",NA,14.7,NA,NA,NA,1.66766412225057,NA,NA,"Qatar",FALSE,"China",FALSE
2596,"TANG","Xijing","CHN","2022 9th Senior Artistic Gymnastics Asian Championships","qual","Doha, Qatar",NA,14.5,12.967,13.467,NA,1.54330475253575,0.917223450576319,1.23951306525196,"Qatar",FALSE,"China",FALSE
2597,"TANG","Xijing","CHN","HANGZHOU 2022 19th Asian Games","final","Hangzhou, China",NA,12.9,13.733,NA,NA,0.548429794817161,1.48094858820328,NA,"China",FALSE,"China",TRUE
2598,"TANG","Xijing","CHN","HANGZHOU 2022 19th Asian Games","qual","Hangzhou, China",NA,14.466,12.833,12.933,NA,1.52216365968423,0.818608348171603,0.746312163855447,"China",FALSE,"China",TRUE
2599,"TANRIYASUKUR","Derin","TUR","2023 52nd FIG Artistic Gymnastics World Championships","qual","Antwerp, Belgium",NA,10.466,NA,NA,NA,-0.965023734612243,NA,NA,"Belgium",FALSE,"Turkey",FALSE
2600,"TANRIYASUKUR","Derin","TUR","2023 Baku World Cup","qual","Baku, Azerbaijan",NA,11.3,11.933,NA,NA,-0.446445162901428,0.156268108139924,NA,"Azerbaijan",FALSE,"Turkey",FALSE
2601,"TANRIYASUKUR","Derin","TUR","2023 Senior European Championships","qual","Antalya, Turkey",NA,12.066,11.4,11.866,NA,0.029851223106347,-0.235984500678836,-0.239166041743954,"Turkey",FALSE,"Turkey",TRUE
2602,"TANRIYASUKUR","Derin","TUR","2023 Varna World Challenge Cup","final","Varna, Bulgaria",NA,12.5,NA,NA,NA,0.299711055387514,NA,NA,"Bulgaria",FALSE,"Turkey",FALSE
2603,"TANRIYASUKUR","Derin","TUR","2023 Varna World Challenge Cup","qual","Varna, Bulgaria",NA,12.666,NA,11.166,NA,0.402929332250818,NA,-0.885684077282454,"Bulgaria",FALSE,"Turkey",FALSE
2604,"TANRIYASÜKÜR","Derin","TUR","2022 Mersin World Challenge Cup","final","Mersin, Turkey",NA,12.9,NA,NA,NA,0.548429794817161,NA,NA,"Turkey",FALSE,"Turkey",TRUE
2605,"TANRIYASÜKÜR","Derin","TUR","2022 Mersin World Challenge Cup","qual","Mersin, Turkey",NA,12.45,NA,11.45,NA,0.268621212958808,NA,-0.623382474292549,"Turkey",FALSE,"Turkey",TRUE
2606,"TANSKANEN","Kaia","FIN","2022 51st FIG Artistic Gymnastics World Championships","qual","Liverpool, England",13,12.5,10.7,12.8,0.0644280622520831,0.299711055387514,-0.751138020703475,0.623473737103132,"England",FALSE,"Finland",FALSE
2607,"TANSKANEN","Kaia","FIN","2022 Paris World Challenge Cup","final","Paris, France",12.95,NA,NA,NA,0.00190869306454961,NA,NA,NA,"France",FALSE,"Finland",FALSE
2608,"TANSKANEN","Kaia","FIN","2022 Paris World Challenge Cup","qual","Paris, France",12.9,10.35,11,12.3,-0.0606106761229817,-1.03715216904684,-0.530357940692915,0.161675140289917,"France",FALSE,"Finland",FALSE
2609,"TANSKANEN","Kaia","FIN","2022 Senior European Championships","qual","Munich, Germany",13.1,12.033,11.033,12.533,0.189466800627148,0.00933192710340031,-0.506072131891754,0.376873286404874,"Germany",FALSE,"Finland",FALSE
2610,"TANSKANEN","Kaia","FIN","2023 52nd FIG Artistic Gymnastics World Championships","qual","Antwerp, Belgium",13.333,12.6,11.333,12.466,0.480807061041051,0.361890740244926,-0.285292051881194,0.314992274431903,"Belgium",FALSE,"Finland",FALSE
2611,"TANSKANEN","Kaia","FIN","2023 Doha World Cup","final","Doha, Qatar",NA,11.5,11.6,NA,NA,-0.322085793186604,-0.0887977806717965,NA,"Qatar",FALSE,"Finland",FALSE
2612,"TANSKANEN","Kaia","FIN","2023 Doha World Cup","qual","Doha, Qatar",NA,12.4,12.933,NA,NA,0.237531370530102,0.892201708175122,NA,"Qatar",FALSE,"Finland",FALSE
2613,"TANSKANEN","Kaia","FIN","2023 Senior European Championships","AAfinal","Antalya, Turkey",13.2,10.5,10.766,12.5,0.314505539002213,-0.943882641760723,-0.702566403101151,0.346394579015203,"Turkey",FALSE,"Finland",FALSE
2614,"TANSKANEN","Kaia","FIN","2023 Senior European Championships","qual","Antalya, Turkey",13.033,12.8,12.1,12.7,0.105690845915854,0.48625010995975,0.279169019345802,0.531114017740488,"Turkey",FALSE,"Finland",FALSE
2615,"TARHAN","Bilge","TUR","2022 Mersin World Challenge Cup","final","Mersin, Turkey",13.15,NA,NA,NA,0.251986169814681,NA,NA,NA,"Turkey",FALSE,"Turkey",TRUE
2616,"TARHAN","Bilge","TUR","2022 Mersin World Challenge Cup","qual","Mersin, Turkey",13,NA,9.8,NA,0.0644280622520831,NA,-1.41347826073515,NA,"Turkey",FALSE,"Turkey",TRUE
2617,"TARHAN","Bilge","TUR","2022 Osijek World Challenge Cup","final","Osijek, Croatia",NA,NA,11.533,NA,NA,NA,-0.138105331874155,NA,"Croatia",FALSE,"Turkey",FALSE
2618,"TARHAN","Bilge","TUR","2022 Osijek World Challenge Cup","qual","Osijek, Croatia",12.933,NA,12,NA,-0.0193478924592108,NA,0.205575659342283,NA,"Croatia",FALSE,"Turkey",FALSE
2619,"TARHAN","Bilge","TUR","2022 Senior European Championships","qual","Munich, Germany",12.866,11.1,9.6,9.733,-0.103123847170505,-0.570804532616252,-1.56066498074219,-2.20919885574913,"Germany",FALSE,"Turkey",FALSE
2620,"TARHAN","Bilge","TUR","2023 52nd FIG Artistic Gymnastics World Championships","qual","Antwerp, Belgium",12.033,NA,NA,NA,-1.1446965378348,NA,NA,NA,"Belgium",FALSE,"Turkey",FALSE
2621,"TARHAN","Bilge","TUR","2023 Baku World Cup","final","Baku, Azerbaijan",12.9,NA,NA,NA,-0.0606106761229817,NA,NA,NA,"Azerbaijan",FALSE,"Turkey",FALSE
2622,"TARHAN","Bilge","TUR","2023 Baku World Cup","qual","Baku, Azerbaijan",13,NA,10.766,NA,0.0644280622520831,NA,-0.702566403101151,NA,"Azerbaijan",FALSE,"Turkey",FALSE
2623,"TARHAN","Bilge","TUR","2023 FISU World University Games","AAfinal","Chengdu, China",13,10.066,11.266,12.133,0.0644280622520831,-1.21374247404189,-0.334599603083552,0.00743440895430216,"China",FALSE,"Turkey",FALSE
2624,"TARHAN","Bilge","TUR","2023 FISU World University Games","final","Chengdu, China",13,NA,NA,NA,0.0644280622520831,NA,NA,NA,"China",FALSE,"Turkey",FALSE
2625,"TARHAN","Bilge","TUR","2023 FISU World University Games","qual","Chengdu, China",12.966,9.733,11.6,11.633,0.0219148912045601,-1.42080082461707,-0.0887977806717965,-0.454364187858913,"China",FALSE,"Turkey",FALSE
2626,"TARHAN","Bilge","TUR","2023 Osijek World Challenge Cup","final","Osijek, Croatia",12.833,NA,NA,NA,-0.144386630834276,NA,NA,NA,"Croatia",FALSE,"Turkey",FALSE
2627,"TARHAN","Bilge","TUR","2023 Osijek World Challenge Cup","qual","Osijek, Croatia",12.833,NA,10.566,12.033,-0.144386630834276,NA,-0.84975312310819,-0.0849253104083405,"Croatia",FALSE,"Turkey",FALSE
2628,"TARHAN","Bilge","TUR","2023 Senior European Championships","final","Antalya, Turkey",13,NA,NA,NA,0.0644280622520831,NA,NA,NA,"Turkey",FALSE,"Turkey",TRUE
2629,"TARHAN","Bilge","TUR","2023 Senior European Championships","qual","Antalya, Turkey",12.8,NA,11.333,NA,-0.185649414498046,NA,-0.285292051881194,NA,"Turkey",FALSE,"Turkey",TRUE
2630,"TEYMUROVA","Nazanin","AZE","2023 52nd FIG Artistic Gymnastics World Championships","qual","Antwerp, Belgium",12.9,NA,11.133,11.233,-0.0606106761229817,NA,-0.432478771888234,-0.823803065309483,"Belgium",FALSE,"Azerbaijan",FALSE
2631,"TEYMUROVA","Nazanin","AZE","2023 Baku World Cup","final","Baku, Azerbaijan",NA,NA,NA,9.966,NA,NA,NA,-1.99400070963417,"Azerbaijan",FALSE,"Azerbaijan",TRUE
2632,"TEYMUROVA","Nazanin","AZE","2023 Baku World Cup","qual","Baku, Azerbaijan",12.833,NA,11.333,12.566,-0.144386630834276,NA,-0.285292051881194,0.407351993794548,"Azerbaijan",FALSE,"Azerbaijan",TRUE
2633,"TEYMUROVA","Nazanin","AZE","2023 Cairo World Cup","final","Cairo, Egypt",NA,NA,NA,12.266,NA,NA,NA,0.130272835706618,"Egypt",FALSE,"Azerbaijan",FALSE
2634,"TEYMUROVA","Nazanin","AZE","2023 Cairo World Cup","qual","Cairo, Egypt",12.666,9.933,12.033,12.233,-0.353201323920634,-1.29644145490225,0.229861468143444,0.0997941283169464,"Egypt",FALSE,"Azerbaijan",FALSE
2635,"TEYMUROVA","Nazanin","AZE","2023 Cottbus World Cup","qual","Cottbus, Germany",NA,8.833,10.866,12.633,NA,-1.98041798833378,-0.628973043097632,0.469233005767517,"Germany",FALSE,"Azerbaijan",FALSE
2636,"TEYMUROVA","Nazanin","AZE","2023 Doha World Cup","final","Doha, Qatar",NA,NA,NA,12.066,NA,NA,NA,-0.0544466030186671,"Qatar",FALSE,"Azerbaijan",FALSE
2637,"TEYMUROVA","Nazanin","AZE","2023 Doha World Cup","qual","Doha, Qatar",12.533,NA,12.566,12.266,-0.519502845959472,NA,0.622114076962205,0.130272835706618,"Qatar",FALSE,"Azerbaijan",FALSE
2638,"TEYMUROVA","Nazanin","AZE","2023 Senior European Championships","qual","Antalya, Turkey",12.666,11.066,9.733,11.166,-0.353201323920634,-0.591945625467771,-1.46278581193751,-0.885684077282454,"Turkey",FALSE,"Azerbaijan",FALSE
2639,"TEYMUROVA","Nazanin","AZE","2023 Tel Aviv World Challenge Cup","final","Tel Aviv, Israel",NA,NA,NA,12.6,NA,NA,NA,0.438754298377845,"Israel",FALSE,"Azerbaijan",FALSE
2640,"TEYMUROVA","Nazanin","AZE","2023 Tel Aviv World Challenge Cup","qual","Tel Aviv, Israel",12.2,NA,11.1,12.867,-0.935881844748439,NA,-0.456764580689395,0.685354749076103,"Israel",FALSE,"Azerbaijan",FALSE
2641,"TEYMUROVA","Nazanin","AZE","2023 Varna World Challenge Cup","final","Varna, Bulgaria",12.9,NA,11.433,NA,-0.0606106761229817,NA,-0.211698691877673,NA,"Bulgaria",FALSE,"Azerbaijan",FALSE
2642,"TEYMUROVA","Nazanin","AZE","2023 Varna World Challenge Cup","qual","Varna, Bulgaria",12.9,NA,12.733,12,-0.0606106761229817,NA,0.745014988168083,-0.115404017798012,"Bulgaria",FALSE,"Azerbaijan",FALSE
2643,"THORNTON","Keira","GBR","2022 British Gymnastics Championships","final","Liverpool, England",12.75,NA,NA,NA,-0.24816878368558,NA,NA,NA,"England",FALSE,"England",TRUE
2644,"THORNTON","Keira","GBR","2022 British Gymnastics Championships","qual","Liverpool, England",12.8,11.85,9.3,12.15,-0.185649414498046,-0.104456896185663,-1.78144506075275,0.0231355612459526,"England",FALSE,"England",TRUE
2645,"THORNTON","Keira","GBR","2023 British Gymnastics Championships","final","Liverpool, England",13.4,NA,12.2,NA,0.564583015752344,NA,0.352762379349322,NA,"England",FALSE,"England",TRUE
2646,"THORNTON","Keira","GBR","2023 British Gymnastics Championships","qual","Liverpool, England",13.3,11.9,12.3,11.35,0.43954427737728,-0.0733670537569569,0.426355739352843,-0.715742193655192,"England",FALSE,"England",TRUE
2647,"THORSDOTTIR","Eythora","NED","2022 51st FIG Artistic Gymnastics World Championships","qual","Liverpool, England",13.8,13.833,11.666,12.466,1.06473796925261,1.12856625453681,-0.0402261630694729,0.314992274431903,"England",FALSE,"Netherlands",FALSE
2648,"THORSDOTTIR","Eythora","NED","2023 52nd FIG Artistic Gymnastics World Championships","AAfinal","Antwerp, Belgium",13.833,13.433,13.566,13.266,1.10600075291638,0.879847515107166,1.3580476769974,1.05387002933305,"Belgium",FALSE,"Netherlands",FALSE
2649,"THORSDOTTIR","Eythora","NED","2023 52nd FIG Artistic Gymnastics World Championships","qual","Antwerp, Belgium",13.9,13.266,12.133,12.9,1.18977670762767,0.776007441395289,0.303454828146963,0.715833456465775,"Belgium",FALSE,"Netherlands",FALSE
2650,"THORSDOTTIR","Eythora","NED","2023 52nd FIG Artistic Gymnastics World Championships","TeamFinal","Antwerp, Belgium",13.7,13.266,13.633,13.3,0.939699230877539,0.776007441395289,1.40735522819976,1.08527233391635,"Belgium",FALSE,"Netherlands",FALSE
2651,"THORSDOTTIR","Eythora","NED","2023 Baku World Cup","final","Baku, Azerbaijan",NA,13.566,NA,NA,NA,0.962546495967525,NA,NA,"Azerbaijan",FALSE,"Netherlands",FALSE
2652,"THORSDOTTIR","Eythora","NED","2023 Baku World Cup","qual","Baku, Azerbaijan",13.733,13.533,NA,NA,0.980962014541312,0.942027199964578,NA,NA,"Azerbaijan",FALSE,"Netherlands",FALSE
2653,"THORSDOTTIR","Eythora","NED","2023 Senior European Championships","AAfinal","Antalya, Turkey",13.933,13.2,12.9,12.7,1.23103949129144,0.734968849389396,0.867915899373961,0.531114017740488,"Turkey",FALSE,"Netherlands",FALSE
2654,"THORSDOTTIR","Eythora","NED","2023 Senior European Championships","qual","Antalya, Turkey",13.866,13.533,12,12.6,1.14726353658015,0.942027199964578,0.205575659342283,0.438754298377845,"Turkey",FALSE,"Netherlands",FALSE
2655,"TING","Hua","TPE","2023 FISU World University Games","AAfinal","Chengdu, China",11.966,9.966,12.766,11.9,-1.22847249254609,-1.2759221588993,0.769300796969244,-0.207763737160655,"China",FALSE,"Taiwan",FALSE
2656,"TING","Hua","TPE","2023 FISU World University Games","qual","Chengdu, China",12,11.933,11.666,12.133,-1.18595932149857,-0.0528477577540113,-0.0402261630694729,0.00743440895430216,"China",FALSE,"Taiwan",FALSE
2657,"TING","Hua Tien","TPE","2022 51st FIG Artistic Gymnastics World Championships","qual","Liverpool, England",12.3,11.3,13,12.266,-0.810843106373373,-0.446445162901428,0.941509259377481,0.130272835706618,"England",FALSE,"Taiwan",FALSE
2658,"TING","Hua Tien","TPE","2023 52nd FIG Artistic Gymnastics World Championships","qual","Antwerp, Belgium",12.666,11.533,12,11.433,-0.353201323920634,-0.301566497183659,0.205575659342283,-0.639083626584198,"Belgium",FALSE,"Taiwan",FALSE
2659,"TING","Hua Tien","TPE","2023 Baku World Cup","final","Baku, Azerbaijan",NA,NA,11.433,NA,NA,NA,-0.211698691877674,NA,"Azerbaijan",FALSE,"Taiwan",FALSE
2660,"TING","Hua Tien","TPE","2023 Baku World Cup","qual","Baku, Azerbaijan",NA,NA,12.766,NA,NA,NA,0.769300796969244,NA,"Azerbaijan",FALSE,"Taiwan",FALSE
2661,"TING","Hua Tien","TPE","2023 Cottbus World Cup","final","Cottbus, Germany",NA,NA,13.1,NA,NA,NA,1.015102619381,NA,"Germany",FALSE,"Taiwan",FALSE
2662,"TING","Hua Tien","TPE","2023 Cottbus World Cup","qual","Cottbus, Germany",NA,NA,13.633,NA,NA,NA,1.40735522819976,NA,"Germany",FALSE,"Taiwan",FALSE
2663,"TING","Hua Tien","TPE","2023 Doha World Cup","qual","Doha, Qatar",NA,10.366,12.166,NA,NA,-1.02720341946965,0.327740636948126,NA,"Qatar",FALSE,"Taiwan",FALSE
2664,"TING","Hua Tien","TPE","HANGZHOU 2022 19th Asian Games","AAfinal","Hangzhou, China",12.366,12.3,13.533,12.1,-0.728317539045831,0.175351685672691,1.33376186819624,-0.0230442984353695,"China",FALSE,"Taiwan",FALSE
2665,"TING","Hua Tien","TPE","HANGZHOU 2022 19th Asian Games","final","Hangzhou, China",NA,NA,13.3,NA,NA,NA,1.16228933938804,NA,"China",FALSE,"Taiwan",FALSE
2666,"TING","Hua Tien","TPE","HANGZHOU 2022 19th Asian Games","qual","Hangzhou, China",NA,11.566,13.866,12.5,NA,-0.281047201180712,1.57882775700796,0.346394579015203,"China",FALSE,"Taiwan",FALSE
2667,"TING","Hua-Tien","TPE","2022 9th Senior Artistic Gymnastics Asian Championships","final","Doha, Qatar",NA,9.767,NA,NA,NA,-1.39965973176555,NA,NA,"Qatar",FALSE,"Taiwan",FALSE
2668,"TING","Hua-Tien","TPE","2022 9th Senior Artistic Gymnastics Asian Championships","qual","Doha, Qatar",NA,12.933,11.8,12.467,NA,0.568949090820107,0.0583889393352438,0.315915871625531,"Qatar",FALSE,"Taiwan",FALSE
2669,"TING","Hua-Tien","TPE","2023 10th Senior Artistic Gymnastics Asian Championships","final","Singapore",NA,10.866,NA,NA,NA,-0.716304995182596,NA,NA,"Singapore",FALSE,"Taiwan",FALSE
2670,"TING","Hua-Tien","TPE","2023 10th Senior Artistic Gymnastics Asian Championships","qual","Singapore",NA,12.2,11.9,12.4,NA,0.113172000815278,0.131982299338763,0.25403485965256,"Singapore",FALSE,"Taiwan",FALSE
2671,"TODD","Emily","GBR","2022 British Gymnastics Championships","final","Liverpool, England",NA,12.25,NA,NA,NA,0.144261843243984,NA,NA,"England",FALSE,"England",TRUE
2672,"TODD","Emily","GBR","2022 British Gymnastics Championships","qual","Liverpool, England",12.65,12.5,10.45,12.15,-0.373207522060645,0.299711055387514,-0.935121420712274,0.0231355612459526,"England",FALSE,"England",TRUE
2673,"TODD","Emily","GBR","2023 British Gymnastics Championships","final","Liverpool, England",NA,12.7,NA,NA,NA,0.424070425102337,NA,NA,"England",FALSE,"England",TRUE
2674,"TODD","Emily","GBR","2023 British Gymnastics Championships","qual","Liverpool, England",12.7,12.7,11.45,10.6,-0.310688152873113,0.424070425102337,-0.199187820677076,-1.40844008887501,"England",FALSE,"England",TRUE
2675,"TOESSEBRO","Juliane","NOR","2022 51st FIG Artistic Gymnastics World Championships","qual","Liverpool, England",12.433,11.366,11.333,12.3,-0.644541584334537,-0.405406570895537,-0.285292051881194,0.161675140289917,"England",FALSE,"Norway",FALSE
2676,"TOESSEBRO","Juliane","NOR","2022 Senior European Championships","qual","Munich, Germany",12.3,11.2,11.8,11.966,-0.810843106373373,-0.50862484775884,0.0583889393352438,-0.146806322381311,"Germany",FALSE,"Norway",FALSE
2677,"TOESSEBRO","Juliane","NOR","2023 Baku World Cup","qual","Baku, Azerbaijan",11.633,NA,11.033,10.133,-1.64485149133506,NA,-0.506072131891754,-1.83975997829856,"Azerbaijan",FALSE,"Norway",FALSE
2678,"TOLLET","Ylea","BEL","2022 51st FIG Artistic Gymnastics World Championships","qual","Liverpool, England",12.833,NA,NA,12.266,-0.144386630834276,NA,NA,0.130272835706618,"England",FALSE,"Belgium",FALSE
2679,"TOLLET","Ylea","BEL","2023 Tel Aviv World Challenge Cup","final","Tel Aviv, Israel",NA,NA,NA,12.8,NA,NA,NA,0.623473737103132,"Israel",FALSE,"Belgium",FALSE
2680,"TOLLET","Ylea","BEL","2023 Tel Aviv World Challenge Cup","qual","Tel Aviv, Israel",NA,NA,11.167,12.833,NA,NA,-0.407457029487037,0.653952444492804,"Israel",FALSE,"Belgium",FALSE
2681,"TORRY","Brynn","USA","2023 Winter Cup","AAfinal","Louisville, Kentucky",14.1,13.1,9.2,11.85,1.4398541843778,0.672789164531985,-1.85503842075627,-0.253943596841977,"Kentucky",TRUE,"United States",FALSE
2682,"TØSSEBRO","Juliane","NOR","2022 Baku World Cup","qual","Baku, Azerbaijan",NA,10.266,12.1,10.866,NA,-1.08938310432707,0.279169019345802,-1.16276323537038,"Azerbaijan",FALSE,"Norway",FALSE
2683,"TØSSEBRO","Juliane","NOR","2022 Paris World Challenge Cup","qual","Paris, France",NA,NA,12,11.65,NA,NA,0.205575659342283,-0.438663035567262,"France",FALSE,"Norway",FALSE
2684,"TRAN","Aurelie","CAN","2023 52nd FIG Artistic Gymnastics World Championships","qual","Antwerp, Belgium",13.233,13.133,11.933,12.6,0.355768322665986,0.69330846053493,0.156268108139924,0.438754298377845,"Belgium",FALSE,"Canada",FALSE
2685,"TRAN","Aurelie","CAN","2023 Artistic Gymnastics Senior Pan American Championships","TeamFinal","Medellin, Colombia",13.4,12.967,11.533,13.133,0.564583015752344,0.590090183671628,-0.138105331874155,0.931031602580732,"Colombia",FALSE,"Canada",FALSE
2686,"TRAN","Aurelie","CAN","2023 Artistic Gymnastics Senior Pan American Championships","TeamQual","Medellin, Colombia",13.1,13.567,13.167,13.033,0.189466800627148,0.963168292816098,1.06441017058336,0.838671883218089,"Colombia",FALSE,"Canada",FALSE
2687,"TRAN","Aurelie","CAN","EnBW DTB Pokal Team Challenge 2023","final","Stuttgart, Germany",NA,NA,NA,12.833,NA,NA,NA,0.653952444492804,"Germany",FALSE,"Canada",FALSE
2688,"TRAN","Aurelie","CAN","EnBW DTB Pokal Team Challenge 2023","qual","Stuttgart, Germany",13.5,12.35,11.8,12.8,0.689621754127409,0.206441528101396,0.0583889393352438,0.623473737103132,"Germany",FALSE,"Canada",FALSE
2689,"TRAN","Aurelie","CAN","SANTIAGO 2023 XIX Pan American Games","AAfinal","Santiago, Chile",13.133,11.766,12.666,12.9,0.230729584290919,-0.156687831465889,0.695707436965725,0.715833456465775,"Chile",FALSE,"Canada",FALSE
2690,"TRAN","Aurelie","CAN","SANTIAGO 2023 XIX Pan American Games","final","Santiago, Chile",NA,13.1,12.133,13.166,NA,0.672789164531985,0.303454828146963,0.961510309970405,"Chile",FALSE,"Canada",FALSE
2691,"TRAN","Aurelie","CAN","SANTIAGO 2023 XIX Pan American Games","qual","Santiago, Chile",13.2,13.4,12.866,12.666,0.314505539002213,0.859328219104221,0.842894156972764,0.49971171315719,"Chile",FALSE,"Canada",FALSE
2692,"TRAN","Doan Quynh Nam","VIE","2022 Baku World Cup","qual","Baku, Azerbaijan",12.5,0.3,NA,NA,-0.560765629623243,-7.28621049721673,NA,NA,"Azerbaijan",FALSE,"Vietnam",FALSE
2693,"TRAN","Doan Quynh Nam","VIE","2022 Mersin World Challenge Cup","qual","Mersin, Turkey",12.1,NA,10.55,12.45,-1.0609205831235,NA,-0.861528060708753,0.300214719333881,"Turkey",FALSE,"Vietnam",FALSE
2694,"TRAN","Doan Quynh Nam","VIE","2023 10th Senior Artistic Gymnastics Asian Championships","qual","Singapore",NA,10.333,10.9,11.466,NA,-1.0477227154726,-0.603951300696434,-0.608604919194526,"Singapore",FALSE,"Vietnam",FALSE
2695,"TRAN","Doan Quynh Nam","VIE","2023 52nd FIG Artistic Gymnastics World Championships","qual","Antwerp, Belgium",NA,NA,NA,9.733,NA,NA,NA,-2.20919885574913,"Belgium",FALSE,"Vietnam",FALSE
2696,"TRAN","Doan Quynh Nam","VIE","2023 Cairo World Cup","qual","Cairo, Egypt",NA,NA,9.966,12.1,NA,NA,-1.29131328312931,-0.0230442984353695,"Egypt",FALSE,"Vietnam",FALSE
2697,"TRANFIELD","Lily","GBR","2022 British Gymnastics Championships","qual","Liverpool, England",NA,NA,7.95,9.55,NA,NA,-2.77495542080027,-2.37821714218276,"England",FALSE,"England",TRUE
2698,"TRNKOVA","Lucie","CZE","2022 51st FIG Artistic Gymnastics World Championships","qual","Liverpool, England",NA,NA,10.966,11.1,NA,NA,-0.555379683094112,-0.946641492061799,"England",FALSE,"Czech Republic",FALSE
2699,"TRNKOVA","Lucie","CZE","2022 Cairo World Cup","final","Cairo, Egypt",NA,NA,11.933,11.666,NA,NA,0.156268108139924,-0.423885480469239,"Egypt",FALSE,"Czech Republic",FALSE
2700,"TRNKOVA","Lucie","CZE","2022 Cairo World Cup","qual","Cairo, Egypt",NA,NA,12,12.2,NA,NA,0.205575659342283,0.0693154209272731,"Egypt",FALSE,"Czech Republic",FALSE
2701,"TRNKOVA","Lucie","CZE","2022 Cottbus World Cup","final","Cottbus, Germany",NA,NA,12.766,11.733,NA,NA,0.769300796969244,-0.362004468496268,"Germany",FALSE,"Czech Republic",FALSE
2702,"TRNKOVA","Lucie","CZE","2022 Cottbus World Cup","qual","Cottbus, Germany",NA,NA,11.9,11.733,NA,NA,0.131982299338763,-0.362004468496268,"Germany",FALSE,"Czech Republic",FALSE
2703,"TRNKOVA","Lucie","CZE","2022 Koper World Challenge Cup","final","Koper, Slovenia",NA,NA,NA,11.9,NA,NA,NA,-0.207763737160655,"Slovenia",FALSE,"Czech Republic",FALSE
2704,"TRNKOVA","Lucie","CZE","2022 Koper World Challenge Cup","qual","Koper, Slovenia",NA,NA,11.1,12.1,NA,NA,-0.456764580689395,-0.0230442984353695,"Slovenia",FALSE,"Czech Republic",FALSE
2705,"TRNKOVA","Lucie","CZE","2022 Senior European Championships","qual","Munich, Germany",11.3,NA,12.366,12.1,-2.06123049012402,NA,0.474927356955165,-0.0230442984353695,"Germany",FALSE,"Czech Republic",FALSE
2706,"TRNKOVA","Lucie","CZE","2022 Szombathely World Challenge Cup","final","Szombathely, Hungary",NA,NA,12.433,NA,NA,NA,0.524234908157523,NA,"Hungary",FALSE,"Czech Republic",FALSE
2707,"TRNKOVA","Lucie","CZE","2022 Szombathely World Challenge Cup","qual","Szombathely, Hungary",NA,NA,12.233,NA,NA,NA,0.377048188150484,NA,"Hungary",FALSE,"Czech Republic",FALSE
2708,"TRNKOVA","Lucie","CZE","2023 52nd FIG Artistic Gymnastics World Championships","qual","Antwerp, Belgium",NA,NA,11.2,11.6,NA,NA,-0.383171220685876,-0.484842895248584,"Belgium",FALSE,"Czech Republic",FALSE
2709,"TRNKOVA","Lucie","CZE","2023 Cairo World Cup","final","Cairo, Egypt",NA,NA,NA,11.966,NA,NA,NA,-0.146806322381311,"Egypt",FALSE,"Czech Republic",FALSE
2710,"TRNKOVA","Lucie","CZE","2023 Cairo World Cup","qual","Cairo, Egypt",NA,NA,10.2,12.2,NA,NA,-1.11910482072107,0.0693154209272731,"Egypt",FALSE,"Czech Republic",FALSE
2711,"TRNKOVA","Lucie","CZE","2023 Doha World Cup","qual","Doha, Qatar",NA,NA,11.7,11.9,NA,NA,-0.015204420668277,-0.207763737160655,"Qatar",FALSE,"Czech Republic",FALSE
2712,"TRNKOVA","Lucie","CZE","2023 Senior European Championships","qual","Antalya, Turkey",NA,NA,10.866,11.333,NA,NA,-0.628973043097632,-0.731443345946841,"Turkey",FALSE,"Czech Republic",FALSE
2713,"TRONRUD","Maria","NOR","2022 51st FIG Artistic Gymnastics World Championships","qual","Liverpool, England",12.7,12.1,11.833,11.7,-0.310688152873113,0.0509923159578664,0.0826747481364049,-0.392483175885942,"England",FALSE,"Norway",FALSE
2714,"TRONRUD","Maria","NOR","2022 Cottbus World Cup","final","Cottbus, Germany",12.8,NA,12.1,NA,-0.185649414498046,NA,0.279169019345802,NA,"Germany",FALSE,"Norway",FALSE
2715,"TRONRUD","Maria","NOR","2022 Cottbus World Cup","qual","Cottbus, Germany",12.8,11.7,11.833,NA,-0.185649414498046,-0.197726423471781,0.0826747481364049,NA,"Germany",FALSE,"Norway",FALSE
2716,"TRONRUD","Maria","NOR","2022 Osijek World Challenge Cup","final","Osijek, Croatia",NA,11.866,11.733,NA,NA,-0.0945081466084774,0.00908138813288544,NA,"Croatia",FALSE,"Norway",FALSE
2717,"TRONRUD","Maria","NOR","2022 Osijek World Challenge Cup","qual","Osijek, Croatia",12.966,12.066,12.366,NA,0.0219148912045601,0.029851223106347,0.474927356955165,NA,"Croatia",FALSE,"Norway",FALSE
2718,"TRONRUD","Maria","NOR","2022 Paris World Challenge Cup","qual","Paris, France",12.7,11.95,12.5,NA,-0.310688152873113,-0.0422772113282516,0.573542459359882,NA,"France",FALSE,"Norway",FALSE
2719,"TRONRUD","Maria","NOR","2022 Senior European Championships","qual","Munich, Germany",12.866,12,12.9,11.366,-0.103123847170505,-0.0111873688995453,0.867915899373961,-0.700964638557169,"Germany",FALSE,"Norway",FALSE
2720,"TRONRUD","Maria","NOR","2022 Varna World Challenge Cup","qual","Varna, Bulgaria",13.15,NA,11.6,NA,0.251986169814681,NA,-0.0887977806717965,NA,"Bulgaria",FALSE,"Norway",FALSE
2721,"TRONRUD","Maria","NOR","2023 52nd FIG Artistic Gymnastics World Championships","qual","Antwerp, Belgium",12.466,11.766,12.266,11.766,-0.603278800670766,-0.156687831465889,0.401333996951645,-0.331525761106597,"Belgium",FALSE,"Norway",FALSE
2722,"TRONRUD","Maria","NOR","2023 Cairo World Cup","final","Cairo, Egypt",13.066,NA,12.933,NA,0.146953629579627,NA,0.892201708175122,NA,"Egypt",FALSE,"Norway",FALSE
2723,"TRONRUD","Maria","NOR","2023 Cairo World Cup","qual","Cairo, Egypt",13,12.333,13.033,12,0.0644280622520831,0.195870981675636,0.965795068178642,-0.115404017798012,"Egypt",FALSE,"Norway",FALSE
2724,"TRONRUD","Maria","NOR","2023 Cottbus World Cup","final","Cottbus, Germany",NA,NA,12.533,NA,NA,NA,0.597828268161043,NA,"Germany",FALSE,"Norway",FALSE
2725,"TRONRUD","Maria","NOR","2023 Cottbus World Cup","qual","Cottbus, Germany",12.966,11.966,13.233,10.466,0.0219148912045601,-0.0323284617510657,1.11298178818568,-1.53220211282096,"Germany",FALSE,"Norway",FALSE
2726,"TRONRUD","Maria","NOR","2023 Senior European Championships","AAfinal","Antalya, Turkey",12.733,12.1,12.566,9.666,-0.26942536920934,0.0509923159578664,0.622114076962205,-2.2710798677221,"Turkey",FALSE,"Norway",FALSE
2727,"TRONRUD","Maria","NOR","2023 Senior European Championships","qual","Antalya, Turkey",12.833,12.233,11.566,12.666,-0.144386630834276,0.133691296818225,-0.113819523072992,0.49971171315719,"Turkey",FALSE,"Norway",FALSE
2728,"TRTNIK","Zala","SLO","2022 51st FIG Artistic Gymnastics World Championships","qual","Liverpool, England",12.833,12.266,11.7,11.5,-0.144386630834276,0.15421059282117,-0.015204420668277,-0.577202614611227,"England",FALSE,"Slovenia",FALSE
2729,"TRTNIK","Zala","SLO","2022 Koper World Challenge Cup","qual","Koper, Slovenia",NA,12.35,NA,NA,NA,0.206441528101396,NA,NA,"Slovenia",FALSE,"Slovenia",TRUE
2730,"TRTNIK","Zala","SLO","2022 Mersin World Challenge Cup","final","Mersin, Turkey",NA,12.7,10.75,NA,NA,0.424070425102337,-0.714341340701714,NA,"Turkey",FALSE,"Slovenia",FALSE
2731,"TRTNIK","Zala","SLO","2022 Mersin World Challenge Cup","qual","Mersin, Turkey",NA,12.5,11.9,10.8,NA,0.299711055387514,0.131982299338763,-1.22372065014973,"Turkey",FALSE,"Slovenia",FALSE
2732,"TRTNIK","Zala","SLO","2022 Senior European Championships","qual","Munich, Germany",12.733,11.266,12.066,11.633,-0.26942536920934,-0.467586255752948,0.254147276944606,-0.454364187858913,"Germany",FALSE,"Slovenia",FALSE
2733,"TRTNIK","Zala","SLO","2023 52nd FIG Artistic Gymnastics World Championships","qual","Antwerp, Belgium",13,10.9,12.233,11.733,0.0644280622520831,-0.695163902331075,0.377048188150484,-0.362004468496268,"Belgium",FALSE,"Slovenia",FALSE
2734,"TRTNIK","Zala","SLO","2023 Baku World Cup","qual","Baku, Azerbaijan",NA,NA,10.933,12.1,NA,NA,-0.579665491895273,-0.0230442984353695,"Azerbaijan",FALSE,"Slovenia",FALSE
2735,"TRTNIK","Zala","SLO","2023 Cairo World Cup","final","Cairo, Egypt",NA,12.433,12.233,NA,NA,0.258050666533048,0.377048188150484,NA,"Egypt",FALSE,"Slovenia",FALSE
2736,"TRTNIK","Zala","SLO","2023 Cairo World Cup","qual","Cairo, Egypt",NA,12.6,12.233,11.066,NA,0.361890740244926,0.377048188150484,-0.978043796645097,"Egypt",FALSE,"Slovenia",FALSE
2737,"TRTNIK","Zala","SLO","2023 Cottbus World Cup","qual","Cottbus, Germany",NA,NA,12.333,12.166,NA,NA,0.450641548154004,0.0379131163439755,"Germany",FALSE,"Slovenia",FALSE
2738,"TRTNIK","Zala","SLO","2023 Doha World Cup","qual","Doha, Qatar",NA,NA,11.766,11.533,NA,NA,0.0333671969340466,-0.546723907221555,"Qatar",FALSE,"Slovenia",FALSE
2739,"TRTNIK","Zala","SLO","2023 Senior European Championships","qual","Antalya, Turkey",11.733,12.233,12.066,11.266,-1.51981275295999,0.133691296818225,0.254147276944606,-0.793324357919812,"Turkey",FALSE,"Slovenia",FALSE
2740,"TRUONG","Khanh Van","VIE","2022 Baku World Cup","qual","Baku, Azerbaijan",12.3,NA,NA,10.933,-0.810843106373373,NA,NA,-1.10088222339741,"Azerbaijan",FALSE,"Vietnam",FALSE
2741,"TSANG","Ho Sum","HKG","2022 9th Senior Artistic Gymnastics Asian Championships","qual","Doha, Qatar",NA,8.2,10.1,10.233,NA,-2.3740153934812,-1.19269818072459,-1.74740025893591,"Qatar",FALSE,"Hong Kong",FALSE
2742,"TSIORI","Magdalini","GRE","2023 52nd FIG Artistic Gymnastics World Championships","qual","Antwerp, Belgium",NA,12.6,NA,NA,NA,0.361890740244926,NA,NA,"Belgium",FALSE,"Greece",FALSE
2743,"TSIORI","Magdalini","GRE","2023 Baku World Cup","qual","Baku, Azerbaijan",NA,12.133,10.333,NA,NA,0.0715116119608119,-1.02122565191639,NA,"Azerbaijan",FALSE,"Greece",FALSE
2744,"TSIORI","Magdalini","GRE","2023 Senior European Championships","qual","Antalya, Turkey",12.733,10.333,10.466,10.766,-0.26942536920934,-1.0477227154726,-0.923346483111711,-1.25512295473303,"Turkey",FALSE,"Greece",FALSE
2745,"TSOGTSAIKHAN","Khulan","MGL","2023 10th Senior Artistic Gymnastics Asian Championships","qual","Singapore",11.966,10,9.266,10.766,-1.22847249254609,-1.25478106604778,-1.80646680315395,-1.25512295473303,"Singapore",FALSE,"Mongolia",FALSE
2746,"TURISKI","Andy","ISR","2022 Koper World Challenge Cup","qual","Koper, Slovenia",NA,8.7,NA,NA,NA,-2.06311696919414,NA,NA,"Slovenia",FALSE,"Israel",FALSE
2747,"TURISKI","Andy","ISR","2022 Senior European Championships","qual","Munich, Germany",12.5,10.933,NA,NA,-0.560765629623243,-0.67464460632813,NA,NA,"Germany",FALSE,"Israel",FALSE
2748,"TURISKI","Andy","ISR","2023 Senior European Championships","qual","Antalya, Turkey",11.766,8.633,9.9,10.433,-1.47854996929622,-2.1047773580486,-1.33988490073163,-1.56268082021063,"Turkey",FALSE,"Israel",FALSE
2749,"TURISKI","Andy","ISR","2023 Tel Aviv World Challenge Cup","qual","Tel Aviv, Israel",12.367,NA,NA,10.667,-0.727067151662079,NA,NA,-1.34655907690204,"Israel",FALSE,"Israel",TRUE
2750,"TURNER","Sydney","CAN","2022 51st FIG Artistic Gymnastics World Championships","qual","Liverpool, England",NA,13.166,12.866,13.3,NA,0.713827756537877,0.842894156972764,1.08527233391635,"England",FALSE,"Canada",FALSE
2751,"TURNER","Sydney","CAN","2022 51st FIG Artistic Gymnastics World Championships","TeamFinal","Liverpool, England",NA,13.633,13.566,13.1,NA,1.00420688482199,1.3580476769974,0.90055289519106,"England",FALSE,"Canada",FALSE
2752,"TURNER","Sydney","CAN","2022 Szombathely World Challenge Cup","final","Szombathely, Hungary",NA,13.666,12.833,12.9,NA,1.02472618082494,0.818608348171603,0.715833456465775,"Hungary",FALSE,"Canada",FALSE
2753,"TURNER","Sydney","CAN","2022 Szombathely World Challenge Cup","qual","Szombathely, Hungary",NA,12.9,13.4,12.7,NA,0.548429794817161,1.23588269939156,0.531114017740488,"Hungary",FALSE,"Canada",FALSE
2754,"TURNER","Sydney","CAN","EnBW DTB Pokal Team Challenge 2023","qual","Stuttgart, Germany",12.85,12.1,12.45,12.25,-0.123130045310515,0.0509923159578664,0.536745779358121,0.115495280608595,"Germany",FALSE,"Canada",FALSE
2755,"TURNER","Sydney","CAN","SANTIAGO 2023 XIX Pan American Games","final","Santiago, Chile",NA,NA,NA,12.5,NA,NA,NA,0.346394579015203,"Chile",FALSE,"Canada",FALSE
2756,"TURNER","Sydney","CAN","SANTIAGO 2023 XIX Pan American Games","qual","Santiago, Chile",12.966,11,12.633,12.5,0.0219148912045601,-0.632984217473664,0.671421628164562,0.346394579015203,"Chile",FALSE,"Canada",FALSE
2757,"TURNER","Sydney Leslie","CAN","2023 Artistic Gymnastics Senior Pan American Championships","TeamFinal","Medellin, Colombia",12.833,12.367,13.033,12.633,-0.144386630834276,0.217012074527157,0.965795068178642,0.469233005767517,"Colombia",FALSE,"Canada",FALSE
2758,"TURNER","Sydney Leslie","CAN","2023 Artistic Gymnastics Senior Pan American Championships","TeamQual","Medellin, Colombia",12.867,13.167,11.367,12.767,-0.101873459786753,0.714449553386451,-0.260270309479997,0.592995029713459,"Colombia",FALSE,"Canada",FALSE
2759,"UCTAS SANLI","Goksu","TUR","2022 Senior European Championships","qual","Munich, Germany",12.5,NA,11.866,12.6,-0.560765629623243,NA,0.106960556937566,0.438754298377845,"Germany",FALSE,"Turkey",FALSE
2760,"UNZUETA HURTADO","Luciana Sofia","BOL","2023 Artistic Gymnastics Senior Pan American Championships","TeamQual","Medellin, Colombia",11.233,8.733,9.8,10.633,-2.14500644483532,-2.04259767319119,-1.41347826073515,-1.37796138148534,"Colombia",FALSE,"Bolivia",FALSE
2761,"URAZOVA","Vladislava","RUS","2022 Doha World Cup","final","Doha, Qatar",NA,NA,13.2,12.233,NA,NA,1.08869597938452,0.0997941283169464,"Qatar",FALSE,"Russia",FALSE
2762,"URAZOVA","Vladislava","RUS","2022 Doha World Cup","qual","Doha, Qatar",NA,NA,13.233,12.633,NA,NA,1.11298178818568,0.469233005767517,"Qatar",FALSE,"Russia",FALSE
2763,"URBANSKA","Brygida","POL","2022 Koper World Challenge Cup","qual","Koper, Slovenia",12.8,NA,10.2,11.45,-0.185649414498046,NA,-1.11910482072107,-0.623382474292549,"Slovenia",FALSE,"Poland",FALSE
2764,"URBANSKA","Brygida","POL","2022 Senior European Championships","qual","Munich, Germany",12.466,11.033,10.566,9.9,-0.603278800670766,-0.612464921470718,-0.84975312310819,-2.05495812441351,"Germany",FALSE,"Poland",FALSE
2765,"URBANSKA","Brygida","POL","2022 Varna World Challenge Cup","qual","Varna, Bulgaria",NA,NA,11.05,10.9,NA,NA,-0.493561260691154,-1.13136093078708,"Bulgaria",FALSE,"Poland",FALSE
2766,"URBANSKA","Brygida","POL","2023 Senior European Championships","qual","Antalya, Turkey",12.166,10.3,10.833,11.3,-0.97839501579596,-1.06824201147555,-0.653258851898793,-0.761922053336512,"Turkey",FALSE,"Poland",FALSE
2767,"USAKOVA","Elena","SVK","2022 Senior European Championships","qual","Munich, Germany",11.933,NA,11.5,11,-1.26973527620986,NA,-0.162391140675316,-1.03900121142444,"Germany",FALSE,"Slovakia",FALSE
2768,"USHIOKU","Kohane","JPN","2023 Cottbus World Cup","qual","Cottbus, Germany",12.166,NA,NA,NA,-0.97839501579596,NA,NA,NA,"Germany",FALSE,"Japan",FALSE
2769,"USHIOKU","Kohane","JPN","2023 FISU World University Games","qual","Chengdu, China",13.633,NA,NA,12.866,0.855923276166245,NA,NA,0.684431151882476,"China",FALSE,"Japan",FALSE
2770,"USHIOKU","Kohane","JPN","HANGZHOU 2022 19th Asian Games","qual","Hangzhou, China",13.633,12.833,12.433,13.266,0.855923276166245,0.506769405962695,0.524234908157523,1.05387002933305,"China",FALSE,"Japan",FALSE
2771,"VAELEN","Lisa","BEL","2022 51st FIG Artistic Gymnastics World Championships","AAfinal","Liverpool, England",14.2,13.8,11.333,13.366,1.56489292275286,1.10804695853387,-0.285292051881194,1.14622974869569,"England",FALSE,"Belgium",FALSE
2772,"VAELEN","Lisa","BEL","2022 51st FIG Artistic Gymnastics World Championships","final","Liverpool, England",14.266,NA,NA,NA,1.64741849008041,NA,NA,NA,"England",FALSE,"Belgium",FALSE
2773,"VAELEN","Lisa","BEL","2022 51st FIG Artistic Gymnastics World Championships","qual","Liverpool, England",13.966,12.566,12.7,13.2,1.27230227495521,0.340749647393406,0.720729179366921,0.992912614553703,"England",FALSE,"Belgium",FALSE
2774,"VAELEN","Lisa","BEL","2022 Paris World Challenge Cup","final","Paris, France",14.05,14.1,NA,NA,1.37733481519027,1.2945860131061,NA,NA,"France",FALSE,"Belgium",FALSE
2775,"VAELEN","Lisa","BEL","2022 Paris World Challenge Cup","qual","Paris, France",13.6,13.9,NA,NA,0.814660492502474,1.17022664339128,NA,NA,"France",FALSE,"Belgium",FALSE
2776,"VAELEN","Lisa","BEL","2022 Senior European Championships","final","Munich, Germany",14.133,NA,NA,NA,1.48111696804157,NA,NA,NA,"Germany",FALSE,"Belgium",FALSE
2777,"VAELEN","Lisa","BEL","2022 Senior European Championships","qual","Munich, Germany",14.2,13.5,12.933,13.066,1.56489292275286,0.921507903961632,0.892201708175122,0.869150590607763,"Germany",FALSE,"Belgium",FALSE
2778,"VAELEN","Lisa","BEL","2022 Senior European Championships","TeamFinal","Munich, Germany",14.2,14.066,11.833,13.1,1.56489292275286,1.27344492025458,0.0826747481364049,0.90055289519106,"Germany",FALSE,"Belgium",FALSE
2779,"VAELEN","Lisa","BEL","2023 Senior European Championships","AAfinal","Antalya, Turkey",14.333,13.7,12.933,13.133,1.7311944447917,1.04586727367646,0.892201708175122,0.931031602580732,"Turkey",FALSE,"Belgium",FALSE
2780,"VAELEN","Lisa","BEL","2023 Senior European Championships","final","Antalya, Turkey",14.033,13.733,NA,NA,1.35607822966651,1.0663865696794,NA,NA,"Turkey",FALSE,"Belgium",FALSE
2781,"VAELEN","Lisa","BEL","2023 Senior European Championships","qual","Antalya, Turkey",14.166,14,11.466,12.866,1.52237975170534,1.23240632824869,-0.187412883076513,0.684431151882476,"Turkey",FALSE,"Belgium",FALSE
2782,"VAETTOE","Olivia","FIN","2023 52nd FIG Artistic Gymnastics World Championships","qual","Antwerp, Belgium",12.966,10.433,10.666,12.133,0.0219148912045601,-0.985543030615189,-0.776159763104671,0.00743440895430216,"Belgium",FALSE,"Finland",FALSE
2783,"VAETTOE","Olivia","FIN","2023 Senior European Championships","qual","Antalya, Turkey",12.7,7.933,10.233,11.766,-0.310688152873113,-2.54003515205049,-1.09481901191991,-0.331525761106597,"Turkey",FALSE,"Finland",FALSE
2784,"VALENZUELA","Yiseth","COL","2023 52nd FIG Artistic Gymnastics World Championships","qual","Antwerp, Belgium",12.9,10.733,11.066,11.733,-0.0606106761229817,-0.799003976042953,-0.481786323090591,-0.362004468496268,"Belgium",FALSE,"Colombia",FALSE
2785,"VALENZUELA","Yiseth","COL","2023 Central American and Caribbean Games","AAfinal","San Salvador, El Salvador",12.9,11.3,11.65,12.3,-0.0606106761229817,-0.446445162901428,-0.0520011006700361,0.161675140289917,"El Salvador",FALSE,"Colombia",FALSE
2786,"VALENZUELA","Yiseth","COL","2023 Central American and Caribbean Games","final","San Salvador, El Salvador",12.6,NA,NA,12.4,-0.435726891248178,NA,NA,0.25403485965256,"El Salvador",FALSE,"Colombia",FALSE
2787,"VALENZUELA","Yiseth","COL","2023 Central American and Caribbean Games","qual","San Salvador, El Salvador",12.8,11.35,10.4,12.2,-0.185649414498046,-0.415355320472722,-0.971918100714033,0.0693154209272731,"El Salvador",FALSE,"Colombia",FALSE
2788,"VALENZUELA","Yiseth","COL","SANTIAGO 2023 XIX Pan American Games","qual","Santiago, Chile",12.733,NA,11.833,11.9,-0.26942536920934,NA,0.0826747481364049,-0.207763737160655,"Chile",FALSE,"Colombia",FALSE
2789,"VALENZUELA ASTUDILLO","Yiseth Eliana","COL","2023 Artistic Gymnastics Senior Pan American Championships","TeamFinal","Medellin, Colombia",12.667,NA,11.4,12.567,-0.351950936536884,NA,-0.235984500678836,0.408275590988174,"Colombia",FALSE,"Colombia",TRUE
2790,"VALENZUELA ASTUDILLO","Yiseth Eliana","COL","2023 Artistic Gymnastics Senior Pan American Championships","TeamQual","Medellin, Colombia",12.867,11.133,10.967,12.4,-0.101873459786753,-0.550285236613307,-0.554643749494076,0.25403485965256,"Colombia",FALSE,"Colombia",TRUE
2791,"VAN FRAYEN","Gabriella","USA","2023 Winter Cup","AAfinal","Louisville, Kentucky",12.95,NA,11.3,12.1,0.00190869306454961,NA,-0.309577860682355,-0.0230442984353695,"Kentucky",TRUE,"United States",FALSE
2792,"VAN OORSCHOT","Shade","NED","2022 Senior European Championships","qual","Munich, Germany",NA,NA,10.966,12.566,NA,NA,-0.555379683094112,0.407351993794548,"Germany",FALSE,"Netherlands",FALSE
2793,"VAN POL","Vera","NED","2022 Senior European Championships","qual","Munich, Germany",13.566,12.8,12.5,12.633,0.772147321454953,0.48625010995975,0.573542459359882,0.469233005767517,"Germany",FALSE,"Netherlands",FALSE
2794,"VAN POL","Vera","NED","2022 Senior European Championships","TeamFinal","Munich, Germany",13.6,NA,12.1,12.8,0.814660492502474,NA,0.279169019345802,0.623473737103132,"Germany",FALSE,"Netherlands",FALSE
2795,"VAN POL","Vera","NED","2023 Senior European Championships","qual","Antalya, Turkey",13.6,13.066,11.066,12.733,0.814660492502474,0.651648071680465,-0.481786323090591,0.561592725130161,"Turkey",FALSE,"Netherlands",FALSE
2796,"VAN POL","Vera","NED","EnBW DTB Pokal Team Challenge 2023","qual","Stuttgart, Germany",13.25,13.25,12.65,11.75,0.377024908189746,0.766058691818103,0.683932499365162,-0.34630331620462,"Germany",FALSE,"Netherlands",FALSE
2797,"VASILOPOULOU","Christina","GRE","2022 Senior European Championships","qual","Munich, Germany",9.966,9.133,NA,NA,-3.7292472600474,-1.79387893376154,NA,NA,"Germany",FALSE,"Greece",FALSE
2798,"VASQUEZ","Diana","BOL","SANTIAGO 2023 XIX Pan American Games","qual","Santiago, Chile",12.5,9.466,9.533,10.466,-0.560765629623243,-1.58682058318636,-1.60997253194455,-1.53220211282096,"Chile",FALSE,"Bolivia",FALSE
2799,"VASQUEZ SEOANE","Diana Stephany","BOL","2023 Artistic Gymnastics Senior Pan American Championships","TeamQual","Medellin, Colombia",12.533,10.1,9.167,11.367,-0.519502845959472,-1.19260138119037,-1.87932422955743,-0.700041041363541,"Colombia",FALSE,"Bolivia",FALSE
2800,"VEERMAN","Sanna","NED","2022 51st FIG Artistic Gymnastics World Championships","final","Liverpool, England",NA,14.166,NA,NA,NA,1.335624605112,NA,NA,"England",FALSE,"Netherlands",FALSE
2801,"VEERMAN","Sanna","NED","2022 51st FIG Artistic Gymnastics World Championships","qual","Liverpool, England",NA,14.533,NA,NA,NA,1.5638240485387,NA,NA,"England",FALSE,"Netherlands",FALSE
2802,"VEERMAN","Sanna","NED","2022 Cottbus World Cup","final","Cottbus, Germany",NA,13.166,11.466,NA,NA,0.713827756537877,-0.187412883076513,NA,"Germany",FALSE,"Netherlands",FALSE
2803,"VEERMAN","Sanna","NED","2022 Cottbus World Cup","qual","Cottbus, Germany",NA,12.2,12.433,NA,NA,0.113172000815278,0.524234908157523,NA,"Germany",FALSE,"Netherlands",FALSE
2804,"VEERMAN","Sanna","NED","2022 Paris World Challenge Cup","qual","Paris, France",NA,12.6,11.65,NA,NA,0.361890740244926,-0.0520011006700361,NA,"France",FALSE,"Netherlands",FALSE
2805,"VEERMAN","Sanna","NED","2022 Senior European Championships","qual","Munich, Germany",13.2,12.8,NA,NA,0.314505539002213,0.48625010995975,NA,NA,"Germany",FALSE,"Netherlands",FALSE
2806,"VEERMAN","Sanna","NED","2022 Senior European Championships","TeamFinal","Munich, Germany",13.433,13.4,NA,NA,0.605845799416115,0.859328219104221,NA,NA,"Germany",FALSE,"Netherlands",FALSE
2807,"VEERMAN","Sanna","NED","2022 Varna World Challenge Cup","final","Varna, Bulgaria",NA,12.6,NA,NA,NA,0.361890740244926,NA,NA,"Bulgaria",FALSE,"Netherlands",FALSE
2808,"VEERMAN","Sanna","NED","2022 Varna World Challenge Cup","qual","Varna, Bulgaria",NA,13.7,NA,12.5,NA,1.04586727367646,NA,0.346394579015203,"Bulgaria",FALSE,"Netherlands",FALSE
2809,"VEERMAN","Sanna","NED","2023 52nd FIG Artistic Gymnastics World Championships","final","Antwerp, Belgium",NA,14.2,NA,NA,NA,1.35676569796351,NA,NA,"Belgium",FALSE,"Netherlands",FALSE
2810,"VEERMAN","Sanna","NED","2023 52nd FIG Artistic Gymnastics World Championships","qual","Antwerp, Belgium",13.3,14.2,NA,12.333,0.43954427737728,1.35676569796351,NA,0.192153847679589,"Belgium",FALSE,"Netherlands",FALSE
2811,"VEERMAN","Sanna","NED","2023 52nd FIG Artistic Gymnastics World Championships","TeamFinal","Antwerp, Belgium",13.066,13.833,NA,NA,0.146953629579627,1.12856625453681,NA,NA,"Belgium",FALSE,"Netherlands",FALSE
2812,"VEERMAN","Sanna","NED","2023 Baku World Cup","final","Baku, Azerbaijan",NA,13.766,NA,NA,NA,1.08690586568235,NA,NA,"Azerbaijan",FALSE,"Netherlands",FALSE
2813,"VEERMAN","Sanna","NED","2023 Baku World Cup","qual","Baku, Azerbaijan",NA,13.7,10.966,11.733,NA,1.04586727367646,-0.555379683094112,-0.362004468496268,"Azerbaijan",FALSE,"Netherlands",FALSE
2814,"VEERMAN","Sanna","NED","2023 Senior European Championships","qual","Antalya, Turkey",13.066,13.1,NA,12.133,0.146953629579627,0.672789164531985,NA,0.00743440895430216,"Turkey",FALSE,"Netherlands",FALSE
2815,"VEERMAN","Sanna","NED","EnBW DTB Pokal Team Challenge 2023","final","Stuttgart, Germany",NA,14.233,NA,NA,NA,1.37728499396646,NA,NA,"Germany",FALSE,"Netherlands",FALSE
2816,"VEERMAN","Sanna","NED","EnBW DTB Pokal Team Challenge 2023","qual","Stuttgart, Germany",12.95,14.25,12.5,11.7,0.00190869306454961,1.38785554039222,0.573542459359882,-0.392483175885942,"Germany",FALSE,"Netherlands",FALSE
2817,"VELLA CLARK","Tara","MLT","2022 51st FIG Artistic Gymnastics World Championships","qual","Liverpool, England",12.166,7.566,10.533,11.133,-0.97839501579596,-2.76823459547719,-0.874038931909353,-0.916162784672128,"England",FALSE,"Malta",FALSE
2818,"VELLA CLARK","Tara","MLT","2022 Senior European Championships","qual","Munich, Germany",12.266,9.766,12.033,11.3,-0.853356277420896,-1.40028152861413,0.229861468143444,-0.761922053336512,"Germany",FALSE,"Malta",FALSE
2819,"VELLA CLARK","Tara","MLT","2023 Senior European Championships","qual","Antalya, Turkey",11.733,8.7,9.533,9.933,-1.51981275295999,-2.06311696919414,-1.60997253194455,-2.02447941702384,"Turkey",FALSE,"Malta",FALSE
2820,"VERKEST","Jutta","BEL","2022 51st FIG Artistic Gymnastics World Championships","qual","Liverpool, England",12.833,12.866,11.333,12.533,-0.144386630834276,0.527288701965641,-0.285292051881194,0.376873286404874,"England",FALSE,"Belgium",FALSE
2821,"VERKEST","Jutta","BEL","2022 Senior European Championships","qual","Munich, Germany",12.733,NA,13,12.566,-0.26942536920934,NA,0.941509259377481,0.407351993794548,"Germany",FALSE,"Belgium",FALSE
2822,"VERKEST","Jutta","BEL","2022 Senior European Championships","TeamFinal","Munich, Germany",13,NA,12.933,12.3,0.0644280622520831,NA,0.892201708175122,0.161675140289917,"Germany",FALSE,"Belgium",FALSE
2823,"VERKEST","Jutta","BEL","2023 52nd FIG Artistic Gymnastics World Championships","qual","Antwerp, Belgium",13.033,NA,11.766,12.5,0.105690845915854,NA,0.0333671969340466,0.346394579015203,"Belgium",FALSE,"Belgium",TRUE
2824,"VERKEST","Jutta","BEL","2023 Senior European Championships","qual","Antalya, Turkey",13.1,13,9.866,12.3,0.189466800627148,0.610609479674573,-1.36490664313283,0.161675140289917,"Turkey",FALSE,"Belgium",FALSE
2825,"VERKEST","Jutta","BEL","EnBW DTB Pokal Team Challenge 2023","final","Stuttgart, Germany",NA,NA,NA,11.666,NA,NA,NA,-0.423885480469239,"Germany",FALSE,"Belgium",FALSE
2826,"VERKEST","Jutta","BEL","EnBW DTB Pokal Team Challenge 2023","qual","Stuttgart, Germany",13,12.9,12.55,12.95,0.0644280622520831,0.548429794817161,0.610339139361642,0.762013316147095,"Germany",FALSE,"Belgium",FALSE
2827,"VILLA","Giorgia","ITA","2022 51st FIG Artistic Gymnastics World Championships","qual","Liverpool, England",NA,14.166,12.3,NA,NA,1.335624605112,0.426355739352843,NA,"England",FALSE,"Italy",FALSE
2828,"VILLA","Giorgia","ITA","2022 51st FIG Artistic Gymnastics World Championships","TeamFinal","Liverpool, England",NA,14.166,13.733,NA,NA,1.335624605112,1.48094858820328,NA,"England",FALSE,"Italy",FALSE
2829,"VILLA","Giorgia","ITA","2022 Senior European Championships","final","Munich, Germany",NA,14.1,12.166,NA,NA,1.2945860131061,0.327740636948126,NA,"Germany",FALSE,"Italy",FALSE
2830,"VILLA","Giorgia","ITA","2022 Senior European Championships","qual","Munich, Germany",NA,14.2,13.466,NA,NA,1.35676569796351,1.28445431699388,NA,"Germany",FALSE,"Italy",FALSE
2831,"VILLA","Giorgia","ITA","2022 Senior European Championships","TeamFinal","Munich, Germany",NA,14.166,13.3,NA,NA,1.335624605112,1.16228933938804,NA,"Germany",FALSE,"Italy",FALSE
2832,"VILLA","Giorgia","ITA","2023 Baku World Cup","final","Baku, Azerbaijan",NA,14,13.966,NA,NA,1.23240632824869,1.65242111701148,NA,"Azerbaijan",FALSE,"Italy",FALSE
2833,"VILLA","Giorgia","ITA","2023 Baku World Cup","qual","Baku, Azerbaijan",NA,13.9,13.866,NA,NA,1.17022664339128,1.57882775700796,NA,"Azerbaijan",FALSE,"Italy",FALSE
2834,"VILLA","Giorgia","ITA","2023 Cairo World Cup","final","Cairo, Egypt",NA,14.2,13.6,NA,NA,1.35676569796351,1.3830694193986,NA,"Egypt",FALSE,"Italy",FALSE
2835,"VILLA","Giorgia","ITA","2023 Cairo World Cup","qual","Cairo, Egypt",NA,14.033,12.566,NA,NA,1.25292562425164,0.622114076962205,NA,"Egypt",FALSE,"Italy",FALSE
2836,"VILLA","Giorgia","ITA","2023 Senior European Championships","final","Antalya, Turkey",NA,14.066,NA,NA,NA,1.27344492025458,NA,NA,"Turkey",FALSE,"Italy",FALSE
2837,"VILLA","Giorgia","ITA","2023 Senior European Championships","qual","Antalya, Turkey",NA,14.166,12.333,NA,NA,1.335624605112,0.450641548154004,NA,"Turkey",FALSE,"Italy",FALSE
2838,"VILLALBA","Claudia","ESP","2022 Cottbus World Cup","final","Cottbus, Germany",NA,NA,NA,12,NA,NA,NA,-0.115404017798012,"Germany",FALSE,"Spain",FALSE
2839,"VILLALBA","Claudia","ESP","2022 Cottbus World Cup","qual","Cottbus, Germany",NA,12.1,10.866,12.066,NA,0.0509923159578664,-0.628973043097632,-0.0544466030186671,"Germany",FALSE,"Spain",FALSE
2840,"VILLEGAS","Maria","COL","2023 Central American and Caribbean Games","qual","San Salvador, El Salvador",12.1,NA,NA,10.6,-1.0609205831235,NA,NA,-1.40844008887501,"El Salvador",FALSE,"Colombia",FALSE
2841,"VILLEGAS JIMENEZ","Maria Jose","COL","2023 Artistic Gymnastics Senior Pan American Championships","TeamQual","Medellin, Colombia",11.367,NA,10.267,11.1,-1.97745453541273,NA,-1.06979726951872,-0.946641492061799,"Colombia",FALSE,"Colombia",TRUE
2842,"VISAGIE","Karma","RSA","2023 Osijek World Challenge Cup","qual","Osijek, Croatia",12,NA,11.233,NA,-1.18595932149857,NA,-0.358885411884713,NA,"Croatia",FALSE,"South Africa",FALSE
2843,"VISSER","Naomi","NED","2022 51st FIG Artistic Gymnastics World Championships","AAfinal","Liverpool, England",13,12.033,11.866,13.766,0.0644280622520831,0.00933192710340031,0.106960556937566,1.51566862614626,"England",FALSE,"Netherlands",FALSE
2844,"VISSER","Naomi","NED","2022 51st FIG Artistic Gymnastics World Championships","final","Liverpool, England",NA,13.233,NA,13.666,NA,0.755488145392343,NA,1.42330890678362,"England",FALSE,"Netherlands",FALSE
2845,"VISSER","Naomi","NED","2022 51st FIG Artistic Gymnastics World Championships","qual","Liverpool, England",13.366,14.4,12.733,13.666,0.522069844704821,1.48112506767834,0.745014988168083,1.42330890678362,"England",FALSE,"Netherlands",FALSE
2846,"VISSER","Naomi","NED","2022 Baku World Cup","final","Baku, Azerbaijan",NA,13.1,11.933,11.433,NA,0.672789164531985,0.156268108139924,-0.639083626584198,"Azerbaijan",FALSE,"Netherlands",FALSE
2847,"VISSER","Naomi","NED","2022 Baku World Cup","qual","Baku, Azerbaijan",NA,14.566,12.833,12.533,NA,1.58434334454164,0.818608348171603,0.376873286404874,"Azerbaijan",FALSE,"Netherlands",FALSE
2848,"VISSER","Naomi","NED","2022 Senior European Championships","final","Munich, Germany",NA,13.066,NA,13.133,NA,0.651648071680465,NA,0.931031602580732,"Germany",FALSE,"Netherlands",FALSE
2849,"VISSER","Naomi","NED","2022 Senior European Championships","qual","Munich, Germany",13.133,14.266,12.233,13.633,0.230729584290919,1.39780428996941,0.377048188150484,1.39283019939395,"Germany",FALSE,"Netherlands",FALSE
2850,"VISSER","Naomi","NED","2022 Senior European Championships","TeamFinal","Munich, Germany",13.3,14.066,12.7,13.033,0.43954427737728,1.27344492025458,0.720729179366921,0.838671883218089,"Germany",FALSE,"Netherlands",FALSE
2851,"VISSER","Naomi","NED","2023 52nd FIG Artistic Gymnastics World Championships","AAfinal","Antwerp, Belgium",13.133,14.266,12.2,13.533,0.230729584290919,1.39780428996941,0.352762379349322,1.3004704800313,"Belgium",FALSE,"Netherlands",FALSE
2852,"VISSER","Naomi","NED","2023 52nd FIG Artistic Gymnastics World Championships","final","Antwerp, Belgium",NA,14.166,NA,13.3,NA,1.335624605112,NA,1.08527233391635,"Belgium",FALSE,"Netherlands",FALSE
2853,"VISSER","Naomi","NED","2023 52nd FIG Artistic Gymnastics World Championships","qual","Antwerp, Belgium",13.233,14.166,13.2,13.733,0.355768322665986,1.335624605112,1.08869597938452,1.48518991875659,"Belgium",FALSE,"Netherlands",FALSE
2854,"VISSER","Naomi","NED","2023 52nd FIG Artistic Gymnastics World Championships","TeamFinal","Antwerp, Belgium",NA,14.233,12.966,12.333,NA,1.37728499396646,0.916487516976283,0.192153847679589,"Belgium",FALSE,"Netherlands",FALSE
2855,"VISSER","Naomi","NED","2023 Osijek World Challenge Cup","final","Osijek, Croatia",NA,14.333,12.666,NA,NA,1.43946467882387,0.695707436965725,NA,"Croatia",FALSE,"Netherlands",FALSE
2856,"VISSER","Naomi","NED","2023 Osijek World Challenge Cup","qual","Osijek, Croatia",NA,14.566,12.733,NA,NA,1.58434334454164,0.745014988168083,NA,"Croatia",FALSE,"Netherlands",FALSE
2857,"VISSER","Naomi","NED","2023 Senior European Championships","AAfinal","Antalya, Turkey",13.266,14.033,12.1,13.2,0.397031106329757,1.25292562425164,0.279169019345802,0.992912614553703,"Turkey",FALSE,"Netherlands",FALSE
2858,"VISSER","Naomi","NED","2023 Senior European Championships","final","Antalya, Turkey",NA,11.8,NA,13.466,NA,-0.135546738614369,NA,1.23858946805833,"Turkey",FALSE,"Netherlands",FALSE
2859,"VISSER","Naomi","NED","2023 Senior European Championships","qual","Antalya, Turkey",13.133,14.466,12.766,13.666,0.230729584290919,1.52216365968423,0.769300796969244,1.42330890678362,"Turkey",FALSE,"Netherlands",FALSE
2860,"VISSER","Naomi","NED","2023 Varna World Challenge Cup","final","Varna, Bulgaria",NA,12.666,12.233,NA,NA,0.402929332250818,0.377048188150484,NA,"Bulgaria",FALSE,"Netherlands",FALSE
2861,"VISSER","Naomi","NED","2023 Varna World Challenge Cup","qual","Varna, Bulgaria",NA,13.333,13.066,NA,NA,0.817667830249755,0.990080876979804,NA,"Bulgaria",FALSE,"Netherlands",FALSE
2862,"VLKOVA","Alice","CZE","2023 52nd FIG Artistic Gymnastics World Championships","qual","Antwerp, Belgium",13.2,11.666,11.633,12.033,0.314505539002213,-0.218867516323301,-0.0645119718706354,-0.0849253104083405,"Belgium",FALSE,"Czech Republic",FALSE
2863,"VLKOVA","Alice","CZE","2023 Cottbus World Cup","final","Cottbus, Germany",13.166,NA,NA,NA,0.271992367954692,NA,NA,NA,"Germany",FALSE,"Czech Republic",FALSE
2864,"VLKOVA","Alice","CZE","2023 Cottbus World Cup","qual","Cottbus, Germany",12.9,NA,NA,12.533,-0.0606106761229817,NA,NA,0.376873286404874,"Germany",FALSE,"Czech Republic",FALSE
2865,"VLKOVA","Alice","CZE","2023 Senior European Championships","AAfinal","Antalya, Turkey",13.1,11.566,9.433,12.233,0.189466800627148,-0.281047201180712,-1.68356589194807,0.0997941283169464,"Turkey",FALSE,"Czech Republic",FALSE
2866,"VLKOVA","Alice","CZE","2023 Senior European Championships","qual","Antalya, Turkey",13.2,12.1,11.533,12.4,0.314505539002213,0.0509923159578664,-0.138105331874155,0.25403485965256,"Turkey",FALSE,"Czech Republic",FALSE
2867,"VOLLEMAN","Tisha","NED","2022 51st FIG Artistic Gymnastics World Championships","AAfinal","Liverpool, England",13.4,13.133,12.333,12.666,0.564583015752344,0.69330846053493,0.450641548154004,0.49971171315719,"England",FALSE,"Netherlands",FALSE
2868,"VOLLEMAN","Tisha","NED","2022 51st FIG Artistic Gymnastics World Championships","qual","Liverpool, England",13.2,13.4,12.533,13.2,0.314505539002213,0.859328219104221,0.597828268161043,0.992912614553703,"England",FALSE,"Netherlands",FALSE
2869,"VOLLEMAN","Tisha","NED","2022 Cottbus World Cup","final","Cottbus, Germany",NA,13.333,NA,12.133,NA,0.817667830249755,NA,0.00743440895430216,"Germany",FALSE,"Netherlands",FALSE
2870,"VOLLEMAN","Tisha","NED","2022 Cottbus World Cup","qual","Cottbus, Germany",NA,13.066,11.733,12.766,NA,0.651648071680465,0.00908138813288544,0.592071432519833,"Germany",FALSE,"Netherlands",FALSE
2871,"VOLLEMAN","Tisha","NED","2022 Paris World Challenge Cup","qual","Paris, France",NA,12.65,12.5,NA,NA,0.392980582673632,0.573542459359882,NA,"France",FALSE,"Netherlands",FALSE
2872,"VOLLEMAN","Tisha","NED","2022 Senior European Championships","qual","Munich, Germany",12.833,13.2,11.3,13,-0.144386630834276,0.734968849389396,-0.309577860682355,0.808193175828418,"Germany",FALSE,"Netherlands",FALSE
2873,"VOLLEMAN","Tisha","NED","2022 Senior European Championships","TeamFinal","Munich, Germany",NA,13.2,11.666,13.166,NA,0.734968849389396,-0.0402261630694729,0.961510309970405,"Germany",FALSE,"Netherlands",FALSE
2874,"VOLLEMAN","Tisha","NED","2022 Varna World Challenge Cup","qual","Varna, Bulgaria",NA,11.55,NA,NA,NA,-0.290995950757898,NA,NA,"Bulgaria",FALSE,"Netherlands",FALSE
2875,"VOLLEMAN","Tisha","NED","2023 Cottbus World Cup","final","Cottbus, Germany",NA,12.9,NA,12.8,NA,0.548429794817161,NA,0.623473737103132,"Germany",FALSE,"Netherlands",FALSE
2876,"VOLLEMAN","Tisha","NED","2023 Cottbus World Cup","qual","Cottbus, Germany",NA,12.7,12.4,13.133,NA,0.424070425102337,0.499949099356362,0.931031602580732,"Germany",FALSE,"Netherlands",FALSE
2877,"VOLLEMAN","Tisha","NED","EnBW DTB Pokal Team Challenge 2023","final","Stuttgart, Germany",NA,NA,NA,12.433,NA,NA,NA,0.284513567042232,"Germany",FALSE,"Netherlands",FALSE
2878,"VOLLEMAN","Tisha","NED","EnBW DTB Pokal Team Challenge 2023","qual","Stuttgart, Germany",13,12.95,12.3,12.65,0.0644280622520831,0.579519637245867,0.426355739352843,0.484934158059167,"Germany",FALSE,"Netherlands",FALSE
2879,"VOLLEMAN","Tisha Manouk Gijs","NED","2023 FISU World University Games","AAfinal","Chengdu, China",13,13,10.466,13,0.0644280622520831,0.610609479674573,-0.923346483111711,0.808193175828418,"China",FALSE,"Netherlands",FALSE
2880,"VOLLEMAN","Tisha Manouk Gijs","NED","2023 FISU World University Games","final","Chengdu, China",NA,12.7,NA,13.033,NA,0.424070425102337,NA,0.838671883218089,"China",FALSE,"Netherlands",FALSE
2881,"VOLLEMAN","Tisha Manouk Gijs","NED","2023 FISU World University Games","qual","Chengdu, China",12.7,13.233,12.233,12.433,-0.310688152873113,0.755488145392343,0.377048188150484,0.284513567042232,"China",FALSE,"Netherlands",FALSE
2882,"VOSS","Sarah","GER","2022 Baku World Cup","final","Baku, Azerbaijan",NA,12.933,13.733,NA,NA,0.568949090820107,1.48094858820328,NA,"Azerbaijan",FALSE,"Germany",FALSE
2883,"VOSS","Sarah","GER","2022 Baku World Cup","qual","Baku, Azerbaijan",13.133,12.933,13.433,NA,0.230729584290919,0.568949090820107,1.26016850819272,NA,"Azerbaijan",FALSE,"Germany",FALSE
2884,"VOSS","Sarah","GER","2022 Osijek World Challenge Cup","final","Osijek, Croatia",NA,12.8,NA,12.733,NA,0.48625010995975,NA,0.561592725130161,"Croatia",FALSE,"Germany",FALSE
2885,"VOSS","Sarah","GER","2022 Osijek World Challenge Cup","qual","Osijek, Croatia",NA,13.5,11.8,12.666,NA,0.921507903961632,0.0583889393352438,0.49971171315719,"Croatia",FALSE,"Germany",FALSE
2886,"VOSS","Sarah","GER","2022 Senior European Championships","qual","Munich, Germany",13.433,13.1,12.266,12.1,0.605845799416115,0.672789164531985,0.401333996951645,-0.0230442984353695,"Germany",FALSE,"Germany",TRUE
2887,"VOSS","Sarah","GER","2022 Senior European Championships","TeamFinal","Munich, Germany",14.333,NA,13.5,11.266,1.7311944447917,NA,1.30947605939508,-0.793324357919812,"Germany",FALSE,"Germany",TRUE
2888,"VOSS","Sarah","GER","2023 52nd FIG Artistic Gymnastics World Championships","AAfinal","Antwerp, Belgium",13.4,10.9,13.166,13.333,0.564583015752344,-0.695163902331075,1.06367423698332,1.11575104130602,"Belgium",FALSE,"Germany",FALSE
2889,"VOSS","Sarah","GER","2023 52nd FIG Artistic Gymnastics World Championships","qual","Antwerp, Belgium",13.433,12.733,12.866,13.2,0.605845799416115,0.444589721105284,0.842894156972764,0.992912614553703,"Belgium",FALSE,"Germany",FALSE
2890,"VOSS","Sarah","GER","2023 Senior European Championships","AAfinal","Antalya, Turkey",13.5,12,11.966,12.466,0.689621754127409,-0.0111873688995453,0.180553916941086,0.314992274431903,"Turkey",FALSE,"Germany",FALSE
2891,"VOSS","Sarah","GER","2023 Senior European Championships","qual","Antalya, Turkey",13.4,13.266,11.666,11.4,0.564583015752344,0.776007441395289,-0.0402261630694729,-0.66956233397387,"Turkey",FALSE,"Germany",FALSE
2892,"VOSTRUCHOVAITE","Agata","LTU","2023 Cottbus World Cup","final","Cottbus, Germany",12.2,NA,NA,NA,-0.935881844748439,NA,NA,NA,"Germany",FALSE,"Lithuania",FALSE
2893,"VOSTRUCHOVAITE","Agata","LTU","2023 Cottbus World Cup","qual","Cottbus, Germany",12.4,NA,9.366,NA,-0.685804367998308,NA,-1.73287344315043,NA,"Germany",FALSE,"Lithuania",FALSE
2894,"VOSTRUCHOVAITE","Agata","LTU","2023 Doha World Cup","final","Doha, Qatar",12.633,NA,NA,NA,-0.394464107584407,NA,NA,NA,"Qatar",FALSE,"Lithuania",FALSE
2895,"VOSTRUCHOVAITE","Agata","LTU","2023 Doha World Cup","qual","Doha, Qatar",12.466,NA,NA,NA,-0.603278800670766,NA,NA,NA,"Qatar",FALSE,"Lithuania",FALSE
2896,"WAGNER","Elisabeth","GER","2023 FISU World University Games","AAfinal","Chengdu, China",11.933,11.1,11.333,11.533,-1.26973527620986,-0.570804532616252,-0.285292051881194,-0.546723907221555,"China",FALSE,"Germany",FALSE
2897,"WAGNER","Elisabeth","GER","2023 FISU World University Games","qual","Chengdu, China",12,12.4,11.1,11.6,-1.18595932149857,0.237531370530102,-0.456764580689395,-0.484842895248584,"China",FALSE,"Germany",FALSE
2898,"WALKER","Paityn","USA","2022 Winter Cup","AAfinal","Frisco, Texas",12.65,13.55,11.7,11.05,-0.373207522060645,0.952597746390339,-0.015204420668277,-0.99282135174312,"Texas",TRUE,"United States",FALSE
2899,"WANG","Zhi","TPE","2023 FISU World University Games","qual","Chengdu, China",NA,10.133,NA,NA,NA,-1.17208208518742,NA,NA,"China",FALSE,"Taiwan",FALSE
2901,"WATANABE","Hazuki","JPN","2022 51st FIG Artistic Gymnastics World Championships","final","Liverpool, England",NA,NA,13.6,NA,NA,NA,1.3830694193986,NA,"England",FALSE,"Japan",FALSE
2902,"WATANABE","Hazuki","JPN","2022 51st FIG Artistic Gymnastics World Championships","qual","Liverpool, England",NA,13.233,13.6,12.533,NA,0.755488145392343,1.3830694193986,0.376873286404874,"England",FALSE,"Japan",FALSE
2903,"WATANABE","Hazuki","JPN","2022 51st FIG Artistic Gymnastics World Championships","TeamFinal","Liverpool, England",NA,12.766,NA,NA,NA,0.465109017108229,NA,NA,"England",FALSE,"Japan",FALSE
2904,"WATANABE","Hazuki","JPN","2022 9th Senior Artistic Gymnastics Asian Championships","qual","Doha, Qatar",NA,NA,12.467,NA,NA,NA,0.549256650558721,NA,"Qatar",FALSE,"Japan",FALSE
2905,"WATANABE","Hazuki","JPN","EnBW DTB Pokal Team Challenge 2023","qual","Stuttgart, Germany",13,11.45,12.3,11.6,0.0644280622520831,-0.353175635615311,0.426355739352843,-0.484842895248584,"Germany",FALSE,"Japan",FALSE
2906,"WAYMAN","Hannah","GBR","2022 British Gymnastics Championships","qual","Liverpool, England",12.7,10.7,9.7,11.65,-0.310688152873113,-0.8195232720459,-1.48707162073867,-0.438663035567262,"England",FALSE,"England",TRUE
2907,"WEI","Xiaoyuan","CHN","2022 51st FIG Artistic Gymnastics World Championships","final","Liverpool, England",NA,14.966,NA,NA,NA,1.83306208397129,NA,NA,"England",FALSE,"China",FALSE
2908,"WEI","Xiaoyuan","CHN","2022 51st FIG Artistic Gymnastics World Championships","qual","Liverpool, England",12.9,14.6,NA,12.733,-0.0606106761229817,1.60548443739316,NA,0.561592725130161,"England",FALSE,"China",FALSE
2909,"WEI","Xiaoyuan","CHN","2022 51st FIG Artistic Gymnastics World Championships","TeamFinal","Liverpool, England",NA,14.733,NA,NA,NA,1.68818341825352,NA,NA,"England",FALSE,"China",FALSE
2910,"WEI","Xiaoyuan","CHN","2022 9th Senior Artistic Gymnastics Asian Championships","final","Doha, Qatar",NA,14.767,NA,NA,NA,1.70932451110504,NA,NA,"Qatar",FALSE,"China",FALSE
2911,"WEI","Xiaoyuan","CHN","2022 9th Senior Artistic Gymnastics Asian Championships","qual","Doha, Qatar",NA,15,NA,NA,NA,1.85420317682281,NA,NA,"Qatar",FALSE,"China",FALSE
2912,"WEI","Xiaoyuan","CHN","2023 FISU World University Games","qual","Chengdu, China",NA,13.166,12.566,NA,NA,0.713827756537877,0.622114076962205,NA,"China",FALSE,"China",TRUE
2913,"WEN","Rachel Yeoh Li","MAS","2023 10th Senior Artistic Gymnastics Asian Championships","qual","Singapore",NA,12.133,9.933,9.4,NA,0.0715116119608119,-1.31559909193047,-2.51675672122673,"Singapore",FALSE,"Malaysia",FALSE
2914,"WESTLUND","Emelie","SWE","2022 51st FIG Artistic Gymnastics World Championships","qual","Liverpool, England",NA,13,11.533,NA,NA,0.610609479674573,-0.138105331874155,NA,"England",FALSE,"Sweden",FALSE
2915,"WESTLUND","Emelie","SWE","2022 Osijek World Challenge Cup","qual","Osijek, Croatia",NA,10.766,11.266,NA,NA,-0.778484680040007,-0.334599603083552,NA,"Croatia",FALSE,"Sweden",FALSE
2916,"WESTLUND","Emelie","SWE","2022 Senior European Championships","qual","Munich, Germany",11.466,11.7,11.266,NA,-1.85366618442142,-0.197726423471781,-0.334599603083552,NA,"Germany",FALSE,"Sweden",FALSE
2917,"WESTLUND","Emelie","SWE","2023 52nd FIG Artistic Gymnastics World Championships","qual","Antwerp, Belgium",12.933,12.633,11.7,12.333,-0.0193478924592108,0.382410036247871,-0.015204420668277,0.192153847679589,"Belgium",FALSE,"Sweden",FALSE
2918,"WESTLUND","Emelie","SWE","2023 Cottbus World Cup","qual","Cottbus, Germany",NA,12.2,12.733,NA,NA,0.113172000815278,0.745014988168083,NA,"Germany",FALSE,"Sweden",FALSE
2919,"WESTLUND","Emelie","SWE","2023 Senior European Championships","AAfinal","Antalya, Turkey",12.766,12.733,10.233,11.966,-0.228162585545569,0.444589721105284,-1.09481901191991,-0.146806322381311,"Turkey",FALSE,"Sweden",FALSE
2920,"WESTLUND","Emelie","SWE","2023 Senior European Championships","qual","Antalya, Turkey",12.9,13.333,11.733,11.866,-0.0606106761229817,0.817667830249755,0.00908138813288544,-0.239166041743954,"Turkey",FALSE,"Sweden",FALSE
2921,"WESTLUND","Nathalie","SWE","2022 51st FIG Artistic Gymnastics World Championships","qual","Liverpool, England",12.566,12.466,12.6,11.8,-0.478240062295699,0.278569962535993,0.647135819363401,-0.300123456523297,"England",FALSE,"Sweden",FALSE
2922,"WESTLUND","Nathalie","SWE","2022 Osijek World Challenge Cup","final","Osijek, Croatia",NA,12.233,NA,NA,NA,0.133691296818225,NA,NA,"Croatia",FALSE,"Sweden",FALSE
2923,"WESTLUND","Nathalie","SWE","2022 Osijek World Challenge Cup","qual","Osijek, Croatia",NA,13.266,10.633,12.066,NA,0.776007441395289,-0.800445571905833,-0.0544466030186671,"Croatia",FALSE,"Sweden",FALSE
2924,"WESTLUND","Nathalie","SWE","2022 Paris World Challenge Cup","qual","Paris, France",NA,NA,12.2,11.5,NA,NA,0.352762379349322,-0.577202614611227,"France",FALSE,"Sweden",FALSE
2925,"WESTLUND","Nathalie","SWE","2022 Senior European Championships","qual","Munich, Germany",12.3,13.033,12.5,12.3,-0.810843106373373,0.631128775677519,0.573542459359882,0.161675140289917,"Germany",FALSE,"Sweden",FALSE
2926,"WESTLUND","Nathalie","SWE","2023 Doha World Cup","final","Doha, Qatar",NA,13.233,NA,NA,NA,0.755488145392343,NA,NA,"Qatar",FALSE,"Sweden",FALSE
2927,"WESTLUND","Nathalie","SWE","2023 Doha World Cup","qual","Doha, Qatar",NA,13.266,11.066,12,NA,0.776007441395289,-0.481786323090591,-0.115404017798012,"Qatar",FALSE,"Sweden",FALSE
2928,"WESTLUND","Nathalie","SWE","2023 Senior European Championships","qual","Antalya, Turkey",13.033,12.233,11.966,12.2,0.105690845915854,0.133691296818225,0.180553916941086,0.0693154209272731,"Turkey",FALSE,"Sweden",FALSE
2929,"WEVERS","Sanne","NED","2023 52nd FIG Artistic Gymnastics World Championships","final","Antwerp, Belgium",NA,NA,14.1,NA,NA,NA,1.7510362194162,NA,"Belgium",FALSE,"Netherlands",FALSE
2930,"WEVERS","Sanne","NED","2023 52nd FIG Artistic Gymnastics World Championships","qual","Antwerp, Belgium",NA,NA,13.733,NA,NA,NA,1.48094858820328,NA,"Belgium",FALSE,"Netherlands",FALSE
2931,"WEVERS","Sanne","NED","2023 52nd FIG Artistic Gymnastics World Championships","TeamFinal","Antwerp, Belgium",NA,NA,12.933,NA,NA,NA,0.892201708175122,NA,"Belgium",FALSE,"Netherlands",FALSE
2932,"WEVERS","Sanne","NED","2023 Senior European Championships","final","Antalya, Turkey",NA,NA,13.8,NA,NA,NA,1.53025613940564,NA,"Turkey",FALSE,"Netherlands",FALSE
2933,"WEVERS","Sanne","NED","2023 Senior European Championships","qual","Antalya, Turkey",NA,NA,13.433,NA,NA,NA,1.26016850819272,NA,"Turkey",FALSE,"Netherlands",FALSE
2934,"WHITEHEAD","Emily","AUS","2023 52nd FIG Artistic Gymnastics World Championships","qual","Antwerp, Belgium",12.166,12.8,NA,12.766,-0.97839501579596,0.48625010995975,NA,0.592071432519833,"Belgium",FALSE,"Australia",FALSE
2935,"WHITEHEAD","Emily","AUS","BIRMINGHAM 2022 Commonwealth Games","AAfinal","Birmingham, England",12.45,10.95,12.4,11.85,-0.623284998810776,-0.66407405990237,0.499949099356362,-0.253943596841977,"England",FALSE,"Australia",FALSE
2936,"WHITEHEAD","Emily","AUS","BIRMINGHAM 2022 Commonwealth Games","final","Birmingham, England",11.866,NA,NA,13,-1.35351123092116,NA,NA,0.808193175828418,"England",FALSE,"Australia",FALSE
2937,"WHITEHEAD","Emily","AUS","BIRMINGHAM 2022 Commonwealth Games","qual","Birmingham, England",13.4,12.1,11.95,12.75,0.564583015752344,0.0509923159578664,0.168778979340522,0.57729387742181,"England",FALSE,"Australia",FALSE
2938,"WILDI","Anina","SUI","2022 51st FIG Artistic Gymnastics World Championships","qual","Liverpool, England",12.433,12,10.7,12.466,-0.644541584334537,-0.0111873688995453,-0.751138020703475,0.314992274431903,"England",FALSE,"Switzerland",FALSE
2939,"WILDI","Anina","SUI","2022 Senior European Championships","qual","Munich, Germany",12.3,12.133,9.1,12.333,-0.810843106373373,0.0715116119608119,-1.92863178075979,0.192153847679589,"Germany",FALSE,"Switzerland",FALSE
2940,"WILLIAMS","Jennifer","SWE","2023 52nd FIG Artistic Gymnastics World Championships","qual","Antwerp, Belgium",13.166,12,12.1,12.566,0.271992367954692,-0.0111873688995453,0.279169019345802,0.407351993794548,"Belgium",FALSE,"Sweden",FALSE
2941,"WINGROVE","Harriet","AUS","EnBW DTB Pokal Team Challenge 2023","qual","Stuttgart, Germany",13.15,NA,11.5,12.1,0.251986169814681,NA,-0.162391140675316,-0.0230442984353695,"Germany",FALSE,"Australia",FALSE
2942,"WOLFGANG","Natalie","GER","2023 FISU World University Games","qual","Chengdu, China",12.1,10.333,11.2,10.8,-1.0609205831235,-1.0477227154726,-0.383171220685876,-1.22372065014973,"China",FALSE,"Germany",FALSE
2943,"WONG","Hiu Ying","HKG","2022 51st FIG Artistic Gymnastics World Championships","qual","Liverpool, England",NA,NA,10.266,NA,NA,NA,-1.07053320311875,NA,"England",FALSE,"Hong Kong",FALSE
2944,"WONG","Hiu Ying Angel","HKG","2022 9th Senior Artistic Gymnastics Asian Championships","qual","Doha, Qatar",NA,10.333,11.433,10.7,NA,-1.0477227154726,-0.211698691877674,-1.31608036951237,"Qatar",FALSE,"Hong Kong",FALSE
2945,"WONG","Hiu Ying Angel","HKG","2022 Baku World Cup","qual","Baku, Azerbaijan",NA,NA,10.7,NA,NA,NA,-0.751138020703475,NA,"Azerbaijan",FALSE,"Hong Kong",FALSE
2946,"WONG","Hiu Ying Angel","HKG","2022 Cairo World Cup","qual","Cairo, Egypt",NA,NA,11.333,NA,NA,NA,-0.285292051881194,NA,"Egypt",FALSE,"Hong Kong",FALSE
2947,"WONG","Hiu Ying Angel","HKG","2022 Cottbus World Cup","qual","Cottbus, Germany",NA,NA,11.233,NA,NA,NA,-0.358885411884713,NA,"Germany",FALSE,"Hong Kong",FALSE
2948,"WONG","Hiu Ying Angel","HKG","2022 Doha World Cup","final","Doha, Qatar",NA,NA,12.333,NA,NA,NA,0.450641548154004,NA,"Qatar",FALSE,"Hong Kong",FALSE
2949,"WONG","Hiu Ying Angel","HKG","2022 Doha World Cup","qual","Doha, Qatar",NA,NA,11.866,NA,NA,NA,0.106960556937566,NA,"Qatar",FALSE,"Hong Kong",FALSE
2950,"WONG","Hiu Ying Angel","HKG","2022 Paris World Challenge Cup","qual","Paris, France",NA,NA,11,NA,NA,NA,-0.530357940692915,NA,"France",FALSE,"Hong Kong",FALSE
2951,"WONG","Hiu Ying Angel","HKG","2023 10th Senior Artistic Gymnastics Asian Championships","qual","Singapore",NA,NA,10.9,NA,NA,NA,-0.603951300696434,NA,"Singapore",FALSE,"Hong Kong",FALSE
2952,"WONG","Hiu Ying Angel","HKG","2023 52nd FIG Artistic Gymnastics World Championships","qual","Antwerp, Belgium",NA,NA,11.8,NA,NA,NA,0.0583889393352438,NA,"Belgium",FALSE,"Hong Kong",FALSE
2953,"WONG","Hiu Ying Angel","HKG","2023 Baku World Cup","qual","Baku, Azerbaijan",NA,NA,11.133,NA,NA,NA,-0.432478771888234,NA,"Azerbaijan",FALSE,"Hong Kong",FALSE
2954,"WONG","Hiu Ying Angel","HKG","2023 Cottbus World Cup","qual","Cottbus, Germany",NA,NA,12.8,NA,NA,NA,0.794322539370442,NA,"Germany",FALSE,"Hong Kong",FALSE
2955,"WONG","Hiu Ying Angel","HKG","2023 Doha World Cup","qual","Doha, Qatar",NA,NA,11.733,NA,NA,NA,0.00908138813288544,NA,"Qatar",FALSE,"Hong Kong",FALSE
2956,"WONG","Hiu Ying Angel","HKG","2023 Tel Aviv World Challenge Cup","qual","Tel Aviv, Israel",NA,NA,11.3,NA,NA,NA,-0.309577860682355,NA,"Israel",FALSE,"Hong Kong",FALSE
2957,"WONG","Hiu Ying Angel","HKG","2023 Varna World Challenge Cup","qual","Varna, Bulgaria",NA,NA,11.6,NA,NA,NA,-0.0887977806717965,NA,"Bulgaria",FALSE,"Hong Kong",FALSE
2958,"WONG","Hiu Ying Angel","HKG","HANGZHOU 2022 19th Asian Games","qual","Hangzhou, China",NA,NA,10.633,NA,NA,NA,-0.800445571905833,NA,"China",FALSE,"Hong Kong",FALSE
2959,"WONG","Leanne","USA","2022 51st FIG Artistic Gymnastics World Championships","qual","Liverpool, England",13.766,NA,NA,NA,1.02222479820508,NA,NA,NA,"England",FALSE,"United States",FALSE
2960,"WONG","Leanne","USA","2022 51st FIG Artistic Gymnastics World Championships","TeamFinal","Liverpool, England",NA,13.766,NA,NA,NA,1.08690586568235,NA,NA,"England",FALSE,"United States",FALSE
2961,"WONG","Leanne","USA","2022 U.S. Championships","final","Tampa, FL",NA,14.25,13.4,NA,NA,1.38785554039222,1.23588269939156,NA,"FL",FALSE,"United States",FALSE
2962,"WONG","Leanne","USA","2022 U.S. Championships","qual","Tampa, FL",NA,14.2,13.15,NA,NA,1.35676569796351,1.05189929938276,NA,"FL",FALSE,"United States",FALSE
2963,"WONG","Leanne","USA","2022 U.S. Classic","AAfinal","West Valley City, Utah",14.4,12.85,13.55,13.6,1.814970399503,0.517339952388455,1.34627273939684,1.36235149200427,"Utah",TRUE,"United States",FALSE
2964,"WONG","Leanne","USA","2023 52nd FIG Artistic Gymnastics World Championships","final","Antwerp, Belgium",14.1,NA,NA,NA,1.4398541843778,NA,NA,NA,"Belgium",FALSE,"United States",FALSE
2965,"WONG","Leanne","USA","2023 52nd FIG Artistic Gymnastics World Championships","qual","Antwerp, Belgium",14.166,13.666,13.366,13.2,1.52237975170534,1.02472618082494,1.21086095699036,0.992912614553703,"Belgium",FALSE,"United States",FALSE
2966,"WONG","Leanne","USA","2023 52nd FIG Artistic Gymnastics World Championships","TeamFinal","Antwerp, Belgium",14.066,NA,11.7,13.166,1.39734101333028,NA,-0.015204420668277,0.961510309970405,"Belgium",FALSE,"United States",FALSE
2967,"WONG","Leanne","USA","2023 Core Hydration Classic","AAfinal","Hoffman Estates, Illinois",14.15,13.75,12.7,13.5,1.50237355356533,1.07695711610516,0.720729179366921,1.26999177264163,"Illinois",TRUE,"United States",FALSE
2968,"WONG","Leanne","USA","2023 U.S. Championships","final","San Jose, CA",14.05,14,13.7,14,1.37733481519027,1.23240632824869,1.45666277940212,1.73179036945485,"California",TRUE,"United States",FALSE
2969,"WONG","Leanne","USA","2023 U.S. Championships","qual","San Jose, CA",14.25,14,13.75,13.35,1.6274122919404,1.23240632824869,1.49345945940388,1.13145219359767,"California",TRUE,"United States",FALSE
2970,"WONG","Vanessa","HKG","2022 9th Senior Artistic Gymnastics Asian Championships","qual","Doha, Qatar",NA,8.267,11.533,10.9,NA,-2.33235500462673,-0.138105331874155,-1.13136093078708,"Qatar",FALSE,"Hong Kong",FALSE
2971,"WONG","Vanessa","HKG","2022 Mersin World Challenge Cup","qual","Mersin, Turkey",NA,NA,11.1,NA,NA,NA,-0.456764580689395,NA,"Turkey",FALSE,"Hong Kong",FALSE
2972,"WONG","Vanessa","HKG","2022 Paris World Challenge Cup","qual","Paris, France",NA,NA,10.75,NA,NA,NA,-0.714341340701714,NA,"France",FALSE,"Hong Kong",FALSE
2973,"WONG","Vanessa","HKG","2022 Szombathely World Challenge Cup","qual","Szombathely, Hungary",NA,NA,8.4,NA,NA,NA,-2.44378530078443,NA,"Hungary",FALSE,"Hong Kong",FALSE
2974,"WOO","Rose","CAN","2023 52nd FIG Artistic Gymnastics World Championships","qual","Antwerp, Belgium",NA,12.166,12.2,NA,NA,0.0920309079637586,0.352762379349322,NA,"Belgium",FALSE,"Canada",FALSE
2975,"WOODHEAD","Poppy","GBR","2023 British Gymnastics Championships","qual","Liverpool, England",12.65,9.65,9.6,10.9,-0.373207522060645,-1.47240996304872,-1.56066498074219,-1.13136093078708,"England",FALSE,"England",TRUE
2976,"WOOLFORD","Kelise","USA","2023 Core Hydration Classic","AAfinal","Hoffman Estates, Illinois",13,13.3,12.75,12.05,0.0644280622520831,0.797148534246809,0.757525859368681,-0.06922415811669,"Illinois",TRUE,"United States",FALSE
2977,"WOOLFORD","Kelise","USA","2023 U.S. Championships","final","San Jose, CA",12.35,12,11.7,12.15,-0.748323737185841,-0.0111873688995453,-0.015204420668277,0.0231355612459526,"California",TRUE,"United States",FALSE
2978,"WOOLFORD","Kelise","USA","2023 U.S. Championships","qual","San Jose, CA",12.45,12.35,11.8,12.15,-0.623284998810776,0.206441528101396,0.0583889393352438,0.0231355612459526,"California",TRUE,"United States",FALSE
2979,"WOOLFORD","Kelise","USA","2023 Winter Cup","AAfinal","Louisville, Kentucky",12.8,11.5,11.55,10.95,-0.185649414498046,-0.322085793186604,-0.125594460673556,-1.08518107110576,"Kentucky",TRUE,"United States",FALSE
2980,"WRIGHT","Jessica","GBR","2022 British Gymnastics Championships","qual","Liverpool, England",NA,9,10.85,11.6,NA,-1.8765779146219,-0.640747980698195,-0.484842895248584,"England",FALSE,"England",TRUE
2981,"WRIGHT","Tilly","GBR","2023 British Gymnastics Championships","final","Liverpool, England",NA,NA,12.95,NA,NA,NA,0.90471257937572,NA,"England",FALSE,"England",TRUE
2982,"WRIGHT","Tilly","GBR","2023 British Gymnastics Championships","qual","Liverpool, England",12.5,11.9,12.4,12.25,-0.560765629623243,-0.0733670537569569,0.499949099356362,0.115495280608595,"England",FALSE,"England",TRUE
2983,"WU","Anny","SUI","2022 Senior European Championships","qual","Munich, Germany",12.233,12.2,NA,NA,-0.894619061084666,0.113172000815278,NA,NA,"Germany",FALSE,"Switzerland",FALSE
2984,"WU","Anny","SUI","2023 52nd FIG Artistic Gymnastics World Championships","qual","Antwerp, Belgium",12.966,12,11.5,12.333,0.0219148912045601,-0.0111873688995453,-0.162391140675316,0.192153847679589,"Belgium",FALSE,"Switzerland",FALSE
2985,"WU","Anny","SUI","2023 Senior European Championships","qual","Antalya, Turkey",13,12.366,10.233,11.966,0.0644280622520831,0.216390277678582,-1.09481901191991,-0.146806322381311,"Turkey",FALSE,"Switzerland",FALSE
2986,"WU","Ran","CHN","2022 9th Senior Artistic Gymnastics Asian Championships","final","Doha, Qatar",NA,NA,14.633,13.7,NA,NA,2.14328882823496,1.45471121136692,"Qatar",FALSE,"China",FALSE
2987,"WU","Ran","CHN","2022 9th Senior Artistic Gymnastics Asian Championships","qual","Doha, Qatar",NA,14,14.633,13.833,NA,1.23240632824869,2.14328882823496,1.57754963811923,"Qatar",FALSE,"China",FALSE
2988,"WU","Sing","TPE","2023 FISU World University Games","final","Chengdu, China",13,NA,11.4,NA,0.0644280622520831,NA,-0.235984500678836,NA,"China",FALSE,"Taiwan",FALSE
2989,"WU","Sing","TPE","2023 FISU World University Games","qual","Chengdu, China",13.033,NA,12.666,11.266,0.105690845915854,NA,0.695707436965725,-0.793324357919812,"China",FALSE,"Taiwan",FALSE
2990,"WU","Sing Fen","TPE","2022 51st FIG Artistic Gymnastics World Championships","qual","Liverpool, England",12.7,8.133,NA,NA,-0.310688152873113,-2.41567578233566,NA,NA,"England",FALSE,"Taiwan",FALSE
2991,"WU","Sing Fen","TPE","HANGZHOU 2022 19th Asian Games","final","Hangzhou, China",13.133,NA,NA,NA,0.230729584290919,NA,NA,NA,"China",FALSE,"Taiwan",FALSE
2992,"WU","Sing Fen","TPE","HANGZHOU 2022 19th Asian Games","qual","Hangzhou, China",13,NA,11.6,12,0.0644280622520831,NA,-0.0887977806717965,-0.115404017798012,"China",FALSE,"Taiwan",FALSE
2993,"YAMADA","Chiharu","JPN","2022 51st FIG Artistic Gymnastics World Championships","AAfinal","Liverpool, England",13.166,13.466,12.233,13.1,0.271992367954692,0.900366811110112,0.377048188150484,0.90055289519106,"England",FALSE,"Japan",FALSE
2994,"YAMADA","Chiharu","JPN","2022 51st FIG Artistic Gymnastics World Championships","qual","Liverpool, England",13.233,13.666,12.466,13.1,0.355768322665986,1.02472618082494,0.548520716958684,0.90055289519106,"England",FALSE,"Japan",FALSE
2995,"YAMADA","Chiharu","JPN","2022 51st FIG Artistic Gymnastics World Championships","TeamFinal","Liverpool, England",NA,13.666,12.766,13.033,NA,1.02472618082494,0.769300796969244,0.838671883218089,"England",FALSE,"Japan",FALSE
2996,"YAMADA","Chiharu","JPN","2022 9th Senior Artistic Gymnastics Asian Championships","final","Doha, Qatar",NA,12.067,NA,NA,NA,0.0304730199549208,NA,NA,"Qatar",FALSE,"Japan",FALSE
2997,"YAMADA","Chiharu","JPN","2022 9th Senior Artistic Gymnastics Asian Championships","qual","Doha, Qatar",NA,13.9,12.167,12.233,NA,1.17022664339128,0.328476570548161,0.0997941283169464,"Qatar",FALSE,"Japan",FALSE
2998,"YAMADA","Chiharu","JPN","EnBW DTB Pokal Team Challenge 2023","qual","Stuttgart, Germany",NA,13.6,13,11.65,NA,0.983687588819044,0.941509259377481,-0.438663035567262,"Germany",FALSE,"Japan",FALSE
2999,"YAMAMOTO","Nanami","JPN","EnBW DTB Pokal Team Challenge 2023","qual","Stuttgart, Germany",13.35,13.35,13.1,11.9,0.502063646564811,0.828238376675514,1.015102619381,-0.207763737160655,"Germany",FALSE,"Japan",FALSE
3000,"YAP","Emma","SGP","2023 52nd FIG Artistic Gymnastics World Championships","qual","Antwerp, Belgium",12,10.733,12.133,11.833,-1.18595932149857,-0.799003976042953,0.303454828146963,-0.269644749133626,"Belgium",FALSE,"Singapore",FALSE
3001,"YAP","Emma","SGP","BIRMINGHAM 2022 Commonwealth Games","AAfinal","Birmingham, England",12.05,10.85,11.5,11.85,-1.12343995231104,-0.726253744759782,-0.162391140675316,-0.253943596841977,"England",FALSE,"Singapore",FALSE
3002,"YAP","Emma","SGP","BIRMINGHAM 2022 Commonwealth Games","qual","Birmingham, England",NA,10.25,11.05,12,NA,-1.09933185390425,-0.493561260691154,-0.115404017798012,"England",FALSE,"Singapore",FALSE
3003,"YAP","Emma","SIN","2023 10th Senior Artistic Gymnastics Asian Championships","qual","Singapore",NA,11.733,11.733,11.933,NA,-0.177207127468835,0.00908138813288544,-0.177285029770983,"Singapore",FALSE,"Singapore",TRUE
3004,"YAP","Emma En Lin","SGP","HANGZHOU 2022 19th Asian Games","qual","Hangzhou, China",NA,7.466,9.066,12.233,NA,-2.8304142803346,-1.95365352316099,0.0997941283169464,"China",FALSE,"Singapore",FALSE
3005,"YASSINSKAYA","Darya","KAZ","2022 9th Senior Artistic Gymnastics Asian Championships","final","Doha, Qatar",12.767,NA,NA,NA,-0.22691219816182,NA,NA,NA,"Qatar",FALSE,"Kazakhstan",FALSE
3006,"YASSINSKAYA","Darya","KAZ","2022 9th Senior Artistic Gymnastics Asian Championships","qual","Doha, Qatar",12.733,NA,NA,10.733,-0.26942536920934,NA,NA,-1.2856016621227,"Qatar",FALSE,"Kazakhstan",FALSE
3007,"YASSINSKAYA","Darya","KAZ","2022 Baku World Cup","qual","Baku, Azerbaijan",12.533,NA,NA,10.666,-0.519502845959472,NA,NA,-1.34748267409567,"Azerbaijan",FALSE,"Kazakhstan",FALSE
3008,"YASSINSKAYA","Darya","KAZ","2022 Cairo World Cup","final","Cairo, Egypt",12.433,NA,NA,NA,-0.644541584334537,NA,NA,NA,"Egypt",FALSE,"Kazakhstan",FALSE
3009,"YASSINSKAYA","Darya","KAZ","2022 Cairo World Cup","qual","Cairo, Egypt",12.366,NA,NA,NA,-0.728317539045831,NA,NA,NA,"Egypt",FALSE,"Kazakhstan",FALSE
3010,"YASSINSKAYA","Darya","KAZ","2023 10th Senior Artistic Gymnastics Asian Championships","final","Singapore",12.8,NA,NA,NA,-0.185649414498046,NA,NA,NA,"Singapore",FALSE,"Kazakhstan",FALSE
3011,"YASSINSKAYA","Darya","KAZ","2023 10th Senior Artistic Gymnastics Asian Championships","qual","Singapore",12.8,NA,11.933,12.6,-0.185649414498046,NA,0.156268108139924,0.438754298377845,"Singapore",FALSE,"Kazakhstan",FALSE
3012,"YASSINSKAYA","Darya","KAZ","2023 52nd FIG Artistic Gymnastics World Championships","qual","Antwerp, Belgium",12.766,NA,NA,12.166,-0.228162585545569,NA,NA,0.0379131163439755,"Belgium",FALSE,"Kazakhstan",FALSE
3013,"YASSINSKAYA","Darya","KAZ","2023 Baku World Cup","final","Baku, Azerbaijan",12.8,NA,NA,NA,-0.185649414498046,NA,NA,NA,"Azerbaijan",FALSE,"Kazakhstan",FALSE
3014,"YASSINSKAYA","Darya","KAZ","2023 Baku World Cup","qual","Baku, Azerbaijan",12.666,NA,NA,12,-0.353201323920634,NA,NA,-0.115404017798012,"Azerbaijan",FALSE,"Kazakhstan",FALSE
3015,"YASSINSKAYA","Darya","KAZ","2023 Cairo World Cup","qual","Cairo, Egypt",12.733,NA,NA,10.1,-0.26942536920934,NA,NA,-1.87023868568823,"Egypt",FALSE,"Kazakhstan",FALSE
3016,"YASSINSKAYA","Darya","KAZ","2023 Doha World Cup","final","Doha, Qatar",12.566,NA,NA,NA,-0.478240062295699,NA,NA,NA,"Qatar",FALSE,"Kazakhstan",FALSE
3017,"YASSINSKAYA","Darya","KAZ","2023 Doha World Cup","qual","Doha, Qatar",12.533,NA,9.666,11.133,-0.519502845959472,NA,-1.51209336313987,-0.916162784672128,"Qatar",FALSE,"Kazakhstan",FALSE
3018,"YASSINSKAYA","Darya","KAZ","HANGZHOU 2022 19th Asian Games","final","Hangzhou, China",12.333,NA,NA,12.266,-0.769580322709602,NA,NA,0.130272835706618,"China",FALSE,"Kazakhstan",FALSE
3019,"YASSINSKAYA","Darya","KAZ","HANGZHOU 2022 19th Asian Games","qual","Hangzhou, China",12.833,NA,12.166,13,-0.144386630834276,NA,0.327740636948126,0.808193175828418,"China",FALSE,"Kazakhstan",FALSE
3020,"YEO","Seojeong","KOR","2022 51st FIG Artistic Gymnastics World Championships","final","Liverpool, England",12.666,NA,NA,NA,-0.353201323920634,NA,NA,NA,"England",FALSE,"Korea, South",FALSE
3021,"YEO","Seojeong","KOR","2022 51st FIG Artistic Gymnastics World Championships","qual","Liverpool, England",14.366,NA,12.466,12.633,1.77245722845547,NA,0.548520716958684,0.469233005767517,"England",FALSE,"Korea, South",FALSE
3022,"YEO","Seojeong","KOR","2022 9th Senior Artistic Gymnastics Asian Championships","final","Doha, Qatar",14.3,NA,NA,13.1,1.68993166112793,NA,NA,0.90055289519106,"Qatar",FALSE,"Korea, South",FALSE
3023,"YEO","Seojeong","KOR","2022 9th Senior Artistic Gymnastics Asian Championships","qual","Doha, Qatar",14.033,12.5,12.433,13.167,1.35607822966651,0.299711055387514,0.524234908157523,0.962433907164031,"Qatar",FALSE,"Korea, South",FALSE
3024,"YEO","Seojeong","KOR","2023 10th Senior Artistic Gymnastics Asian Championships","final","Singapore",14.433,NA,NA,NA,1.85623318316677,NA,NA,NA,"Singapore",FALSE,"Korea, South",FALSE
3025,"YEO","Seojeong","KOR","2023 10th Senior Artistic Gymnastics Asian Championships","qual","Singapore",13.9,NA,12.766,13.033,1.18977670762767,NA,0.769300796969244,0.838671883218089,"Singapore",FALSE,"Korea, South",FALSE
3026,"YEO","Seojeong","KOR","2023 52nd FIG Artistic Gymnastics World Championships","final","Antwerp, Belgium",14.6,NA,NA,NA,2.06504787625313,NA,NA,NA,"Belgium",FALSE,"Korea, South",FALSE
3027,"YEO","Seojeong","KOR","2023 52nd FIG Artistic Gymnastics World Championships","qual","Antwerp, Belgium",14.733,NA,13.066,12.7,2.23134939829196,NA,0.990080876979804,0.531114017740488,"Belgium",FALSE,"Korea, South",FALSE
3028,"YEOH","Li Wen","MAS","2023 Cairo World Cup","qual","Cairo, Egypt",NA,11.366,NA,NA,NA,-0.405406570895537,NA,NA,"Egypt",FALSE,"Malaysia",FALSE
3029,"YEOH","Li Wen Rachel","MAS","BIRMINGHAM 2022 Commonwealth Games","qual","Birmingham, England",NA,11.8,NA,NA,NA,-0.135546738614369,NA,NA,"England",FALSE,"Malaysia",FALSE
3030,"YERBOSSYNKYZY","Korkem","KAZ","2022 51st FIG Artistic Gymnastics World Championships","qual","Liverpool, England",11.666,10.633,9.2,10.3,-1.60358870767129,-0.861183660900366,-1.85503842075627,-1.68551924696294,"England",FALSE,"Kazakhstan",FALSE
3031,"YERBOSSYNKYZY","Korkem","KAZ","2022 9th Senior Artistic Gymnastics Asian Championships","final","Doha, Qatar",12.667,NA,NA,NA,-0.351950936536884,NA,NA,NA,"Qatar",FALSE,"Kazakhstan",FALSE
3032,"YERBOSSYNKYZY","Korkem","KAZ","2022 9th Senior Artistic Gymnastics Asian Championships","qual","Doha, Qatar",NA,11.3,11.033,11.333,NA,-0.446445162901428,-0.506072131891754,-0.731443345946841,"Qatar",FALSE,"Kazakhstan",FALSE
3033,"YERBOSSYNKYZY","Korkem","KAZ","2022 Baku World Cup","qual","Baku, Azerbaijan",NA,9.333,11.133,NA,NA,-1.66951956404672,-0.432478771888234,NA,"Azerbaijan",FALSE,"Kazakhstan",FALSE
3034,"YERBOSSYNKYZY","Korkem","KAZ","2022 Doha World Cup","final","Doha, Qatar",NA,NA,11.866,NA,NA,NA,0.106960556937566,NA,"Qatar",FALSE,"Kazakhstan",FALSE
3035,"YERBOSSYNKYZY","Korkem","KAZ","2022 Doha World Cup","qual","Doha, Qatar",NA,9.233,11.433,NA,NA,-1.73169924890413,-0.211698691877674,NA,"Qatar",FALSE,"Kazakhstan",FALSE
3036,"YERBOSSYNKYZY","Korkem","KAZ","2023 10th Senior Artistic Gymnastics Asian Championships","qual","Singapore",NA,11.333,11.233,NA,NA,-0.425925866898482,-0.358885411884713,NA,"Singapore",FALSE,"Kazakhstan",FALSE
3037,"YERBOSSYNKYZY","Korkem","KAZ","HANGZHOU 2022 19th Asian Games","qual","Hangzhou, China",NA,8.366,12.166,NA,NA,-2.27079711661789,0.327740636948126,NA,"China",FALSE,"Kazakhstan",FALSE
3038,"YEROBSSYNKYZY","Korkem","KAZ","2022 9th Senior Artistic Gymnastics Asian Championships","qual","Doha, Qatar",12.4,NA,NA,NA,-0.685804367998308,NA,NA,NA,"Qatar",FALSE,"Kazakhstan",FALSE
3039,"YILDIZ","Bengisu","TUR","2022 51st FIG Artistic Gymnastics World Championships","qual","Liverpool, England",12.433,11.6,11.666,11.966,-0.644541584334537,-0.259906108329193,-0.0402261630694729,-0.146806322381311,"England",FALSE,"Turkey",FALSE
3040,"YILDIZ","Bengisu","TUR","2022 Baku World Cup","qual","Baku, Azerbaijan",12,11.566,NA,NA,-1.18595932149857,-0.281047201180712,NA,NA,"Azerbaijan",FALSE,"Turkey",FALSE
3041,"YILDIZ","Bengisu","TUR","2022 Mersin World Challenge Cup","final","Mersin, Turkey",12.95,NA,NA,NA,0.00190869306454961,NA,NA,NA,"Turkey",FALSE,"Turkey",TRUE
3042,"YILDIZ","Bengisu","TUR","2022 Mersin World Challenge Cup","qual","Mersin, Turkey",12.85,NA,9.9,NA,-0.123130045310515,NA,-1.33988490073163,NA,"Turkey",FALSE,"Turkey",TRUE
3043,"YILDIZ","Bengisu","TUR","2022 Osijek World Challenge Cup","final","Osijek, Croatia",NA,12.4,NA,NA,NA,0.237531370530102,NA,NA,"Croatia",FALSE,"Turkey",FALSE
3044,"YILDIZ","Bengisu","TUR","2022 Osijek World Challenge Cup","qual","Osijek, Croatia",13.066,12.433,NA,NA,0.146953629579627,0.258050666533048,NA,NA,"Croatia",FALSE,"Turkey",FALSE
3045,"YILDIZ","Bengisu","TUR","2022 Senior European Championships","qual","Munich, Germany",12.666,11.233,10.466,11.233,-0.353201323920634,-0.488105551755894,-0.923346483111711,-0.823803065309483,"Germany",FALSE,"Turkey",FALSE
3046,"YILDIZ","Bengisu","TUR","2023 52nd FIG Artistic Gymnastics World Championships","qual","Antwerp, Belgium",13.1,12.166,11,12.4,0.189466800627148,0.0920309079637586,-0.530357940692915,0.25403485965256,"Belgium",FALSE,"Turkey",FALSE
3047,"YILDIZ","Bengisu","TUR","2023 Baku World Cup","final","Baku, Azerbaijan",12.866,NA,NA,NA,-0.103123847170505,NA,NA,NA,"Azerbaijan",FALSE,"Turkey",FALSE
3048,"YILDIZ","Bengisu","TUR","2023 Baku World Cup","qual","Baku, Azerbaijan",12.766,NA,NA,12.033,-0.228162585545569,NA,NA,-0.0849253104083405,"Azerbaijan",FALSE,"Turkey",FALSE
3049,"YILDIZ","Bengisu","TUR","2023 Senior European Championships","qual","Antalya, Turkey",13.033,11.933,8.666,11.6,0.105690845915854,-0.0528477577540113,-2.24802696317507,-0.484842895248584,"Turkey",FALSE,"Turkey",TRUE
3050,"YILDIZ","Bengisu","TUR","2023 Varna World Challenge Cup","final","Varna, Bulgaria",13.033,NA,11.933,NA,0.105690845915854,NA,0.156268108139924,NA,"Bulgaria",FALSE,"Turkey",FALSE
3051,"YILDIZ","Bengisu","TUR","2023 Varna World Challenge Cup","qual","Varna, Bulgaria",13.133,NA,12.333,NA,0.230729584290919,NA,0.450641548154004,NA,"Bulgaria",FALSE,"Turkey",FALSE
3052,"YU","Linmin","CHN","2023 Baku World Cup","final","Baku, Azerbaijan",13.766,NA,NA,NA,1.02222479820508,NA,NA,NA,"Azerbaijan",FALSE,"China",FALSE
3053,"YU","Linmin","CHN","2023 Baku World Cup","qual","Baku, Azerbaijan",13.433,NA,NA,NA,0.605845799416115,NA,NA,NA,"Azerbaijan",FALSE,"China",FALSE
3054,"YU","Linmin","CHN","2023 Doha World Cup","qual","Doha, Qatar",13,NA,NA,NA,0.0644280622520831,NA,NA,NA,"Qatar",FALSE,"China",FALSE
3055,"YU","Linmin","CHN","HANGZHOU 2022 19th Asian Games","final","Hangzhou, China",14,NA,NA,NA,1.31481544600274,NA,NA,NA,"China",FALSE,"China",TRUE
3056,"YU","Linmin","CHN","HANGZHOU 2022 19th Asian Games","qual","Hangzhou, China",14.033,NA,NA,NA,1.35607822966651,NA,NA,NA,"China",FALSE,"China",TRUE
3057,"YUEH","Tan Ing","MAS","2022 Cairo World Cup","qual","Cairo, Egypt",12.7,9.533,NA,NA,-0.310688152873113,-1.5451601943319,NA,NA,"Egypt",FALSE,"Malaysia",FALSE
3058,"YUN","Boeun","KOR","2023 FISU World University Games","AAfinal","Chengdu, China",12.833,11.833,10.9,11.6,-0.144386630834276,-0.115027442611423,-0.603951300696434,-0.484842895248584,"China",FALSE,"Korea, South",FALSE
3059,"YUN","Boeun","KOR","2023 FISU World University Games","qual","Chengdu, China",13.033,12.3,10.466,11.7,0.105690845915854,0.175351685672691,-0.923346483111711,-0.392483175885942,"China",FALSE,"Korea, South",FALSE
3060,"YUN","Boeun","KOR","HANGZHOU 2022 19th Asian Games","final","Hangzhou, China",NA,12.166,NA,NA,NA,0.0920309079637586,NA,NA,"China",FALSE,"Korea, South",FALSE
3061,"YUN","Boeun","KOR","HANGZHOU 2022 19th Asian Games","qual","Hangzhou, China",NA,12.066,10.566,10.933,NA,0.029851223106347,-0.84975312310819,-1.10088222339741,"China",FALSE,"Korea, South",FALSE
3062,"ZEISS","Lexi","USA","2022 U.S. Championships","final","Tampa, FL",13.75,13.8,13.05,13.15,1.00221860006507,1.10804695853387,0.978305939379241,0.946732754872382,"FL",FALSE,"United States",FALSE
3063,"ZEISS","Lexi","USA","2022 U.S. Championships","qual","Tampa, FL",13.4,13.9,12.35,13.1,0.564583015752344,1.17022664339128,0.463152419354602,0.90055289519106,"FL",FALSE,"United States",FALSE
3064,"ZEISS","Lexi","USA","2022 Winter Cup","AAfinal","Frisco, Texas",14.05,11.85,11.35,13,1.37733481519027,-0.104456896185663,-0.272781180680596,0.808193175828418,"Texas",TRUE,"United States",FALSE
3065,"ZEISS","Lexi","USA","2023 Core Hydration Classic","AAfinal","Hoffman Estates, Illinois",13.3,13.35,NA,NA,0.43954427737728,0.828238376675514,NA,NA,"Illinois",TRUE,"United States",FALSE
3066,"ZEISS","Lexi","USA","2023 U.S. Championships","final","San Jose, CA",13.7,13.75,NA,NA,0.939699230877539,1.07695711610516,NA,NA,"California",TRUE,"United States",FALSE
3067,"ZEISS","Lexi","USA","2023 U.S. Championships","qual","San Jose, CA",13.45,13.7,NA,NA,0.627102384939876,1.04586727367646,NA,NA,"California",TRUE,"United States",FALSE
3068,"ZEISS","Lexi","USA","2023 Winter Cup","AAfinal","Louisville, Kentucky",13.45,13.5,13.1,13.15,0.627102384939876,0.921507903961632,1.015102619381,0.946732754872382,"Kentucky",TRUE,"United States",FALSE
3069,"ZELCIC","Tina","CRO","2022 Koper World Challenge Cup","final","Koper, Slovenia",NA,NA,11.7,NA,NA,NA,-0.015204420668277,NA,"Slovenia",FALSE,"Croatia",FALSE
3070,"ZELCIC","Tina","CRO","2022 Koper World Challenge Cup","qual","Koper, Slovenia",NA,NA,12.9,NA,NA,NA,0.867915899373961,NA,"Slovenia",FALSE,"Croatia",FALSE
3071,"ZELCIC","Tina","CRO","2022 Osijek World Challenge Cup","qual","Osijek, Croatia",NA,NA,11.9,NA,NA,NA,0.131982299338763,NA,"Croatia",FALSE,"Croatia",TRUE
3072,"ZELCIC","Tina","CRO","2022 Paris World Challenge Cup","qual","Paris, France",NA,NA,11.5,NA,NA,NA,-0.162391140675316,NA,"France",FALSE,"Croatia",FALSE
3073,"ZELCIC","Tina","CRO","2022 Szombathely World Challenge Cup","qual","Szombathely, Hungary",NA,NA,10.733,NA,NA,NA,-0.726852211902312,NA,"Hungary",FALSE,"Croatia",FALSE
3074,"ZELCIC","Tina","CRO","2023 52nd FIG Artistic Gymnastics World Championships","qual","Antwerp, Belgium",NA,NA,12.4,NA,NA,NA,0.499949099356362,NA,"Belgium",FALSE,"Croatia",FALSE
3075,"ZELCIC","Tina","CRO","2023 Baku World Cup","qual","Baku, Azerbaijan",NA,NA,12.3,NA,NA,NA,0.426355739352843,NA,"Azerbaijan",FALSE,"Croatia",FALSE
3076,"ZELCIC","Tina","CRO","2023 Doha World Cup","qual","Doha, Qatar",NA,NA,11.5,NA,NA,NA,-0.162391140675316,NA,"Qatar",FALSE,"Croatia",FALSE
3077,"ZELCIC","Tina","CRO","2023 Osijek World Challenge Cup","final","Osijek, Croatia",NA,NA,12.666,NA,NA,NA,0.695707436965725,NA,"Croatia",FALSE,"Croatia",TRUE
3078,"ZELCIC","Tina","CRO","2023 Osijek World Challenge Cup","qual","Osijek, Croatia",NA,NA,12.866,NA,NA,NA,0.842894156972764,NA,"Croatia",FALSE,"Croatia",TRUE
3079,"ZELCIC","Tina","CRO","2023 Senior European Championships","qual","Antalya, Turkey",NA,NA,11.033,NA,NA,NA,-0.506072131891754,NA,"Turkey",FALSE,"Croatia",FALSE
3080,"ZELCIC","Tina","CRO","2023 Varna World Challenge Cup","final","Varna, Bulgaria",NA,NA,12.266,NA,NA,NA,0.401333996951645,NA,"Bulgaria",FALSE,"Croatia",FALSE
3081,"ZELCIC","Tina","CRO","2023 Varna World Challenge Cup","qual","Varna, Bulgaria",NA,NA,12.5,NA,NA,NA,0.573542459359882,NA,"Bulgaria",FALSE,"Croatia",FALSE
3082,"ZHANG","Jin","CHN","2022 51st FIG Artistic Gymnastics World Championships","qual","Liverpool, England",13.833,NA,12.833,12.366,1.10600075291638,NA,0.818608348171603,0.222632555069261,"England",FALSE,"China",FALSE
3083,"ZHANG","Jin","CHN","2022 51st FIG Artistic Gymnastics World Championships","TeamFinal","Liverpool, England",13.933,NA,NA,12.866,1.23103949129144,NA,NA,0.684431151882476,"England",FALSE,"China",FALSE
3084,"ZHANG","Jin","CHN","2022 9th Senior Artistic Gymnastics Asian Championships","final","Doha, Qatar",NA,NA,13.7,13,NA,NA,1.45666277940212,0.808193175828418,"Qatar",FALSE,"China",FALSE
3085,"ZHANG","Jin","CHN","2022 9th Senior Artistic Gymnastics Asian Championships","qual","Doha, Qatar",NA,13.8,14.2,13.7,NA,1.10804695853387,1.82462957941972,1.45471121136692,"Qatar",FALSE,"China",FALSE
3086,"ZHANG","Jin","CHN","2023 FISU World University Games","final","Chengdu, China",NA,NA,NA,12.366,NA,NA,NA,0.222632555069261,"China",FALSE,"China",TRUE
3087,"ZHANG","Jin","CHN","2023 FISU World University Games","qual","Chengdu, China",13,NA,13.333,13.266,0.0644280622520831,NA,1.1865751481892,1.05387002933305,"China",FALSE,"China",TRUE
3088,"ZHANG","Jin","CHN","HANGZHOU 2022 19th Asian Games","AAfinal","Hangzhou, China",13.033,10.1,13.9,13.866,0.105690845915854,-1.19260138119037,1.60384949940916,1.60802834550891,"China",FALSE,"China",TRUE
3089,"ZHANG","Jin","CHN","HANGZHOU 2022 19th Asian Games","final","Hangzhou, China",NA,NA,13.266,13.1,NA,NA,1.13726759698684,0.90055289519106,"China",FALSE,"China",TRUE
3090,"ZHANG","Jin","CHN","HANGZHOU 2022 19th Asian Games","qual","Hangzhou, China",NA,13.533,13.6,13.233,NA,0.942027199964578,1.3830694193986,1.02339132194338,"China",FALSE,"China",TRUE
3091,"ZHANG","Qingying","CHN","2023 10th Senior Artistic Gymnastics Asian Championships","final","Singapore",13.133,NA,14.2,13.233,0.230729584290919,NA,1.82462957941972,1.02339132194338,"Singapore",FALSE,"China",FALSE
3092,"ZHANG","Qingying","CHN","2023 10th Senior Artistic Gymnastics Asian Championships","qual","Singapore",13.166,12.433,14.833,13.533,0.271992367954692,0.258050666533048,2.290475548242,1.3004704800313,"Singapore",FALSE,"China",FALSE
3093,"ZHANG","Qingying","CHN","2023 52nd FIG Artistic Gymnastics World Championships","final","Antwerp, Belgium",NA,NA,13.1,NA,NA,NA,1.015102619381,NA,"Belgium",FALSE,"China",FALSE
3094,"ZHANG","Qingying","CHN","2023 52nd FIG Artistic Gymnastics World Championships","qual","Antwerp, Belgium",13.266,11.066,14.1,NA,0.397031106329757,-0.591945625467771,1.7510362194162,NA,"Belgium",FALSE,"China",FALSE
3095,"ZHANG","Qingying","CHN","2023 52nd FIG Artistic Gymnastics World Championships","TeamFinal","Antwerp, Belgium",13.166,NA,13.266,NA,0.271992367954692,NA,1.13726759698684,NA,"Belgium",FALSE,"China",FALSE
3096,"ZHANG","Xinyi","CHN","2023 10th Senior Artistic Gymnastics Asian Championships","final","Singapore",NA,NA,13.133,NA,NA,NA,1.03938842818216,NA,"Singapore",FALSE,"China",FALSE
3097,"ZHANG","Xinyi","CHN","2023 10th Senior Artistic Gymnastics Asian Championships","qual","Singapore",NA,13.633,13.866,12.133,NA,1.00420688482199,1.57882775700796,0.00743440895430216,"Singapore",FALSE,"China",FALSE
3098,"ZHANG","Xinyi","CHN","HANGZHOU 2022 19th Asian Games","final","Hangzhou, China",NA,NA,NA,11.733,NA,NA,NA,-0.362004468496268,"China",FALSE,"China",TRUE
3099,"ZHANG","Xinyi","CHN","HANGZHOU 2022 19th Asian Games","qual","Hangzhou, China",NA,13.533,12.5,13.2,NA,0.942027199964578,0.573542459359882,0.992912614553703,"China",FALSE,"China",TRUE
3100,"ZHOU","Alicia","USA","2023 Core Hydration Classic","AAfinal","Hoffman Estates, Illinois",13.15,13.75,12.85,13,0.251986169814681,1.07695711610516,0.831119219372201,0.808193175828418,"Illinois",TRUE,"United States",FALSE
3101,"ZHOU","Alicia","USA","2023 U.S. Championships","final","San Jose, CA",13.4,13.6,12.85,12.9,0.564583015752344,0.983687588819044,0.831119219372201,0.715833456465775,"California",TRUE,"United States",FALSE
3102,"ZHOU","Alicia","USA","2023 U.S. Championships","qual","San Jose, CA",13.2,13.8,12.6,12.7,0.314505539002213,1.10804695853387,0.647135819363401,0.531114017740488,"California",TRUE,"United States",FALSE
3103,"ZHOU","Alicia","USA","2023 Winter Cup","AAfinal","Louisville, Kentucky",12.9,12.85,12.1,12.55,-0.0606106761229817,0.517339952388455,0.279169019345802,0.392574438696525,"Kentucky",TRUE,"United States",FALSE
3104,"ZHOU","Yaqin","CHN","2023 52nd FIG Artistic Gymnastics World Championships","final","Antwerp, Belgium",NA,NA,14.7,13.3,NA,NA,2.19259637943732,1.08527233391635,"Belgium",FALSE,"China",FALSE
3105,"ZHOU","Yaqin","CHN","2023 52nd FIG Artistic Gymnastics World Championships","qual","Antwerp, Belgium",12.933,NA,14.5,13.766,-0.0193478924592108,NA,2.04540965943028,1.51566862614626,"Belgium",FALSE,"China",FALSE
3106,"ZHOU","Yaqin","CHN","2023 52nd FIG Artistic Gymnastics World Championships","TeamFinal","Antwerp, Belgium",12.833,NA,14.533,13.833,-0.144386630834276,NA,2.06969546823144,1.57754963811923,"Belgium",FALSE,"China",FALSE
3107,"ZHU","Aiyu","GER","2022 Cottbus World Cup","final","Cottbus, Germany",NA,11.8,12.533,11.233,NA,-0.135546738614369,0.597828268161043,-0.823803065309483,"Germany",FALSE,"Germany",TRUE
3108,"ZHU","Aiyu","GER","2022 Cottbus World Cup","qual","Cottbus, Germany",NA,12.166,12.2,11.9,NA,0.0920309079637586,0.352762379349322,-0.207763737160655,"Germany",FALSE,"Germany",TRUE
3109,"ZHU","Aiyu","GER","2023 FISU World University Games","AAfinal","Chengdu, China",12.833,11.866,11.633,11.7,-0.144386630834276,-0.0945081466084774,-0.0645119718706354,-0.392483175885942,"China",FALSE,"Germany",FALSE
3110,"ZHU","Aiyu","GER","2023 FISU World University Games","qual","Chengdu, China",13.066,11.766,11.166,11.266,0.146953629579627,-0.156687831465889,-0.408192963087072,-0.793324357919813,"China",FALSE,"Germany",FALSE
3111,"ZIVADINOVIC","Kristina","SRB","2022 Koper World Challenge Cup","qual","Koper, Slovenia",NA,NA,10.8,11.45,NA,NA,-0.677544660699954,-0.623382474292549,"Slovenia",FALSE,"Serbia",FALSE
3112,"ZIVADINOVIC","Kristina","SRB","2022 Mersin World Challenge Cup","qual","Mersin, Turkey",NA,NA,8.7,11.35,NA,NA,-2.22300522077387,-0.715742193655192,"Turkey",FALSE,"Serbia",FALSE
3113,"ZIVADINOVIC","Kristina","SRB","2022 Osijek World Challenge Cup","qual","Osijek, Croatia",NA,NA,8.4,NA,NA,NA,-2.44378530078443,NA,"Croatia",FALSE,"Serbia",FALSE
3114,"ZIVADINOVIC","Kristina","SRB","2022 Varna World Challenge Cup","qual","Varna, Bulgaria",NA,NA,9.6,11.3,NA,NA,-1.56066498074219,-0.761922053336512,"Bulgaria",FALSE,"Serbia",FALSE
3115,"ZIVADINOVIC","Kristina","SRB","2023 Osijek World Challenge Cup","qual","Osijek, Croatia",NA,NA,9.566,11.333,NA,NA,-1.58568672314339,-0.731443345946841,"Croatia",FALSE,"Serbia",FALSE
3116,"ZIVADINOVIC","Kristina","SRB","2023 Varna World Challenge Cup","qual","Varna, Bulgaria",NA,NA,8.933,NA,NA,NA,-2.05153269196567,NA,"Bulgaria",FALSE,"Serbia",FALSE
3117,"ZLOBEC","Evandra","CAN","2023 Artistic Gymnastics Senior Pan American Championships","TeamFinal","Medellin, Colombia",12.433,NA,NA,12.333,-0.644541584334537,NA,NA,0.192153847679589,"Colombia",FALSE,"Canada",FALSE
3118,"ZLOBEC","Evandra","CAN","2023 Artistic Gymnastics Senior Pan American Championships","TeamQual","Medellin, Colombia",NA,12.667,NA,12.967,NA,0.403551129099392,NA,0.777714468438746,"Colombia",FALSE,"Canada",FALSE
3119,"ZLOBEC","Evandra","CAN","EnBW DTB Pokal Team Challenge 2023","qual","Stuttgart, Germany",11.45,11.2,11.2,12.65,-1.87367238256143,-0.50862484775884,-0.383171220685876,0.484934158059167,"Germany",FALSE,"Canada",FALSE
3120,"ZONNEVELD","Maya","CAN","BIRMINGHAM 2022 Commonwealth Games","qual","Birmingham, England",NA,10.55,NA,NA,NA,-0.912792799332017,NA,NA,"England",FALSE,"Canada",FALSE
3121,"ZUO","Tong","CHN","2023 10th Senior Artistic Gymnastics Asian Championships","final","Singapore",NA,13.9,NA,NA,NA,1.17022664339128,NA,NA,"Singapore",FALSE,"China",FALSE
3122,"ZUO","Tong","CHN","2023 10th Senior Artistic Gymnastics Asian Championships","qual","Singapore",NA,13.666,13.3,NA,NA,1.02472618082494,1.16228933938804,NA,"Singapore",FALSE,"China",FALSE
3123,"ZUO","Tong","CHN","HANGZHOU 2022 19th Asian Games","AAfinal","Hangzhou, China",12.833,13.733,13.833,13.166,-0.144386630834276,1.0663865696794,1.5545419482068,0.961510309970405,"China",FALSE,"China",TRUE
3124,"ZUO","Tong","CHN","HANGZHOU 2022 19th Asian Games","final","Hangzhou, China",NA,13.866,NA,NA,NA,1.14908555053976,NA,NA,"China",FALSE,"China",TRUE
3125,"ZUO","Tong","CHN","HANGZHOU 2022 19th Asian Games","qual","Hangzhou, China",NA,13.933,12.733,13.166,NA,1.19074593939423,0.745014988168083,0.961510309970405,"China",FALSE,"China",TRUE
3126,"ZWICKER","Christina","CRO","2022 Koper World Challenge Cup","qual","Koper, Slovenia",NA,11,NA,NA,NA,-0.632984217473664,NA,NA,"Slovenia",FALSE,"Croatia",FALSE
3127,"ZWICKER","Christina","CRO","2022 Varna World Challenge Cup","qual","Varna, Bulgaria",NA,10.35,12.1,10.9,NA,-1.03715216904684,0.279169019345802,-1.13136093078708,"Bulgaria",FALSE,"Croatia",FALSE
3128,"ZWICKER","Christina","CRO","2023 Osijek World Challenge Cup","final","Osijek, Croatia",NA,NA,12.666,NA,NA,NA,0.695707436965725,NA,"Croatia",FALSE,"Croatia",TRUE
3129,"ZWICKER","Christina","CRO","2023 Osijek World Challenge Cup","qual","Osijek, Croatia",NA,11.133,12.7,NA,NA,-0.550285236613307,0.720729179366921,NA,"Croatia",FALSE,"Croatia",TRUE
3130,"ZWICKER","Christina","CRO","2023 Senior European Championships","qual","Antalya, Turkey",11.5,12.433,11.4,10.633,-1.8111530133739,0.258050666533048,-0.235984500678836,-1.37796138148534,"Turkey",FALSE,"Croatia",FALSE
3131,"ZWICKER","Christina","CRO","2023 Tel Aviv World Challenge Cup","qual","Tel Aviv, Israel",NA,9.967,11.833,NA,NA,-1.27530036205073,0.0826747481364049,NA,"Israel",FALSE,"Croatia",FALSE
3132,"ZWICKER","Christina","CRO","2023 Varna World Challenge Cup","qual","Varna, Bulgaria",NA,8.2,11.8,NA,NA,-2.3740153934812,0.0583889393352438,NA,"Bulgaria",FALSE,"Croatia",FALSE
